name,detector type,wavelength units,central wavelength,pivot wavelength,effective wavelength,Vega mag,Vega flux,Vega Jy,AB mag,AB flux,AB Jy,ST mag,ST flux,ST Jy
2MASS_H,photon,AA,16513.665,16494.947,16386.026,24.86218,1.1353e-10,1030.4,23.49470,4.0005e-10,3630.8,21.10000,3.6308e-09,32952
2MASS_J,photon,AA,12408.376,12390.788,12282.551,23.76733,3.1122e-10,1593.8,22.87344,7.0896e-10,3630.8,21.10000,3.6308e-09,18594
2MASS_Ks,photon,AA,21655.839,21638.144,21521.418,25.92165,4.279e-11,668.28,24.08405,2.3248e-10,3630.8,21.10000,3.6308e-09,56705
CFHT_CFH12K_CFH7406,photon,AA,4888.664,4888.514,4891.329,20.91452,4.3072e-09,3433.4,20.85383,4.5548e-09,3630.8,21.10000,3.6308e-09,2894.2
CFHT_CFH12K_CFH7504,photon,AA,5037.756,5037.593,5036.966,20.83347,4.641e-09,3928.6,20.91906,4.2892e-09,3630.8,21.10000,3.6308e-09,3073.4
CFHT_MEGAPRIME_CFH7605,photon,AA,6584.131,6584.080,6586.220,21.87242,1.7825e-09,2577.5,21.50042,2.5109e-09,3630.8,21.10000,3.6308e-09,5250.1
CFHT_MEGAPRIME_CFH7701,photon,AA,7777.761,7777.546,7776.431,22.26960,1.2364e-09,2494.7,21.86216,1.7994e-09,3630.8,21.10000,3.6308e-09,7326
CFHT_MEGAPRIME_CFH7803,photon,AA,8120.543,8120.356,8119.333,22.41563,1.0808e-09,2377.3,21.95582,1.6507e-09,3630.8,21.10000,3.6308e-09,7986
CFHT_MEGAPRIME_CFH9301,photon,AA,3751.495,3743.534,3832.257,20.74720,5.0248e-09,2348.9,20.27436,7.7671e-09,3630.8,21.10000,3.6308e-09,1697.2
CFHT_MEGAPRIME_CFH9401,photon,AA,4857.163,4837.610,4758.859,20.73576,5.078e-09,3964,20.83110,4.6511e-09,3630.8,21.10000,3.6308e-09,2834.3
CFHT_MEGAPRIME_CFH9601,photon,AA,6273.303,6262.157,6203.983,21.54954,2.3998e-09,3139.1,21.39157,2.7757e-09,3630.8,21.10000,3.6308e-09,4749.3
CFHT_MEGAPRIME_CFH9701,photon,AA,7761.463,7748.532,7680.130,22.25068,1.2581e-09,2519.7,21.85405,1.8129e-09,3630.8,21.10000,3.6308e-09,7271.4
CFHT_MEGAPRIME_CFH9702,photon,AA,7552.456,7538.442,7467.314,22.15632,1.3724e-09,2601.4,21.79436,1.9154e-09,3630.8,21.10000,3.6308e-09,6882.4
CFHT_MEGAPRIME_CFH9801,photon,AA,10140.025,10081.085,9806.089,23.03238,6.1242e-10,2076.1,22.42548,1.071e-09,3630.8,21.10000,3.6308e-09,12308
CFHT_WIRCAM_CFH8002,photon,AA,10258.798,10253.033,10221.172,23.06775,5.9279e-10,2078.7,22.46221,1.0354e-09,3630.8,21.10000,3.6308e-09,12732
CFHT_WIRCAM_CFH8101,photon,AA,12544.575,12535.955,12481.454,23.81821,2.9697e-10,1556.7,22.89874,6.9264e-10,3630.8,21.10000,3.6308e-09,19032
CFHT_WIRCAM_CFH8102,photon,AA,11892.282,11892.217,11891.784,23.61305,3.5874e-10,1692.3,22.78426,7.6965e-10,3630.8,21.10000,3.6308e-09,17128
CFHT_WIRCAM_CFH8103,photon,AA,12539.775,12531.357,12477.935,23.81703,2.973e-10,1557.3,22.89794,6.9315e-10,3630.8,21.10000,3.6308e-09,19018
CFHT_WIRCAM_CFH8104,photon,AA,10628.757,10628.698,10628.316,23.18804,5.3062e-10,1999.5,22.54035,9.6352e-10,3630.8,21.10000,3.6308e-09,13682
CFHT_WIRCAM_CFH8201,photon,AA,16309.536,16287.360,16157.567,24.81283,1.1881e-10,1051.4,23.46720,4.1032e-10,3630.8,21.10000,3.6308e-09,32128
CFHT_WIRCAM_CFH8202,photon,AA,16368.727,16346.781,16218.683,24.82653,1.1732e-10,1045.8,23.47511,4.0734e-10,3630.8,21.10000,3.6308e-09,32363
CFHT_WIRCAM_CFH8203,photon,AA,16918.976,16915.866,16896.584,24.96218,1.0354e-10,988.32,23.54942,3.8039e-10,3630.8,21.10000,3.6308e-09,34655
CFHT_WIRCAM_CFH8204,photon,AA,15892.062,15889.209,15872.816,24.73287,1.279e-10,1077.1,23.41346,4.3114e-10,3630.8,21.10000,3.6308e-09,30576
CFHT_WIRCAM_CFH8301,photon,AA,21518.558,21497.169,21357.648,25.89306,4.3931e-11,677.2,24.06985,2.3554e-10,3630.8,21.10000,3.6308e-09,55968
CFHT_WIRCAM_CFH8302,photon,AA,21497.446,21476.278,21337.705,25.88913,4.4091e-11,678.34,24.06774,2.3599e-10,3630.8,21.10000,3.6308e-09,55860
CFHT_WIRCAM_CFH8303,photon,AA,22245.679,22245.409,22243.617,26.03514,3.8543e-11,636.22,24.14415,2.1996e-10,3630.8,21.10000,3.6308e-09,59932
CFHT_WIRCAM_CFH8304,photon,AA,21300.219,21299.968,21296.060,25.85920,4.5323e-11,685.9,24.04984,2.3992e-10,3630.8,21.10000,3.6308e-09,54946
CFHT_WIRCAM_CFH8305,photon,AA,21719.874,21719.612,21719.882,25.98140,4.0499e-11,637.27,24.09221,2.3074e-10,3630.8,21.10000,3.6308e-09,57133
GALEX_FUV,photon,AA,1539.858,1536.405,1543.876,20.46601,6.5102e-09,512.61,18.34048,4.6112e-08,3630.8,21.10000,3.6308e-09,285.88
GALEX_NUV,photon,AA,2313.892,2299.245,2272.612,20.87808,4.4542e-09,785.45,19.21587,2.059e-08,3630.8,21.10000,3.6308e-09,640.25
GROUND_BESSELL_H,energy,AA,16470.918,16402.823,16314.950,24.83923,1.1596e-10,1040.7,23.48254,4.0456e-10,3630.8,21.10000,3.6308e-09,32585
GROUND_BESSELL_J,energy,AA,12369.874,12303.169,12211.948,23.74161,3.1868e-10,1609.1,22.85803,7.191e-10,3630.8,21.10000,3.6308e-09,18332
GROUND_BESSELL_K,energy,AA,22122.139,22027.455,21887.303,25.98930,4.0205e-11,650.71,24.12277,2.2433e-10,3630.8,21.10000,3.6308e-09,58764
GROUND_COUSINS_I,energy,AA,7900.363,7872.624,7841.777,22.30672,1.1948e-09,2470.2,21.88855,1.7562e-09,3630.8,21.10000,3.6308e-09,7506.2
GROUND_COUSINS_R,energy,AA,6555.370,6471.152,6389.949,21.64642,2.195e-09,3066,21.46286,2.5993e-09,3630.8,21.10000,3.6308e-09,5071.6
GROUND_JOHNSON_B,energy,AA,4347.526,4296.702,4316.313,20.51217,6.2393e-09,3842.2,20.57362,5.8959e-09,3630.8,21.10000,3.6308e-09,2235.9
GROUND_JOHNSON_U,energy,AA,3651.963,3634.688,3709.279,20.94618,4.1834e-09,1843.5,20.21028,8.2392e-09,3630.8,21.10000,3.6308e-09,1600
GROUND_JOHNSON_V,energy,AA,5504.666,5469.853,5438.690,21.09910,3.6338e-09,3626.5,21.09783,3.6381e-09,3630.8,21.10000,3.6308e-09,3623.5
GaiaDR2_BP,photon,nm,513.111,505.152,489.209,20.98173,4.0486e-09,3446.1,20.92506,4.2656e-09,3630.8,21.10000,3.6308e-09,3090.5
GaiaDR2_G,photon,nm,640.621,623.159,555.818,21.51011,2.4886e-09,3223.5,21.38094,2.803e-09,3630.8,21.10000,3.6308e-09,4703
GaiaDR2_RP,photon,nm,777.732,772.597,749.982,22.21978,1.2945e-09,2577.4,21.84771,1.8235e-09,3630.8,21.10000,3.6308e-09,7229.1
GaiaDR2_weiler_BPbright,photon,nm,516.469,509.180,491.288,20.97403,4.0775e-09,3526.2,20.94230,4.1983e-09,3630.8,21.10000,3.6308e-09,3139.9
GaiaDR2_weiler_BPfaint,photon,nm,511.777,503.849,485.197,20.96004,4.1303e-09,3497.6,20.91945,4.2876e-09,3630.8,21.10000,3.6308e-09,3074.5
GaiaDR2_weiler_G,photon,nm,639.736,622.878,555.060,21.49910,2.514e-09,3253.5,21.37996,2.8055e-09,3630.8,21.10000,3.6308e-09,4698.8
GaiaDR2_weiler_RP,photon,nm,783.046,777.495,752.320,22.23660,1.2746e-09,2570,21.86144,1.8006e-09,3630.8,21.10000,3.6308e-09,7321.1
GaiaDR2v2_BP,photon,nm,512.897,504.862,489.534,20.98536,4.0351e-09,3430.7,20.92381,4.2705e-09,3630.8,21.10000,3.6308e-09,3086.9
GaiaDR2v2_G,photon,nm,642.493,624.676,554.565,21.50742,2.4948e-09,3247.3,21.38622,2.7894e-09,3630.8,21.10000,3.6308e-09,4726
GaiaDR2v2_RP,photon,nm,779.919,774.087,748.140,22.22051,1.2936e-09,2585.6,21.85190,1.8165e-09,3630.8,21.10000,3.6308e-09,7257
Gaia_BP,photon,nm,520.126,513.385,493.855,20.97231,4.0839e-09,3590.4,20.96016,4.1299e-09,3630.8,21.10000,3.6308e-09,3192
Gaia_G,photon,nm,641.860,625.621,559.216,21.50762,2.4943e-09,3256.5,21.38950,2.781e-09,3630.8,21.10000,3.6308e-09,4740.3
Gaia_MAW_BP_bright,photon,nanometer,518.864,511.715,492.384,20.97522,4.073e-09,3557.5,20.95309,4.1568e-09,3630.8,21.10000,3.6308e-09,3171.3
Gaia_MAW_BP_faint,photon,nanometer,511.655,503.740,485.596,20.96267,4.1203e-09,3487.6,20.91898,4.2895e-09,3630.8,21.10000,3.6308e-09,3073.2
Gaia_MAW_G,photon,nanometer,639.774,622.936,556.322,21.50539,2.4994e-09,3235.3,21.38017,2.805e-09,3630.8,21.10000,3.6308e-09,4699.7
Gaia_MAW_RP,photon,nanometer,781.130,775.207,748.923,22.22439,1.289e-09,2583.8,21.85504,1.8113e-09,3630.8,21.10000,3.6308e-09,7278
Gaia_RP,photon,nm,788.915,783.598,760.126,22.26331,1.2436e-09,2547.1,21.87841,1.7727e-09,3630.8,21.10000,3.6308e-09,7436.5
Gaia_rvs,photon,nm,860.375,860.334,859.988,22.62277,8.9308e-10,2205,22.08128,1.4706e-09,3630.8,21.10000,3.6308e-09,8964.2
HERSCHEL_PACS_BLUE,photon,AA,719334.161,715414.931,689247.165,40.82295,4.6862e-17,0.80005,31.68074,2.1267e-13,3630.8,21.10000,3.6308e-09,6.1986e+07
HERSCHEL_PACS_GREEN,photon,AA,1026174.164,1020073.134,979035.183,42.36815,1.1291e-17,0.3919,32.45110,1.0461e-13,3630.8,21.10000,3.6308e-09,1.2602e+08
HERSCHEL_PACS_RED,photon,AA,1671354.805,1653561.821,1539440.214,44.44140,1.6728e-18,0.15257,33.50005,3.9809e-14,3630.8,21.10000,3.6308e-09,3.3115e+08
HERSCHEL_SPIRE_PLW,photon,AA,5116044.871,5078435.227,nan,nan,0,0,35.93660,4.2205e-15,3630.8,21.10000,3.6308e-09,3.1235e+09
HERSCHEL_SPIRE_PLW_EXT,photon,AA,5266019.933,5228537.901,nan,nan,0,0,35.99985,3.9816e-15,3630.8,21.10000,3.6308e-09,3.3109e+09
HERSCHEL_SPIRE_PMW,photon,AA,3528320.433,3513680.785,2945575.999,47.06958,1.4865e-19,0.061217,35.13676,8.8165e-15,3630.8,21.10000,3.6308e-09,1.4952e+09
HERSCHEL_SPIRE_PSW,photon,AA,2515000.130,2504291.502,2428024.383,46.31313,2.9837e-19,0.062416,34.40137,1.7356e-14,3630.8,21.10000,3.6308e-09,7.5954e+08
HERSCHEL_SPIRE_PSW_EXT,photon,AA,2556459.010,2546211.106,2470949.625,46.38731,2.7866e-19,0.060262,34.43742,1.6789e-14,3630.8,21.10000,3.6308e-09,7.8518e+08
HST_ACS_HRC_F220W,photon,AA,2264.293,2255.303,2238.980,20.85275,4.5593e-09,773.55,19.17397,2.14e-08,3630.8,21.10000,3.6308e-09,616.01
HST_ACS_HRC_F250W,photon,AA,2727.105,2715.822,2715.985,21.06891,3.7362e-09,919.21,19.57745,1.4758e-08,3630.8,21.10000,3.6308e-09,893.27
HST_ACS_HRC_F330W,photon,AA,3367.188,3362.711,3359.148,21.21854,3.2552e-09,1227.8,20.04140,9.6259e-09,3630.8,21.10000,3.6308e-09,1369.5
HST_ACS_HRC_F344N,photon,AA,3433.651,3433.574,3433.526,21.23272,3.213e-09,1263.5,20.08668,9.2327e-09,3630.8,21.10000,3.6308e-09,1427.8
HST_ACS_HRC_F435W,photon,AA,4321.986,4311.005,4312.154,20.48731,6.3837e-09,3957.4,20.58084,5.8568e-09,3630.8,21.10000,3.6308e-09,2250.8
HST_ACS_HRC_F475W,photon,AA,4794.011,4775.753,4702.804,20.70377,5.2299e-09,3978.8,20.80316,4.7724e-09,3630.8,21.10000,3.6308e-09,2762.3
HST_ACS_HRC_F502N,photon,AA,5022.976,5022.864,5022.651,20.82361,4.6833e-09,3941.3,20.91271,4.3144e-09,3630.8,21.10000,3.6308e-09,3055.5
HST_ACS_HRC_F550M,photon,AA,5582.307,5579.838,5568.383,21.16513,3.4194e-09,3551.1,21.14106,3.496e-09,3630.8,21.10000,3.6308e-09,3770.7
HST_ACS_HRC_F555W,photon,AA,5368.001,5355.962,5303.722,21.04222,3.8292e-09,3664.1,21.05214,3.7944e-09,3630.8,21.10000,3.6308e-09,3474.2
HST_ACS_HRC_F606W,photon,AA,5926.128,5887.961,5704.956,21.33702,2.9187e-09,3375.2,21.25777,3.1397e-09,3630.8,21.10000,3.6308e-09,4198.6
HST_ACS_HRC_F625W,photon,AA,6309.239,6295.532,6223.068,21.56326,2.3697e-09,3132.8,21.40311,2.7463e-09,3630.8,21.10000,3.6308e-09,4800
HST_ACS_HRC_F658N,photon,AA,6583.779,6583.561,6585.366,21.87677,1.7754e-09,2566.8,21.50025,2.5113e-09,3630.8,21.10000,3.6308e-09,5249.3
HST_ACS_HRC_F660N,photon,AA,6599.248,6599.052,6599.546,21.78419,1.9334e-09,2808.5,21.50536,2.4995e-09,3630.8,21.10000,3.6308e-09,5274
HST_ACS_HRC_F775W,photon,AA,7677.472,7665.099,7600.812,22.21392,1.3015e-09,2550.6,21.83054,1.8526e-09,3630.8,21.10000,3.6308e-09,7115.7
HST_ACS_HRC_F814W,photon,AA,8146.933,8115.329,7974.258,22.37992,1.1169e-09,2453.7,21.95448,1.6528e-09,3630.8,21.10000,3.6308e-09,7976.1
HST_ACS_HRC_F850LP,photon,AA,9161.579,9145.236,9087.761,22.73539,8.0509e-10,2246,22.21392,1.3015e-09,3630.8,21.10000,3.6308e-09,10129
HST_ACS_HRC_F892N,photon,AA,8916.652,8916.510,8918.337,22.64639,8.7387e-10,2317.5,22.15892,1.3691e-09,3630.8,21.10000,3.6308e-09,9628.7
HST_ACS_WFC_F435W,photon,AA,4327.293,4317.414,4313.631,20.47537,6.4543e-09,4013.1,20.58407,5.8395e-09,3630.8,21.10000,3.6308e-09,2257.5
HST_ACS_WFC_F475W,photon,AA,4763.044,4744.364,4670.598,20.68526,5.3198e-09,3994.2,20.78884,4.8358e-09,3630.8,21.10000,3.6308e-09,2726.1
HST_ACS_WFC_F502N,photon,AA,5023.049,5022.970,5022.704,20.82357,4.6835e-09,3941.6,20.91275,4.3142e-09,3630.8,21.10000,3.6308e-09,3055.6
HST_ACS_WFC_F550M,photon,AA,5583.655,5581.236,5569.805,21.16588,3.417e-09,3550.5,21.14160,3.4943e-09,3630.8,21.10000,3.6308e-09,3772.6
HST_ACS_WFC_F555W,photon,AA,5371.780,5359.569,5306.472,21.04432,3.8218e-09,3661.9,21.05360,3.7893e-09,3630.8,21.10000,3.6308e-09,3478.9
HST_ACS_WFC_F606W,photon,AA,5956.272,5917.682,5731.021,21.35321,2.8755e-09,3358.9,21.26871,3.1083e-09,3630.8,21.10000,3.6308e-09,4241.1
HST_ACS_WFC_F625W,photon,AA,6324.125,6310.463,6238.035,21.57133,2.3522e-09,3124.4,21.40825,2.7334e-09,3630.8,21.10000,3.6308e-09,4822.8
HST_ACS_WFC_F658N,photon,AA,6584.003,6583.910,6585.829,21.87668,1.7755e-09,2567.3,21.50037,2.511e-09,3630.8,21.10000,3.6308e-09,5249.9
HST_ACS_WFC_F660N,photon,AA,6599.449,6599.401,6599.731,21.78412,1.9335e-09,2808.9,21.50547,2.4993e-09,3630.8,21.10000,3.6308e-09,5274.6
HST_ACS_WFC_F775W,photon,AA,7705.440,7693.026,7628.121,22.22629,1.2867e-09,2540.1,21.83843,1.8392e-09,3630.8,21.10000,3.6308e-09,7167.6
HST_ACS_WFC_F814W,photon,AA,8087.369,8059.772,7934.713,22.36316,1.1343e-09,2457.9,21.93956,1.6756e-09,3630.8,21.10000,3.6308e-09,7867.3
HST_ACS_WFC_F850LP,photon,AA,9071.565,9054.795,8997.074,22.71289,8.2195e-10,2247.9,22.19234,1.3276e-09,3630.8,21.10000,3.6308e-09,9929.7
HST_ACS_WFC_F892N,photon,AA,8915.093,8914.870,8915.858,22.64740,8.7306e-10,2314.5,22.15852,1.3696e-09,3630.8,21.10000,3.6308e-09,9625.2
HST_NIC2_F110W,photon,AA,11387.896,11263.781,10598.260,23.39800,4.3732e-10,1850.7,22.66637,8.5793e-10,3630.8,21.10000,3.6308e-09,15366
HST_NIC2_F160W,photon,AA,16120.211,16077.597,15821.981,24.75345,1.2549e-10,1082,23.43905,4.2109e-10,3630.8,21.10000,3.6308e-09,31306
HST_NIC2_F205W,photon,AA,20404.117,20323.591,19824.745,25.65355,5.4775e-11,754.67,23.94795,2.6352e-10,3630.8,21.10000,3.6308e-09,50024
HST_NIC3_F108N,photon,AA,10799.558,10799.444,10798.331,23.25217,5.0019e-10,1945.9,22.57496,9.3329e-10,3630.8,21.10000,3.6308e-09,14125
HST_NIC3_F110W,photon,AA,11031.924,10898.356,10230.571,23.28501,4.8528e-10,1922.6,22.59475,9.1643e-10,3630.8,21.10000,3.6308e-09,14385
HST_NIC3_F113N,photon,AA,11283.723,11283.626,11283.005,23.41712,4.2969e-10,1824.9,22.67019,8.5492e-10,3630.8,21.10000,3.6308e-09,15420
HST_NIC3_F150W,photon,AA,15066.644,14884.411,13818.077,24.40446,1.7307e-10,1279,23.27161,4.9131e-10,3630.8,21.10000,3.6308e-09,26831
HST_NIC3_F160W,photon,AA,15947.108,15904.514,15652.855,24.71269,1.3029e-10,1099.4,23.41555,4.3031e-10,3630.8,21.10000,3.6308e-09,30635
HST_NIC3_F164N,photon,AA,16459.892,16459.777,16461.670,24.88754,1.1091e-10,1002.3,23.49007,4.0177e-10,3630.8,21.10000,3.6308e-09,32812
HST_NIC3_F166N,photon,AA,16582.343,16582.237,16581.816,24.85416,1.1438e-10,1049.1,23.50616,3.9585e-10,3630.8,21.10000,3.6308e-09,33302
HST_NIC3_F175W,photon,AA,17507.431,17213.964,15528.577,24.93579,1.0609e-10,1048.6,23.58735,3.6733e-10,3630.8,21.10000,3.6308e-09,35887
HST_NIC3_F187N,photon,AA,18748.058,18747.933,18746.605,25.41003,6.8547e-11,803.66,23.77272,3.0968e-10,3630.8,21.10000,3.6308e-09,42568
HST_NIC3_F190N,photon,AA,19003.434,19003.329,19002.477,25.39700,6.9375e-11,835.68,23.80210,3.0141e-10,3630.8,21.10000,3.6308e-09,43736
HST_NIC3_F196N,photon,AA,19638.566,19638.412,19638.571,25.53411,6.1144e-11,786.59,23.87348,2.8223e-10,3630.8,21.10000,3.6308e-09,46708
HST_NIC3_F200N,photon,AA,19973.909,19973.726,19973.053,25.59617,5.7747e-11,768.47,23.91024,2.7284e-10,3630.8,21.10000,3.6308e-09,48317
HST_NIC3_F205M,photon,AA,20484.358,20430.689,20099.897,25.68427,5.3247e-11,741.38,23.95936,2.6077e-10,3630.8,21.10000,3.6308e-09,50553
HST_NIC3_F212N,photon,AA,21213.225,21213.026,21212.793,25.84266,4.6019e-11,690.75,24.04096,2.4189e-10,3630.8,21.10000,3.6308e-09,54498
HST_NIC3_F215N,photon,AA,21487.025,21486.865,21485.306,25.90231,4.3559e-11,670.81,24.06881,2.3576e-10,3630.8,21.10000,3.6308e-09,55915
HST_NIC3_F222M,photon,AA,22164.144,22158.276,22124.341,26.02730,3.8822e-11,635.81,24.13563,2.2169e-10,3630.8,21.10000,3.6308e-09,59464
HST_NIC3_F240M,photon,AA,23976.743,23969.074,23918.959,26.33671,2.9195e-11,559.5,24.30620,1.8946e-10,3630.8,21.10000,3.6308e-09,69580
HST_WFC3_F098M,photon,AA,9848.310,9835.126,9772.440,22.93028,6.728e-10,2170.8,22.37185,1.1253e-09,3630.8,21.10000,3.6308e-09,11715
HST_WFC3_F105W,photon,AA,10932.107,10804.376,10350.336,23.22868,5.1112e-10,1990.2,22.57595,9.3244e-10,3630.8,21.10000,3.6308e-09,14138
HST_WFC3_F110W,photon,AA,11672.359,11549.685,10937.076,23.47274,4.0823e-10,1816.4,22.72080,8.1598e-10,3630.8,21.10000,3.6308e-09,16155
HST_WFC3_F125W,photon,AA,12492.676,12462.069,12279.219,23.78350,3.0662e-10,1588.4,22.88590,7.0087e-10,3630.8,21.10000,3.6308e-09,18809
HST_WFC3_F126N,photon,AA,17480.118,17123.233,14666.073,24.87418,1.1229e-10,1098.2,23.57588,3.7124e-10,3630.8,21.10000,3.6308e-09,35510
HST_WFC3_F127M,photon,AA,15862.689,15519.376,13788.489,24.52516,1.5486e-10,1244.1,23.36232,4.5193e-10,3630.8,21.10000,3.6308e-09,29169
HST_WFC3_F128N,photon,AA,17470.378,17142.169,14974.185,24.93291,1.0637e-10,1042.7,23.57828,3.7042e-10,3630.8,21.10000,3.6308e-09,35589
HST_WFC3_F130N,photon,AA,17102.509,16761.080,14772.333,24.80308,1.1989e-10,1123.4,23.52946,3.8745e-10,3630.8,21.10000,3.6308e-09,34024
HST_WFC3_F132N,photon,AA,16494.387,16170.160,14457.532,24.67238,1.3522e-10,1179.4,23.45152,4.1629e-10,3630.8,21.10000,3.6308e-09,31667
HST_WFC3_F139M,photon,AA,13969.601,13935.204,13721.639,24.20885,2.0723e-10,1342.4,23.12851,5.6052e-10,3630.8,21.10000,3.6308e-09,23518
HST_WFC3_F140W,photon,AA,13971.167,13923.744,13638.428,24.20277,2.084e-10,1347.7,23.12673,5.6145e-10,3630.8,21.10000,3.6308e-09,23480
HST_WFC3_F153M,photon,AA,16124.386,16011.334,15152.336,24.72041,1.2937e-10,1106.3,23.43009,4.2459e-10,3630.8,21.10000,3.6308e-09,31048
HST_WFC3_F160W,photon,AA,15432.738,15409.292,15259.791,24.60238,1.4423e-10,1142.3,23.34686,4.5841e-10,3630.8,21.10000,3.6308e-09,28757
HST_WFC3_F164N,photon,AA,17278.477,17181.331,16287.110,25.00584,9.9464e-11,979.4,23.58323,3.6873e-10,3630.8,21.10000,3.6308e-09,35751
HST_WFC3_F167N,photon,AA,16896.495,16840.453,16186.015,24.89313,1.1034e-10,1043.8,23.53972,3.8381e-10,3630.8,21.10000,3.6308e-09,34347
HST_WFC3_F200LP,photon,AA,6343.249,5680.797,4792.181,21.70645,2.0769e-09,2235.7,21.17999,3.3729e-09,3630.8,21.10000,3.6308e-09,3908.4
HST_WFC3_F218W,photon,AA,2189.287,2184.605,2175.986,20.79587,4.8045e-09,764.85,19.10481,2.2807e-08,3630.8,21.10000,3.6308e-09,578
HST_WFC3_F225W,photon,AA,2350.342,2341.720,2326.867,20.91549,4.3033e-09,787.14,19.25562,1.985e-08,3630.8,21.10000,3.6308e-09,664.12
HST_WFC3_F275W,photon,AA,2722.057,2716.876,2717.333,21.06908,3.7356e-09,919.78,19.57830,1.4746e-08,3630.8,21.10000,3.6308e-09,893.96
HST_WFC3_F280N,photon,AA,2855.002,2838.493,2868.178,21.11137,3.593e-09,965.62,19.67339,1.351e-08,3630.8,21.10000,3.6308e-09,975.79
HST_WFC3_F300X,photon,AA,2851.038,2830.991,2843.402,21.07896,3.7018e-09,989.63,19.66764,1.3581e-08,3630.8,21.10000,3.6308e-09,970.64
HST_WFC3_F336W,photon,AA,3366.004,3362.128,3359.214,21.21896,3.254e-09,1226.9,20.04102,9.6292e-09,3630.8,21.10000,3.6308e-09,1369
HST_WFC3_F343N,photon,AA,3440.265,3439.093,3438.236,21.23927,3.1937e-09,1260,20.09017,9.2031e-09,3630.8,21.10000,3.6308e-09,1432.4
HST_WFC3_F350LP,photon,AA,7187.199,6814.098,5616.015,21.81709,1.8757e-09,2905.1,21.57499,2.3443e-09,3630.8,21.10000,3.6308e-09,5623.4
HST_WFC3_F373N,photon,AA,3730.153,3730.102,3731.284,21.15882,3.4393e-09,1596.2,20.26655,7.8231e-09,3630.8,21.10000,3.6308e-09,1685.1
HST_WFC3_F390M,photon,AA,3895.486,3894.920,3901.944,20.45500,6.5766e-09,3328,20.36044,7.175e-09,3630.8,21.10000,3.6308e-09,1837.3
HST_WFC3_F390W,photon,AA,3916.293,3905.756,3991.523,20.60486,5.7287e-09,2915.1,20.36647,7.1353e-09,3630.8,21.10000,3.6308e-09,1847.5
HST_WFC3_F395N,photon,AA,3954.910,3954.823,3952.091,20.36072,7.1732e-09,3742.3,20.39358,6.9593e-09,3630.8,21.10000,3.6308e-09,1894.2
HST_WFC3_F410M,photon,AA,4112.384,4110.849,4107.527,20.31303,7.4953e-09,4225,20.47761,6.4411e-09,3630.8,21.10000,3.6308e-09,2046.6
HST_WFC3_F438W,photon,AA,4324.442,4319.918,4308.497,20.42697,6.7486e-09,4200.9,20.58533,5.8327e-09,3630.8,21.10000,3.6308e-09,2260.1
HST_WFC3_F467M,photon,AA,4683.832,4683.052,4679.988,20.60058,5.7513e-09,4207.3,20.76059,4.9632e-09,3630.8,21.10000,3.6308e-09,2656.1
HST_WFC3_F469N,photon,AA,4688.123,4688.080,4687.978,20.60038,5.7524e-09,4217.1,20.76292,4.9526e-09,3630.8,21.10000,3.6308e-09,2661.8
HST_WFC3_F475W,photon,AA,4780.956,4761.979,4684.431,20.69300,5.282e-09,3995.3,20.79689,4.8001e-09,3630.8,21.10000,3.6308e-09,2746.3
HST_WFC3_F475X,photon,AA,4966.170,4918.554,4751.248,20.81384,4.7257e-09,3813.5,20.86714,4.4993e-09,3630.8,21.10000,3.6308e-09,2929.9
HST_WFC3_F487N,photon,AA,4871.399,4871.355,4873.185,21.02182,3.9019e-09,3088.5,20.84620,4.5869e-09,3630.8,21.10000,3.6308e-09,2873.9
HST_WFC3_F502N,photon,AA,5009.692,5009.624,5009.418,20.81454,4.7226e-09,3953.4,20.90697,4.3372e-09,3630.8,21.10000,3.6308e-09,3039.4
HST_WFC3_F547M,photon,AA,5452.513,5448.569,5429.306,21.08732,3.6734e-09,3637.6,21.08936,3.6665e-09,3630.8,21.10000,3.6308e-09,3595.4
HST_WFC3_F555W,photon,AA,5338.238,5311.384,5188.817,21.00668,3.9567e-09,3723.3,21.03399,3.8584e-09,3630.8,21.10000,3.6308e-09,3416.6
HST_WFC3_F600LP,photon,AA,8548.800,8427.403,7878.308,22.45540,1.0419e-09,2468.4,22.03642,1.5326e-09,3630.8,21.10000,3.6308e-09,8601.4
HST_WFC3_F606W,photon,AA,5946.743,5908.665,5728.066,21.35009,2.8838e-09,3358.3,21.26540,3.1178e-09,3630.8,21.10000,3.6308e-09,4228.2
HST_WFC3_F621M,photon,AA,6221.568,6218.725,6203.222,21.52258,2.4602e-09,3173.6,21.37646,2.8146e-09,3630.8,21.10000,3.6308e-09,4683.6
HST_WFC3_F625W,photon,AA,6272.481,6255.730,6168.593,21.53978,2.4215e-09,3161,21.38934,2.7814e-09,3630.8,21.10000,3.6308e-09,4739.5
HST_WFC3_F631N,photon,AA,6304.859,6304.692,6304.193,21.56403,2.368e-09,3139.7,21.40627,2.7384e-09,3630.8,21.10000,3.6308e-09,4814
HST_WFC3_F645N,photon,AA,6454.063,6453.914,6453.263,21.64660,2.1946e-09,3049.2,21.45706,2.6132e-09,3630.8,21.10000,3.6308e-09,5044.6
HST_WFC3_F656N,photon,AA,6561.556,6561.481,6560.052,22.11303,1.4282e-09,2051,21.49296,2.5282e-09,3630.8,21.10000,3.6308e-09,5214.1
HST_WFC3_F657N,photon,AA,6567.079,6566.955,6566.566,21.82022,1.8703e-09,2690.4,21.49477,2.524e-09,3630.8,21.10000,3.6308e-09,5222.8
HST_WFC3_F658N,photon,AA,6587.009,6585.691,6584.227,21.86293,1.7982e-09,2601.4,21.50095,2.5097e-09,3630.8,21.10000,3.6308e-09,5252.7
HST_WFC3_F665N,photon,AA,6656.383,6656.256,6656.489,21.76052,1.976e-09,2920.3,21.52410,2.4567e-09,3630.8,21.10000,3.6308e-09,5365.9
HST_WFC3_F673N,photon,AA,6766.402,6766.289,6765.731,21.79857,1.908e-09,2913.7,21.55970,2.3775e-09,3630.8,21.10000,3.6308e-09,5544.7
HST_WFC3_F680N,photon,AA,6881.439,6880.530,6875.895,21.85383,1.8133e-09,2863.5,21.59606,2.2992e-09,3630.8,21.10000,3.6308e-09,5733.5
HST_WFC3_F689M,photon,AA,6891.077,6887.923,6877.325,21.87567,1.7772e-09,2812.5,21.59839,2.2943e-09,3630.8,21.10000,3.6308e-09,5745.9
HST_WFC3_F763M,photon,AA,7641.915,7638.412,7619.905,22.20575,1.3113e-09,2552,21.82296,1.8656e-09,3630.8,21.10000,3.6308e-09,7066.2
HST_WFC3_F775W,photon,AA,7747.186,7735.114,7671.518,22.24473,1.265e-09,2524.8,21.85028,1.8192e-09,3630.8,21.10000,3.6308e-09,7246.2
HST_WFC3_F814W,photon,AA,8339.737,8306.966,8160.697,22.45014,1.047e-09,2409.9,22.00516,1.5774e-09,3630.8,21.10000,3.6308e-09,8357.3
HST_WFC3_F845M,photon,AA,8475.251,8471.207,8453.158,22.55109,9.5404e-10,2283.7,22.04767,1.5168e-09,3630.8,21.10000,3.6308e-09,8691
HST_WFC3_F850LP,photon,AA,9785.556,9759.340,9641.099,22.92406,6.7667e-10,2149.8,22.35505,1.1428e-09,3630.8,21.10000,3.6308e-09,11535
HST_WFC3_F953N,photon,AA,9532.926,9532.870,9530.795,22.92040,6.7895e-10,2058.1,22.30407,1.1978e-09,3630.8,21.10000,3.6308e-09,11006
HST_WFC3_FQ232N,photon,AA,2522.677,2469.052,2440.727,20.99433,4.0019e-09,813.78,19.37060,1.7855e-08,3630.8,21.10000,3.6308e-09,738.31
HST_WFC3_FQ243N,photon,AA,2531.807,2502.415,2494.878,21.04009,3.8367e-09,801.42,19.39975,1.7382e-08,3630.8,21.10000,3.6308e-09,758.4
HST_WFC3_FQ378N,photon,AA,3792.163,3792.024,3796.448,20.78020,4.8744e-09,2338,20.30230,7.5697e-09,3630.8,21.10000,3.6308e-09,1741.5
HST_WFC3_FQ387N,photon,AA,3873.579,3873.554,3871.278,20.42112,6.785e-09,3395.9,20.34850,7.2544e-09,3630.8,21.10000,3.6308e-09,1817.2
HST_WFC3_FQ422M,photon,AA,4219.105,4218.933,4218.131,20.28622,7.6827e-09,4561.4,20.53396,6.1153e-09,3630.8,21.10000,3.6308e-09,2155.7
HST_WFC3_FQ436N,photon,AA,4367.173,4367.113,4369.131,20.56654,5.9345e-09,3775.3,20.60892,5.7073e-09,3630.8,21.10000,3.6308e-09,2309.8
HST_WFC3_FQ437N,photon,AA,4371.176,4371.083,4371.595,20.48851,6.3767e-09,4064,20.61089,5.697e-09,3630.8,21.10000,3.6308e-09,2314
HST_WFC3_FQ492N,photon,AA,4933.521,4933.398,4934.297,20.80210,4.777e-09,3878.2,20.87368,4.4723e-09,3630.8,21.10000,3.6308e-09,2947.6
HST_WFC3_FQ508N,photon,AA,5091.245,5091.070,5090.332,20.86503,4.508e-09,3897.5,20.94199,4.1995e-09,3630.8,21.10000,3.6308e-09,3139
HST_WFC3_FQ575N,photon,AA,5758.798,5758.472,5757.491,21.26659,3.1143e-09,3444.8,21.20948,3.2825e-09,3630.8,21.10000,3.6308e-09,4016
HST_WFC3_FQ619N,photon,AA,6199.053,6198.885,6198.282,21.50813,2.4931e-09,3195.6,21.36952,2.8327e-09,3630.8,21.10000,3.6308e-09,4653.8
HST_WFC3_FQ634N,photon,AA,6349.625,6349.462,6348.863,21.59021,2.3116e-09,3108.6,21.42163,2.6999e-09,3630.8,21.10000,3.6308e-09,4882.6
HST_WFC3_FQ672N,photon,AA,6716.968,6716.682,6715.975,21.77521,1.9495e-09,2933.6,21.54372,2.4127e-09,3630.8,21.10000,3.6308e-09,5463.7
HST_WFC3_FQ674N,photon,AA,6731.471,6731.361,6731.384,21.78238,1.9366e-09,2927.1,21.54846,2.4022e-09,3630.8,21.10000,3.6308e-09,5487.6
HST_WFC3_FQ727N,photon,AA,7275.712,7275.551,7274.679,22.04158,1.5253e-09,2693.3,21.71728,2.0563e-09,3630.8,21.10000,3.6308e-09,6410.8
HST_WFC3_FQ750N,photon,AA,7502.933,7502.874,7502.623,22.14670,1.3846e-09,2599.9,21.78409,1.9336e-09,3630.8,21.10000,3.6308e-09,6817.6
HST_WFC3_FQ889N,photon,AA,8894.018,8893.954,8895.399,22.66725,8.5723e-10,2261.9,22.15342,1.376e-09,3630.8,21.10000,3.6308e-09,9580.1
HST_WFC3_FQ906N,photon,AA,9059.637,9059.574,9061.062,22.70042,8.3144e-10,2276.3,22.19349,1.3262e-09,3630.8,21.10000,3.6308e-09,9940.2
HST_WFC3_FQ924N,photon,AA,9248.846,9248.789,9250.352,22.82737,7.3969e-10,2110.6,22.23837,1.2725e-09,3630.8,21.10000,3.6308e-09,10360
HST_WFC3_FQ937N,photon,AA,9374.085,9374.016,9373.847,22.72645,8.1174e-10,2379.3,22.26758,1.2387e-09,3630.8,21.10000,3.6308e-09,10642
HST_WFPC2_F170W,photon,AA,1733.233,1717.134,1714.740,20.52644,6.1578e-09,605.64,18.58197,3.6916e-08,3630.8,21.10000,3.6308e-09,357.1
HST_WFPC2_F218W,photon,AA,2211.998,2205.051,2189.970,20.81659,4.7137e-09,764.51,19.12504,2.2386e-08,3630.8,21.10000,3.6308e-09,588.87
HST_WFPC2_F255W,photon,AA,2606.405,2600.674,2600.029,21.04537,3.8181e-09,861.4,19.48338,1.6093e-08,3630.8,21.10000,3.6308e-09,819.13
HST_WFPC2_F300W,photon,AA,3015.108,2994.314,2996.958,21.12162,3.5592e-09,1064.5,19.78944,1.214e-08,3630.8,21.10000,3.6308e-09,1085.9
HST_WFPC2_F336W,photon,AA,3368.275,3359.110,3351.909,21.21750,3.2584e-09,1226.4,20.03907,9.6466e-09,3630.8,21.10000,3.6308e-09,1366.6
HST_WFPC2_F439W,photon,AA,4316.422,4311.636,4300.760,20.42867,6.738e-09,4178.3,20.58116,5.8551e-09,3630.8,21.10000,3.6308e-09,2251.5
HST_WFPC2_F450W,photon,AA,4573.223,4555.568,4513.199,20.60922,5.7058e-09,3949.8,20.70066,5.2449e-09,3630.8,21.10000,3.6308e-09,2513.4
HST_WFPC2_F555W,photon,AA,5464.642,5439.047,5318.843,21.08144,3.6934e-09,3644.6,21.08556,3.6794e-09,3630.8,21.10000,3.6308e-09,3582.8
HST_WFPC2_F606W,photon,AA,6030.849,5996.826,5828.511,21.39645,2.7632e-09,3314.7,21.29756,3.0268e-09,3630.8,21.10000,3.6308e-09,4355.3
HST_WFPC2_F622W,photon,AA,6198.633,6186.305,6120.375,21.50640,2.4971e-09,3187.7,21.36510,2.8442e-09,3630.8,21.10000,3.6308e-09,4634.9
HST_WFPC2_F675W,photon,AA,6727.579,6717.389,6667.050,21.78357,1.9345e-09,2911.7,21.54395,2.4122e-09,3630.8,21.10000,3.6308e-09,5464.9
HST_WFPC2_F791W,photon,AA,7898.441,7880.592,7793.408,22.30142,1.2007e-09,2487.3,21.89074,1.7527e-09,3630.8,21.10000,3.6308e-09,7521.4
HST_WFPC2_F814W,photon,AA,8040.303,8012.225,7887.247,22.34347,1.1551e-09,2473.4,21.92671,1.6956e-09,3630.8,21.10000,3.6308e-09,7774.7
HST_WFPC2_F850LP,photon,AA,9139.792,9128.788,9092.561,22.72868,8.1008e-10,2251.8,22.21001,1.3062e-09,3630.8,21.10000,3.6308e-09,10093
JWST_NIRCAM_F070W,photon,um,0.706,0.704,0.696,21.93391,1.6844e-09,2787.1,21.64680,2.1942e-09,3630.8,21.10000,3.6308e-09,6007.9
JWST_NIRCAM_F090W,photon,um,0.904,0.902,0.895,22.69608,8.3477e-10,2267,22.18472,1.3369e-09,3630.8,21.10000,3.6308e-09,9860.3
JWST_NIRCAM_F115W,photon,um,1.157,1.154,1.138,23.49677,3.993e-10,1774.7,22.71955,8.1692e-10,3630.8,21.10000,3.6308e-09,16137
JWST_NIRCAM_F140M,photon,um,1.406,1.405,1.401,24.24994,1.9954e-10,1314.5,23.14688,5.5112e-10,3630.8,21.10000,3.6308e-09,23919
JWST_NIRCAM_F150W,photon,um,1.504,1.501,1.481,24.49485,1.5924e-10,1196.4,23.28950,4.8328e-10,3630.8,21.10000,3.6308e-09,27277
JWST_NIRCAM_F150W2,photon,um,1.704,1.659,1.399,24.73338,1.2783e-10,1173.3,23.50694,3.9557e-10,3630.8,21.10000,3.6308e-09,33326
JWST_NIRCAM_F162M,photon,um,1.628,1.627,1.623,24.81694,1.1837e-10,1045.5,23.46523,4.1106e-10,3630.8,21.10000,3.6308e-09,32069
JWST_NIRCAM_F164N,photon,um,1.645,1.645,1.645,24.88010,1.1168e-10,1007.5,23.48824,4.0244e-10,3630.8,21.10000,3.6308e-09,32756
JWST_NIRCAM_F182M,photon,um,1.847,1.845,1.836,25.29601,7.6137e-11,864.66,23.73813,3.197e-10,3630.8,21.10000,3.6308e-09,41234
JWST_NIRCAM_F187N,photon,um,1.874,1.874,1.874,25.39575,6.9455e-11,813.52,23.77167,3.0998e-10,3630.8,21.10000,3.6308e-09,42527
JWST_NIRCAM_F200W,photon,um,1.993,1.989,1.959,25.57670,5.8792e-11,775.55,23.90073,2.7524e-10,3630.8,21.10000,3.6308e-09,47895
JWST_NIRCAM_F210M,photon,um,2.096,2.095,2.089,25.79468,4.8098e-11,704.47,24.01433,2.4789e-10,3630.8,21.10000,3.6308e-09,53178
JWST_NIRCAM_F212N,photon,um,2.121,2.121,2.120,25.84193,4.605e-11,691.14,24.04085,2.4191e-10,3630.8,21.10000,3.6308e-09,54493
JWST_NIRCAM_F250M,photon,um,2.504,2.503,2.500,26.51716,2.4725e-11,516.9,24.40067,1.7367e-10,3630.8,21.10000,3.6308e-09,75905
JWST_NIRCAM_F277W,photon,um,2.769,2.762,2.713,26.90314,1.7328e-11,440.89,24.61397,1.427e-10,3630.8,21.10000,3.6308e-09,92382
JWST_NIRCAM_F300M,photon,um,2.991,2.989,2.979,27.23895,1.2718e-11,379.08,24.78576,1.2181e-10,3630.8,21.10000,3.6308e-09,1.0822e+05
JWST_NIRCAM_F322W2,photon,um,3.267,3.232,3.007,27.48832,1.0108e-11,352.21,24.95531,1.042e-10,3630.8,21.10000,3.6308e-09,1.2651e+05
JWST_NIRCAM_F323N,photon,um,3.237,3.237,3.237,27.56484,9.4203e-12,329.24,24.95861,1.0389e-10,3630.8,21.10000,3.6308e-09,1.2689e+05
JWST_NIRCAM_F335M,photon,um,3.364,3.362,3.350,27.72286,8.1444e-12,307.1,25.04105,9.629e-11,3630.8,21.10000,3.6308e-09,1.3691e+05
JWST_NIRCAM_F356W,photon,um,3.577,3.568,3.512,27.95716,6.5635e-12,278.78,25.17030,8.5483e-11,3630.8,21.10000,3.6308e-09,1.5421e+05
JWST_NIRCAM_F360M,photon,um,3.626,3.624,3.611,28.03569,6.1056e-12,267.51,25.20403,8.2869e-11,3630.8,21.10000,3.6308e-09,1.5908e+05
JWST_NIRCAM_F405N,photon,um,4.052,4.052,4.052,28.52767,3.8809e-12,212.52,25.44615,6.6304e-11,3630.8,21.10000,3.6308e-09,1.9882e+05
JWST_NIRCAM_F410M,photon,um,4.084,4.082,4.068,28.53481,3.8555e-12,214.31,25.46244,6.5317e-11,3630.8,21.10000,3.6308e-09,2.0183e+05
JWST_NIRCAM_F430M,photon,um,4.282,4.281,4.277,28.73640,3.2021e-12,195.77,25.56577,5.9387e-11,3630.8,21.10000,3.6308e-09,2.2198e+05
JWST_NIRCAM_F444W,photon,um,4.416,4.404,4.327,28.83584,2.9219e-12,189.05,25.62726,5.6117e-11,3630.8,21.10000,3.6308e-09,2.3491e+05
JWST_NIRCAM_F460M,photon,um,4.630,4.630,4.624,29.06880,2.3577e-12,168.56,25.73568,5.0784e-11,3630.8,21.10000,3.6308e-09,2.5958e+05
JWST_NIRCAM_F466N,photon,um,4.654,4.654,4.654,29.12328,2.2423e-12,162.03,25.74727,5.0245e-11,3630.8,21.10000,3.6308e-09,2.6237e+05
JWST_NIRCAM_F470N,photon,um,4.708,4.708,4.708,29.13628,2.2156e-12,163.79,25.77201,4.9113e-11,3630.8,21.10000,3.6308e-09,2.6841e+05
JWST_NIRCAM_F480M,photon,um,4.819,4.818,4.809,29.22973,2.0329e-12,157.39,25.82220,4.6894e-11,3630.8,21.10000,3.6308e-09,2.8111e+05
KEPLER_Kp,energy,angstrom,6416.836,6082.071,5781.206,21.41330,2.7207e-09,3357.1,21.32821,2.9425e-09,3630.8,21.10000,3.6308e-09,4480
NGTS_I,energy,nanometer,703.021,680.125,656.946,21.78673,1.9289e-09,2976.2,21.57089,2.3531e-09,3630.8,21.10000,3.6308e-09,5602.2
PS1_g,photon,angstrom,4866.459,4849.117,4775.618,20.74336,5.0426e-09,3955.1,20.83626,4.6291e-09,3630.8,21.10000,3.6308e-09,2847.8
PS1_i,photon,angstrom,7544.570,7534.956,7484.579,22.15651,1.3721e-09,2598.6,21.79335,1.9172e-09,3630.8,21.10000,3.6308e-09,6876.1
PS1_r,photon,angstrom,6214.623,6201.186,6129.505,21.51377,2.4802e-09,3181.4,21.37032,2.8306e-09,3630.8,21.10000,3.6308e-09,4657.2
PS1_w,photon,angstrom,6389.352,6285.962,5775.141,21.52368,2.4577e-09,3239.3,21.39981,2.7547e-09,3630.8,21.10000,3.6308e-09,4785.4
PS1_y,photon,angstrom,9633.257,9627.741,9603.037,22.86447,7.1484e-10,2210.2,22.32557,1.1743e-09,3630.8,21.10000,3.6308e-09,11226
PS1_z,photon,angstrom,8679.478,8674.179,8657.802,22.60614,9.0687e-10,2276,22.09909,1.4467e-09,3630.8,21.10000,3.6308e-09,9112.5
SDSS_g,photon,AA,4718.872,4702.495,4640.422,20.66307,5.4297e-09,4005.1,20.76959,4.9223e-09,3630.8,21.10000,3.6308e-09,2678.2
SDSS_i,photon,AA,7499.704,7489.977,7439.503,22.13614,1.3981e-09,2616.3,21.78035,1.9403e-09,3630.8,21.10000,3.6308e-09,6794.2
SDSS_r,photon,AA,6185.194,6175.579,6122.329,21.50373,2.5033e-09,3184.5,21.36134,2.8541e-09,3630.8,21.10000,3.6308e-09,4618.9
SDSS_u,photon,AA,3561.789,3556.524,3594.930,21.08761,3.6725e-09,1549.5,20.16308,8.6054e-09,3630.8,21.10000,3.6308e-09,1531.9
SDSS_z,photon,AA,8961.488,8946.710,8897.064,22.68414,8.44e-10,2253.5,22.16626,1.3599e-09,3630.8,21.10000,3.6308e-09,9694.1
SPITZER_IRAC_36,photon,AA,35634.294,35569.271,35134.320,27.94840,6.6167e-12,279.24,25.16332,8.6034e-11,3630.8,21.10000,3.6308e-09,1.5322e+05
SPITZER_IRAC_45,photon,AA,45110.142,45020.220,44425.741,28.93308,2.6716e-12,180.62,25.67499,5.3704e-11,3630.8,21.10000,3.6308e-09,2.4547e+05
SPITZER_IRAC_58,photon,AA,57593.368,57450.414,56473.379,29.95506,1.0423e-12,114.75,26.20441,3.2979e-11,3630.8,21.10000,3.6308e-09,3.9973e+05
SPITZER_IRAC_80,photon,AA,79594.931,79157.671,76171.453,31.29195,3.0424e-13,63.59,26.90041,1.7371e-11,3630.8,21.10000,3.6308e-09,7.5887e+05
STROMGREN_b,energy,angstrom,4669.008,4666.246,4663.261,20.59817,5.7641e-09,4186.5,20.75279,4.999e-09,3630.8,21.10000,3.6308e-09,2637
STROMGREN_u,energy,angstrom,3450.559,3443.598,3447.508,21.23785,3.1979e-09,1264.9,20.09301,9.179e-09,3630.8,21.10000,3.6308e-09,1436.2
STROMGREN_v,energy,angstrom,4109.396,4105.462,4110.367,20.34075,7.3063e-09,4107.7,20.47476,6.458e-09,3630.8,21.10000,3.6308e-09,2041.3
STROMGREN_y,energy,angstrom,5478.026,5475.171,5472.420,21.10526,3.6132e-09,3613,21.09994,3.631e-09,3630.8,21.10000,3.6308e-09,3630.6
SkyMapper_g,photon,AA,5099.437,5075.194,4968.459,20.87295,4.4753e-09,3845.1,20.93521,4.2259e-09,3630.8,21.10000,3.6308e-09,3119.5
SkyMapper_i,photon,AA,7778.375,7767.976,7712.938,22.26025,1.2471e-09,2510.1,21.85949,1.8039e-09,3630.8,21.10000,3.6308e-09,7307.9
SkyMapper_r,photon,AA,6157.284,6138.440,6040.059,21.47589,2.5683e-09,3228,21.34824,2.8887e-09,3630.8,21.10000,3.6308e-09,4563.5
SkyMapper_u,photon,AA,3496.616,3493.359,3498.153,21.22515,3.2355e-09,1317.1,20.12416,8.9194e-09,3630.8,21.10000,3.6308e-09,1478
SkyMapper_v,photon,AA,3837.712,3835.928,3870.928,20.63074,5.5937e-09,2745.5,20.32730,7.3974e-09,3630.8,21.10000,3.6308e-09,1782.1
SkyMapper_z,photon,AA,9161.712,9145.993,9091.502,22.73990,8.0175e-10,2237.1,22.21410,1.3012e-09,3630.8,21.10000,3.6308e-09,10131
TESS,energy,angstrom,7972.361,7697.603,7455.640,22.18148,1.3409e-09,2650.3,21.83973,1.837e-09,3630.8,21.10000,3.6308e-09,7176.1
TYCHO_B_MvB,energy,angstrom,4220.390,4194.961,4219.757,20.45302,6.5886e-09,3867.5,20.52159,6.1854e-09,3630.8,21.10000,3.6308e-09,2131.3
TYCHO_V_MvB,energy,angstrom,5352.167,5300.185,5258.010,21.00968,3.9458e-09,3697.4,21.02940,3.8747e-09,3630.8,21.10000,3.6308e-09,3402.2
WISE_RSR_W1,photon,um,3.379,3.368,3.292,27.71042,8.2382e-12,311.75,25.04495,9.5944e-11,3630.8,21.10000,3.6308e-09,1.374e+05
WISE_RSR_W2,photon,um,4.629,4.618,4.542,29.03535,2.4314e-12,172.95,25.73018,5.1042e-11,3630.8,21.10000,3.6308e-09,2.5827e+05
WISE_RSR_W3,photon,um,12.334,12.073,10.302,32.95638,6.5682e-14,31.934,27.81703,7.4677e-12,3630.8,21.10000,3.6308e-09,1.7653e+06
WISE_RSR_W4,photon,um,22.253,22.194,21.810,35.75375,4.9946e-15,8.2066,29.13916,2.2097e-12,3630.8,21.10000,3.6308e-09,5.9657e+06
ZTF_g,photon,nanometer,480.482,478.945,472.280,20.70229,5.237e-09,4007.1,20.80937,4.7452e-09,3630.8,21.10000,3.6308e-09,2778.1
ZTF_i,photon,nanometer,796.822,795.493,788.608,22.34125,1.1574e-09,2443.2,21.91113,1.7201e-09,3630.8,21.10000,3.6308e-09,7663.9
ZTF_r,photon,nanometer,643.692,642.117,633.959,21.62698,2.2346e-09,3073.4,21.44602,2.6399e-09,3630.8,21.10000,3.6308e-09,4993.5
