# NAME           	GaiaDR2_weiler_G
# WAVELENGTH_UNIT	nm
# DETECTOR       	photon
# COMPNAME       	GaiaDR2_weiler_G
#
## WAVELENGTH	None	nm
## THROUGHPUT	None	filter throughput definition
#
WAVELENGTH,THROUGHPUT
320.0,0.0
320.25,0.0
320.5,0.0
320.75,0.0
321.0,0.0
321.25,-1.9999999989472883E-9
321.5,2.9999999984209325E-9
321.75,3.999999997894577E-9
322.0,-2.300000001564939E-8
322.25,2.6000000014070324E-8
322.5,1.0799999999866472E-7
322.75,-1.970000000073302E-7
323.0,3.999999997894577E-9
323.25,2.0150000000079826E-6
323.5,4.723999999997619E-6
323.75,7.46299999999922E-6
324.0,1.0880000000004775E-5
324.25,1.5323999999997118E-5
324.5,2.2357000000000626E-5
324.75,3.612699999999691E-5
325.0,5.44150000000021E-5
325.25,7.293999999999357E-5
325.5,9.928100000000661E-5
325.75,1.3940099999999733E-4
326.0,1.9315599999999988E-4
326.25,2.585489999999968E-4
326.5,3.391969999999994E-4
326.75,4.509320000000011E-4
327.0,5.889419999999951E-4
327.25,7.399810000000007E-4
327.5,9.234990000000012E-4
327.75,0.0011528469999999985
328.0,0.0014234429999999965
328.25,0.001731545000000001
328.5,0.0020828780000000033
328.75,0.0024995699999999996
329.0,0.0029723460000000007
329.25,0.0034789890000000018
329.5,0.0040446940000000015
329.75,0.004681730000000002
330.0,0.005372875000000006
330.25,0.006112242999999996
330.5,0.006905006000000005
330.75,0.007765697000000002
331.0,0.008681414999999998
331.25,0.009628946
331.5,0.010627598000000002
331.75,0.011682198999999997
332.0,0.012768785000000001
332.25,0.013880921000000001
332.5,0.015022872000000003
332.75,0.016202697000000002
333.0,0.017413846000000004
333.25,0.018643746
333.5,0.019899620000000003
333.75,0.021181111000000002
334.0,0.022473947999999997
334.25,0.023775027999999997
334.5,0.025084613000000006
334.75,0.026398756999999995
335.0,0.027709670999999998
335.25,0.029010041999999993
335.5,0.030303686999999996
335.75,0.031595266000000004
336.0,0.03288708900000001
336.25,0.034180854999999996
336.5,0.03547413900000001
336.75,0.036756489
337.0,0.038021451000000005
337.25,0.039267007
337.5,0.040494037
337.75,0.041707252
338.0,0.042914562
338.25,0.044118887
338.5,0.04531794
338.75,0.046503613
339.0,0.047673734999999995
339.25,0.048830084
339.5,0.049970978
339.75,0.05109939
340.0,0.052224326
340.25,0.053349632
340.5,0.054471484
340.75,0.055575823999999996
341.0,0.056660644999999996
341.25,0.057730474000000004
341.5,0.05877802
341.75,0.059799462
342.0,0.060798426
342.25,0.061776808
342.5,0.06273311000000001
342.75,0.063661582
343.0,0.064568476
343.25,0.065463794
343.5,0.06633794700000001
343.75,0.067188964
344.0,0.068028671
344.25,0.068861533
344.5,0.069682623
344.75,0.070475664
345.0,0.071236713
345.25,0.07196946800000001
345.5,0.07266942600000001
345.75,0.07333932700000001
346.0,0.073991874
346.25,0.074631819
346.5,0.075256015
346.75,0.075853501
347.0,0.076427674
347.25,0.07698785999999999
347.5,0.07752500999999999
347.75,0.07803595499999999
348.0,0.078528991
348.25,0.079007194
348.5,0.079468362
348.75,0.07990549300000001
349.0,0.080324367
349.25,0.080734811
349.5,0.081126841
349.75,0.081495936
350.0,0.081848964
350.25,0.082188639
350.5,0.082512356
350.75,0.08281161000000001
351.0,0.08308905899999999
351.25,0.083351887
351.5,0.0835933
351.75,0.083811064
352.0,0.08401158
352.25,0.084197032
352.5,0.08436723900000001
352.75,0.08452214499999999
353.0,0.084674749
353.25,0.08483918300000001
353.5,0.08500065200000001
353.75,0.08514582000000001
354.0,0.08527126700000001
354.25,0.08537619499999999
354.5,0.085460485
354.75,0.085524442
355.0,0.08557804400000002
355.25,0.08563195999999998
355.5,0.085675311
355.75,0.085699624
356.0,0.085704962
356.25,0.085691179
356.5,0.085659553
356.75,0.08561563999999999
357.0,0.08557630299999999
357.25,0.085556991
357.5,0.085541437
357.75,0.08551336100000001
358.0,0.085465438
358.25,0.08539464399999999
358.5,0.085302744
358.75,0.08519806499999999
359.0,0.08509019
359.25,0.084985708
359.5,0.084879663
359.75,0.08477184099999999
360.0,0.08466969200000002
360.25,0.08457516600000001
360.5,0.084485068
360.75,0.08439023899999999
361.0,0.08427500499999999
361.25,0.084127243
361.5,0.083961466
361.75,0.083797717
362.0,0.083653922
362.25,0.08353695900000001
362.5,0.083441782
362.75,0.08334880400000001
363.0,0.083242058
363.25,0.083114254
363.5,0.08297561700000002
363.75,0.08283894000000001
364.0,0.082714656
364.25,0.08260724100000001
364.5,0.082511303
364.75,0.08240845399999999
365.0,0.08230210399999999
365.25,0.08220644999999999
365.5,0.08211774200000001
365.75,0.08202849499999999
366.0,0.081932008
366.25,0.08182497799999999
366.5,0.081710754
366.75,0.08160278900000001
367.0,0.08151141199999998
367.25,0.08144148400000001
367.5,0.081389079
367.75,0.081349219
368.0,0.081318166
368.25,0.081293949
368.5,0.08127606099999998
368.75,0.081264527
369.0,0.08124720900000001
369.25,0.08121160100000002
369.5,0.08117223300000001
369.75,0.081145892
370.0,0.081144138
370.25,0.08117123099999998
370.5,0.08122364499999998
370.75,0.08128764900000002
371.0,0.08134339900000001
371.25,0.08137635900000001
371.5,0.08140119899999998
371.75,0.081430538
372.0,0.08146726400000001
372.25,0.081512046
372.5,0.08156633200000002
372.75,0.08163374600000001
373.0,0.08171115200000001
373.25,0.08179415899999999
373.5,0.08188982
373.75,0.08200209099999999
374.0,0.082128782
374.25,0.082268166
374.5,0.08242205400000001
374.75,0.08259768199999999
375.0,0.082793815
375.25,0.083005926
375.5,0.08323849200000001
375.75,0.08348985
376.0,0.083750069
376.25,0.08401377900000001
376.5,0.08428491399999999
376.75,0.084579404
377.0,0.08488966099999998
377.25,0.08520196499999999
377.5,0.08553682299999998
377.75,0.08591157600000002
378.0,0.08633101300000001
378.25,0.08679382399999999
378.5,0.087301942
378.75,0.087864831
379.0,0.08846273600000001
379.25,0.089071922
379.5,0.08972050399999999
379.75,0.09042305099999999
380.0,0.09116789400000001
380.25,0.091947825
380.5,0.09277011699999999
380.75,0.09366211199999999
381.0,0.094617554
381.25,0.095618727
381.5,0.096686686
381.75,0.09782413199999998
382.0,0.099006686
382.25,0.10022212599999998
382.5,0.10147912599999999
382.75,0.102812025
383.0,0.10421217500000002
383.25,0.105656625
383.5,0.10717241500000002
383.75,0.108767056
384.0,0.11041720799999999
384.25,0.11211069600000001
384.5,0.11385653500000001
384.75,0.11569032700000001
385.0,0.11760431900000001
385.25,0.11957559599999999
385.5,0.12162844700000001
385.75,0.12376462999999999
386.0,0.12595361
386.25,0.12818165599999998
386.5,0.130456752
386.75,0.13281014100000002
387.0,0.13522674099999998
387.25,0.137678291
387.5,0.140194864
387.75,0.142789151
388.0,0.14544384500000002
388.25,0.14815188299999998
388.5,0.15091593599999997
388.75,0.153745513
389.0,0.15661565
389.25,0.159496929
389.5,0.162417363
389.75,0.165388231
390.0,0.168392238
390.25,0.171423595
390.5,0.17448646399999998
390.75,0.177593388
391.0,0.180744706
391.25,0.183934515
391.5,0.187163081
391.75,0.190416205
392.0,0.19366614599999998
392.25,0.196904395
392.5,0.200135003
392.75,0.203371951
393.0,0.206633742
393.25,0.209931581
393.5,0.213246349
393.75,0.216552833
394.0,0.219828449
394.25,0.223066223
394.5,0.22626928200000002
394.75,0.22944994600000002
395.0,0.232633563
395.25,0.235839226
395.5,0.239042585
395.75,0.24222354200000001
396.0,0.24537636499999999
396.25,0.248499537
396.5,0.251591671
396.75,0.254649588
397.0,0.25767286100000003
397.25,0.260662869
397.5,0.263621381
397.75,0.266563179
398.0,0.26951434
398.25,0.272487434
398.5,0.275472981
398.75,0.278433521
399.0,0.28135602400000004
399.25,0.284241652
399.5,0.2870828
399.75,0.289873104
400.0,0.29260957499999996
400.25,0.29529061
400.5,0.29792207800000003
400.75,0.300523196
401.0,0.303123291
401.25,0.305744415
401.5,0.308369907
401.75,0.310996713
402.0,0.31364234300000005
402.25,0.31631587899999997
402.5,0.319004966
402.75,0.321666038
403.0,0.324261713
403.25,0.326772425
403.5,0.329215841
403.75,0.331615675
404.0,0.333992579
404.25,0.336356464
404.5,0.33870709
404.75,0.34103614200000004
405.0,0.343368876
405.25,0.34573223200000003
405.5,0.34809394400000004
405.75,0.350422522
406.0,0.352700967
406.25,0.354923147
406.5,0.35709195800000004
406.75,0.35922084600000004
407.0,0.361334931
407.25,0.36345333599999996
407.5,0.365557784
407.75,0.367641512
408.0,0.369715521
408.25,0.37178318099999996
408.5,0.37384126999999995
408.75,0.37588014999999997
409.0,0.377889033
409.25,0.37986216
409.5,0.381810229
409.75,0.38375209
410.0,0.385709693
410.25,0.38769352199999996
410.5,0.38969722100000004
410.75,0.391694416
411.0,0.393679762
411.25,0.39565672199999996
411.5,0.397613456
411.75,0.399536196
412.0,0.40141375
412.25,0.403243524
412.5,0.405027831
412.75,0.40677280400000004
413.0,0.408489084
413.25,0.41018567
413.5,0.411859882
413.75,0.413522825
414.0,0.415198945
414.25,0.416897395
414.5,0.41861227900000003
414.75,0.420322268
415.0,0.422015321
415.25,0.42368773
415.5,0.425341407
415.75,0.426977849
416.0,0.428597389
416.25,0.430201896
416.5,0.431791598
416.75,0.433364718
417.0,0.434936781
417.25,0.43652232599999996
417.5,0.438102524
417.75,0.439660276
418.0,0.441187317
418.25,0.442680494
418.5,0.444141532
418.75,0.44557823799999996
419.0,0.447004395
419.25,0.44843025400000003
419.5,0.449846811
419.75,0.451253507
420.0,0.452660445
420.25,0.454071074
420.5,0.455482169
420.75,0.456882596
421.0,0.458253599
421.25,0.459582778
421.5,0.46088832
421.75,0.462196777
422.0,0.463535195
422.25,0.464918295
422.5,0.46633571
422.75,0.467743501
423.0,0.46911045799999995
423.25,0.47042297
423.5,0.471691389
423.75,0.47292361000000005
424.0,0.474120504
424.25,0.47528117400000003
424.5,0.476412995
424.75,0.477538588
425.0,0.478688386
425.25,0.479883146
425.5,0.481105381
425.75,0.482342074
426.0,0.48359179
426.25,0.48485551099999996
426.5,0.48612711
426.75,0.487388068
427.0,0.48862321599999997
427.25,0.489824205
427.5,0.490994734
427.75,0.492138379
428.0,0.493256491
428.25,0.49435040399999997
428.5,0.49542272099999995
428.75,0.49647972
429.0,0.49754391000000003
429.25,0.49863341499999997
429.5,0.499728132
429.75,0.500810707
430.0,0.501873638
430.25,0.502912656
430.5,0.503929374
430.75,0.504932961
431.0,0.5059275169999999
431.25,0.506914345
431.5,0.50789642
431.75,0.5088829340000001
432.0,0.509887183
432.25,0.510914227
432.5,0.511960537
432.75,0.513012947
433.0,0.51405683
433.25,0.51508344
433.5,0.516101383
433.75,0.517117994
434.0,0.518136879
434.25,0.51916356
434.5,0.520193901
434.75,0.5212093250000001
435.0,0.522212181
435.25,0.5232094159999999
435.5,0.524185709
435.75,0.525123307
436.0,0.526007225
436.25,0.526829587
436.5,0.527598872
436.75,0.528347175
437.0,0.529116825
437.25,0.529935371
437.5,0.530777054
437.75,0.53162237
438.0,0.53246648
438.25,0.533304657
438.5,0.534136999
438.75,0.5349714250000001
439.0,0.535814977
439.25,0.536670652
439.5,0.5375326189999999
439.75,0.538393286
440.0,0.539245557
440.25,0.540086125
440.5,0.540916628
440.75,0.541744447
441.0,0.542575111
441.25,0.543411031
441.5,0.544249802
441.75,0.5450915159999999
442.0,0.545939242
442.25,0.54679535
442.5,0.547656688
442.75,0.548511388
443.0,0.549343453
443.25,0.5501430119999999
443.5,0.550922113
443.75,0.551696591
444.0,0.5524812969999999
444.25,0.553285712
444.5,0.554104378
444.75,0.554912199
445.0,0.555694652
445.25,0.556447036
445.5,0.557172957
445.75,0.5578747909999999
446.0,0.558551878
446.25,0.559200708
446.5,0.55982858
446.75,0.56046152
447.0,0.5611310979999999
447.25,0.561856531
447.5,0.562618177
447.75,0.563398622
448.0,0.564190222
448.25,0.5649934679999999
448.5,0.565800627
448.75,0.56658698
449.0,0.5673226610000001
449.25,0.567989639
449.5,0.568606997
449.75,0.569195671
450.0,0.5697701980000001
450.25,0.570333451
450.5,0.570891894
450.75,0.571465387
451.0,0.572096625
451.25,0.5728150470000001
451.5,0.573583427
451.75,0.5743587109999999
452.0,0.575106791
452.25,0.575813923
452.5,0.5764817400000001
452.75,0.577124413
453.0,0.577741182
453.25,0.578327616
453.5,0.578892802
453.75,0.579455881
454.0,0.5800403940000001
454.25,0.580656701
454.5,0.581299785
454.75,0.581948985
455.0,0.582598144
455.25,0.583247371
455.5,0.583890734
455.75,0.584516017
456.0,0.585107822
456.25,0.585658512
456.5,0.586174647
456.75,0.58668037
457.0,0.587197141
457.25,0.5877365809999999
457.5,0.588290744
457.75,0.5888587
458.0,0.589447965
458.25,0.590062547
458.5,0.590696596
458.75,0.5913305520000001
459.0,0.591939752
459.25,0.5925091899999999
459.5,0.593054379
459.75,0.593590565
460.0,0.594127724
460.25,0.5946727390000001
460.5,0.5952235269999999
460.75,0.595767164
461.0,0.5963020410000001
461.25,0.596830506
461.5,0.597348573
461.75,0.597851754
462.0,0.598335953
462.25,0.598796894
462.5,0.5992396640000001
462.75,0.599682668
463.0,0.600138145
463.25,0.600611937
463.5,0.6011033699999999
463.75,0.60161562
464.0,0.6021558640000001
464.25,0.602729667
464.5,0.603329637
464.75,0.603931162
465.0,0.604519956
465.25,0.605089448
465.5,0.605636932
465.75,0.606153978
466.0,0.606627982
466.25,0.607052922
466.5,0.60743609
466.75,0.607800376
467.0,0.6081590689999999
467.25,0.608518828
467.5,0.608884424
467.75,0.609273831
468.0,0.609714193
468.25,0.610220152
468.5,0.610779472
468.75,0.611346073
469.0,0.611874558
469.25,0.6123404450000001
469.5,0.612767104
469.75,0.613169049
470.0,0.613546073
470.25,0.613895776
470.5,0.6142272329999999
470.75,0.6145693050000001
471.0,0.614970889
471.25,0.615462617
471.5,0.6160055839999999
471.75,0.616558041
472.0,0.617089208
472.25,0.61758696
472.5,0.61805065
472.75,0.61848722
473.0,0.618891302
473.25,0.6192568940000001
473.5,0.619593183
473.75,0.6199180400000001
474.0,0.620251561
474.25,0.6205993000000001
474.5,0.620962274
474.75,0.621341213
475.0,0.6217390110000001
475.25,0.622158162
475.5,0.622597278
475.75,0.62305186
476.0,0.623516895
476.25,0.6239944629999999
476.5,0.624479122
476.75,0.624952542
477.0,0.62540281
477.25,0.625824117
477.5,0.6262165479999999
477.75,0.626580387
478.0,0.626915012
478.25,0.6272185659999999
478.5,0.627496672
478.75,0.62776405
479.0,0.6280184240000001
479.25,0.628257088
479.5,0.6284986539999999
479.75,0.62877544
480.0,0.629125857
480.25,0.629575194
480.5,0.630103779
480.75,0.6306337620000001
481.0,0.631089524
481.25,0.6314314799999999
481.5,0.6316992459999999
481.75,0.631924515
482.0,0.6321204770000001
482.25,0.6322923930000001
482.5,0.632448902
482.75,0.6326073090000001
483.0,0.632793312
483.25,0.633024496
483.5,0.633289789
483.75,0.633581556
484.0,0.63389848
484.25,0.6342386139999999
484.5,0.6345985749999999
484.75,0.6349721899999999
485.0,0.635344222
485.25,0.6357034770000001
485.5,0.636058669
485.75,0.636414142
486.0,0.636769224
486.25,0.637127797
486.5,0.6374871820000001
486.75,0.637833915
487.0,0.638155889
487.25,0.638447517
487.5,0.638716454
487.75,0.638973373
488.0,0.639228533
488.25,0.6394865460000001
488.5,0.639747438
488.75,0.64000826
489.0,0.640276074
489.25,0.6405568629999999
489.5,0.640842266
489.75,0.641124067
490.0,0.6413969700000001
490.25,0.641660206
490.5,0.6419128940000001
490.75,0.642151146
491.0,0.6423615460000001
491.25,0.6425361049999999
491.5,0.6426906219999999
491.75,0.642846558
492.0,0.6430238389999999
492.25,0.6432281129999999
492.5,0.643460269
492.75,0.643719169
493.0,0.643997771
493.25,0.6442915079999999
493.5,0.644607799
493.75,0.644949207
494.0,0.6453147260000001
494.25,0.6457106309999999
494.5,0.646128322
494.75,0.646535788
495.0,0.646897702
495.25,0.647194717
495.5,0.6474466240000001
495.75,0.6476732919999999
496.0,0.64788915
496.25,0.648104397
496.5,0.6483178220000001
496.75,0.6485177099999999
497.0,0.6487196759999999
497.25,0.6489377270000001
497.5,0.649151264
497.75,0.64933989
498.0,0.6494881459999999
498.25,0.649584295
498.5,0.649636922
498.75,0.649679915
499.0,0.649740592
499.25,0.649832788
499.5,0.649948663
499.75,0.650086169
500.0,0.650248688
500.25,0.650432742
500.5,0.650637752
500.75,0.650872236
501.0,0.651165693
501.25,0.6515339809999999
501.5,0.651938787
501.75,0.652326118
502.0,0.652642085
502.25,0.6528605270000001
502.5,0.6529924530000001
502.75,0.653087172
503.0,0.653181194
503.25,0.653290983
503.5,0.653404857
503.75,0.6535292109999999
504.0,0.653684708
504.25,0.653878679
504.5,0.654105669
504.75,0.6543460830000001
505.0,0.654565939
505.25,0.6547456810000001
505.5,0.654912451
505.75,0.65509179
506.0,0.6553028070000001
506.25,0.655563715
506.5,0.6558632820000001
506.75,0.6561530889999999
507.0,0.656395899
507.25,0.6565752060000001
507.5,0.656706726
507.75,0.656801635
508.0,0.656861861
508.25,0.656880933
508.5,0.6568720140000001
508.75,0.656878611
509.0,0.65695774
509.25,0.6571411840000001
509.5,0.6573923740000001
509.75,0.657674626
510.0,0.657962965
510.25,0.658250399
510.5,0.6585290330000001
510.75,0.658783754
511.0,0.658998202
511.25,0.6591620890000001
511.5,0.659279392
511.75,0.659353262
512.0,0.659381954
512.25,0.659353467
512.5,0.659283884
512.75,0.659233759
513.0,0.659297852
513.25,0.6595287679999999
513.5,0.6598540039999999
513.75,0.6601963989999999
514.0,0.6604956799999999
514.25,0.660721835
514.5,0.6608782559999999
514.75,0.660998542
515.0,0.66109209
515.25,0.661157879
515.5,0.6611988950000001
515.75,0.661233111
516.0,0.66128606
516.25,0.661368985
516.5,0.661478502
516.75,0.661595724
517.0,0.661692022
517.25,0.6617532190000001
517.5,0.661805268
517.75,0.661872703
518.0,0.661972421
518.25,0.662111443
518.5,0.662288016
518.75,0.6624940610000001
519.0,0.662734719
519.25,0.6630133189999999
519.5,0.663315173
519.75,0.663613176
520.0,0.663877892
520.25,0.664100705
520.5,0.664281833
520.75,0.664426557
521.0,0.664542765
521.25,0.664634657
521.5,0.664697003
521.75,0.664735235
522.0,0.664760837
522.25,0.6647740750000001
522.5,0.6647795950000001
522.75,0.6647914189999999
523.0,0.664825665
523.25,0.6648917
523.5,0.664983057
523.75,0.6650949300000001
524.0,0.665226178
524.25,0.665378701
524.5,0.665547189
524.75,0.665715263
525.0,0.6658588599999999
525.25,0.665964354
525.5,0.6660469290000001
525.75,0.6661205330000001
526.0,0.666194948
526.25,0.6662779839999999
526.5,0.666367793
526.75,0.666452435
527.0,0.666530148
527.25,0.6666022269999999
527.5,0.6666665
527.75,0.666721421
528.0,0.666765887
528.25,0.666797599
528.5,0.666820164
528.75,0.666842683
529.0,0.666858657
529.25,0.6668639519999999
529.5,0.6668744010000001
529.75,0.666911146
530.0,0.6669952370000001
530.25,0.667139158
530.5,0.667335031
530.75,0.667551539
531.0,0.6677520809999999
531.25,0.667917671
531.5,0.668069186
531.75,0.6682177960000001
532.0,0.668364731
532.25,0.6685145459999999
532.5,0.668665653
532.75,0.668811748
533.0,0.668973399
533.25,0.66916361
533.5,0.669354994
533.75,0.6695161
534.0,0.669618677
534.25,0.669644361
534.5,0.669603597
534.75,0.6695404899999999
535.0,0.669507363
535.25,0.669530732
535.5,0.669578712
535.75,0.6696300070000001
536.0,0.669676002
536.25,0.669707128
536.5,0.669725774
536.75,0.669747093
537.0,0.6697715
537.25,0.669796909
537.5,0.6698297839999999
537.75,0.669878681
538.0,0.66995207
538.25,0.670055084
538.5,0.670183396
538.75,0.670322717
539.0,0.670462529
539.25,0.670597402
539.5,0.670728114
539.75,0.670848977
540.0,0.670951254
540.25,0.671034151
540.5,0.671097389
540.75,0.67114145
541.0,0.6711827100000001
541.25,0.671230925
541.5,0.67126909
541.75,0.67128431
542.0,0.671268894
542.25,0.671215191
542.5,0.671129594
542.75,0.671034257
543.0,0.6709440249999999
543.25,0.670866358
543.5,0.670801192
543.75,0.6707560969999999
544.0,0.67074152
544.25,0.670756362
544.5,0.670800992
544.75,0.670879962
545.0,0.670992931
545.25,0.671137693
545.5,0.6713117749999999
545.75,0.671502492
546.0,0.671694991
546.25,0.671892158
546.5,0.672086375
546.75,0.6722510070000001
547.0,0.672347993
547.25,0.6723580950000001
547.5,0.6723090820000001
547.75,0.672236801
548.0,0.672174733
548.25,0.672141215
548.5,0.6721336499999999
548.75,0.672132466
549.0,0.672142386
549.25,0.672169985
549.5,0.672204689
549.75,0.672232408
550.0,0.672239007
550.25,0.6722143309999999
550.5,0.672165587
550.75,0.672113422
551.0,0.672040145
551.25,0.671934858
551.5,0.671832574
551.75,0.6717800589999999
552.0,0.6718254189999999
552.25,0.672004198
552.5,0.6722937
552.75,0.6726072949999999
553.0,0.672863655
553.25,0.6730244599999999
553.5,0.673127874
553.75,0.673193215
554.0,0.6732213370000001
554.25,0.673216154
554.5,0.6731844979999999
554.75,0.673138745
555.0,0.6731108029999999
555.25,0.673119853
555.5,0.673145498
555.75,0.673174556
556.0,0.6732027089999999
556.25,0.673228007
556.5,0.6732480510000001
556.75,0.6732590039999999
557.0,0.673254837
557.25,0.673232258
557.5,0.673195075
557.75,0.6731483779999999
558.0,0.673095344
558.25,0.6730317299999999
558.5,0.672962285
558.75,0.6729077800000001
559.0,0.67291318
559.25,0.673000824
559.5,0.673130452
559.75,0.673253296
560.0,0.673322754
560.25,0.673304253
560.5,0.6732119209999999
560.75,0.673114114
561.0,0.673088808
561.25,0.673170175
561.5,0.67330286
561.75,0.6734343309999999
562.0,0.6735237089999999
562.25,0.673540873
562.5,0.673495245
562.75,0.6734381
563.0,0.67341746
563.25,0.673452782
563.5,0.673513279
563.75,0.6735747719999999
564.0,0.6736225809999999
564.25,0.673646469
564.5,0.673648873
564.75,0.6736420070000001
565.0,0.673616284
565.25,0.673565447
565.5,0.67350682
565.75,0.673465252
566.0,0.673467769
566.25,0.6735365289999999
566.5,0.6736576470000001
566.75,0.673781234
567.0,0.673878125
567.25,0.6739365230000001
567.5,0.673960116
567.75,0.673941628
568.0,0.673864268
568.25,0.673709016
568.5,0.6734926960000001
568.75,0.673278633
569.0,0.67316626
569.25,0.673203667
569.5,0.673317504
569.75,0.673434971
570.0,0.673497019
570.25,0.673461147
570.5,0.673340477
570.75,0.673203298
571.0,0.673100131
571.25,0.673049455
571.5,0.673025137
571.75,0.673010755
572.0,0.672998377
572.25,0.672976602
572.5,0.6729474520000001
572.75,0.6729307130000001
573.0,0.672958629
573.25,0.673044374
573.5,0.673156651
573.75,0.673256699
574.0,0.67330727
574.25,0.6732829410000001
574.5,0.673194791
574.75,0.6730902919999999
575.0,0.6730102969999999
575.25,0.672971907
575.5,0.672954826
575.75,0.672948052
576.0,0.672947293
576.25,0.672942077
576.5,0.6729345219999999
576.75,0.672945291
577.0,0.673014821
577.25,0.6731600249999999
577.5,0.6733403570000001
577.75,0.673504637
578.0,0.67360306
578.25,0.6736013550000001
578.5,0.673514969
578.75,0.673407457
579.0,0.6733269949999999
579.25,0.673293119
579.5,0.6732862860000001
579.75,0.673302662
580.0,0.673352052
580.25,0.673445948
580.5,0.673573481
580.75,0.673693447
581.0,0.6737307379999999
581.25,0.673650314
581.5,0.673512667
581.75,0.673382581
582.0,0.6733186179999999
582.25,0.673369063
582.5,0.6735135630000001
582.75,0.673662497
583.0,0.673741011
583.25,0.6737197930000001
583.5,0.673639434
583.75,0.673532559
584.0,0.6734207790000001
584.25,0.673321332
584.5,0.673236227
584.75,0.673147965
585.0,0.673015378
585.25,0.6728234240000001
585.5,0.672620243
585.75,0.672464596
586.0,0.6724142160000001
586.25,0.6725130619999999
586.5,0.672738177
586.75,0.672995532
587.0,0.673176024
587.25,0.673231652
587.5,0.67323027
587.75,0.673221993
588.0,0.673238363
588.25,0.673310285
588.5,0.673426995
588.75,0.673540877
589.0,0.673646056
589.25,0.673743944
589.5,0.6738202019999999
589.75,0.673853604
590.0,0.6738226900000001
590.25,0.673716503
590.5,0.673546592
590.75,0.6733397839999999
591.0,0.6730871119999999
591.25,0.672786637
591.5,0.672474692
591.75,0.672214523
592.0,0.672077599
592.25,0.672113344
592.5,0.672294941
592.75,0.672518924
593.0,0.672675233
593.25,0.672716074
593.5,0.672703352
593.75,0.67267431
594.0,0.672642435
594.25,0.6726164889999999
594.5,0.67259846
594.75,0.672595199
595.0,0.6726755680000001
595.25,0.672872188
595.5,0.673114076
595.75,0.673316074
596.0,0.6733964149999999
596.25,0.673294151
596.5,0.673036556
596.75,0.6727395230000001
597.0,0.672525328
597.25,0.672444603
597.5,0.672423336
597.75,0.672409182
598.0,0.6723688240000001
598.25,0.672264918
598.5,0.672113095
598.75,0.671975612
599.0,0.67186488
599.25,0.671782093
599.5,0.671741382
599.75,0.671764723
600.0,0.671883787
600.25,0.6721442129999999
600.5,0.672511094
600.75,0.672857331
601.0,0.67301923
601.25,0.6729257230000001
601.5,0.672685278
601.75,0.6724047529999999
602.0,0.6721701040000001
602.25,0.67203727
602.5,0.6719965920000001
602.75,0.671989104
603.0,0.672021339
603.25,0.672104043
603.5,0.672212983
603.75,0.672304648
604.0,0.6723295359999999
604.25,0.6722510810000001
604.5,0.672086127
604.75,0.671904695
605.0,0.67178415
605.25,0.671755679
605.5,0.671769456
605.75,0.671784829
606.0,0.671769975
606.25,0.671690715
606.5,0.6715610209999999
606.75,0.671442838
607.0,0.671391538
607.25,0.671427403
607.5,0.671516126
607.75,0.671623478
608.0,0.671722374
608.25,0.6717980060000001
608.5,0.671851322
608.75,0.6718906570000001
609.0,0.671891207
609.25,0.671840065
609.5,0.671764585
609.75,0.6717010969999999
610.0,0.671689548
610.25,0.671769124
610.5,0.6719207549999999
610.75,0.672064414
611.0,0.67210536
611.25,0.672006373
611.5,0.671833935
611.75,0.671655459
612.0,0.671528892
612.25,0.671497675
612.5,0.671549242
612.75,0.671619938
613.0,0.67165695
613.25,0.671642461
613.5,0.671608965
613.75,0.6715799650000001
614.0,0.671571538
614.25,0.6716006720000001
614.5,0.671659769
614.75,0.671719285
615.0,0.6717633310000001
615.25,0.671786402
615.5,0.671791721
615.75,0.671778278
616.0,0.6717446499999999
616.25,0.671696588
616.5,0.671634629
616.75,0.6715486979999999
617.0,0.671406874
617.25,0.6711983060000001
617.5,0.670960232
617.75,0.6707448570000001
618.0,0.6706046640000001
618.25,0.670573319
618.5,0.670636308
618.75,0.670737811
619.0,0.67083544
619.25,0.670912525
619.5,0.6709844140000001
619.75,0.671045913
620.0,0.671079078
620.25,0.671069403
620.5,0.6710242359999999
620.75,0.670979538
621.0,0.671012118
621.25,0.671152576
621.5,0.671334078
621.75,0.671484361
622.0,0.671539341
622.25,0.671455175
622.5,0.671251102
622.75,0.670997925
623.0,0.670735087
623.25,0.670477991
623.5,0.670223704
623.75,0.6699987669999999
624.0,0.6698420509999999
624.25,0.669775365
624.5,0.6697866779999999
624.75,0.669831842
625.0,0.669854425
625.25,0.669831047
625.5,0.6697961109999999
625.75,0.669769844
626.0,0.669764002
626.25,0.6697964169999999
626.5,0.66985914
626.75,0.66991692
627.0,0.669926865
627.25,0.669872847
627.5,0.669785305
627.75,0.669695783
628.0,0.669634343
628.25,0.669629974
628.5,0.669671829
628.75,0.669709707
629.0,0.6696858950000001
629.25,0.669579999
629.5,0.6694345740000001
629.75,0.669293838
630.0,0.66919516
630.25,0.669161659
630.5,0.669185464
630.75,0.669238734
631.0,0.669329092
631.25,0.6694603429999999
631.5,0.669609919
631.75,0.6697369440000001
632.0,0.669796007
632.25,0.669755942
632.5,0.669630718
632.75,0.669476048
633.0,0.669354798
633.25,0.669291082
633.5,0.669246339
633.75,0.669195471
634.0,0.669119485
634.25,0.668989229
634.5,0.668818835
634.75,0.668666776
635.0,0.668601377
635.25,0.668647504
635.5,0.668757023
635.75,0.668876582
636.0,0.668955942
636.25,0.668954092
636.5,0.668882612
636.75,0.668803244
637.0,0.668789799
637.25,0.668866714
637.5,0.668976131
637.75,0.669060004
638.0,0.669066123
638.25,0.668950799
638.5,0.6687342
638.75,0.6684925540000001
639.0,0.668292485
639.25,0.6681588789999999
639.5,0.668059109
639.75,0.667977202
640.0,0.667905258
640.25,0.667826364
640.5,0.667745775
640.75,0.667689564
641.0,0.6676784760000001
641.25,0.6677179409999999
641.5,0.667791608
641.75,0.6678739840000001
642.0,0.667940903
642.25,0.667982748
642.5,0.667997695
642.75,0.6679888
643.0,0.667958891
643.25,0.6679073259999999
643.5,0.667829061
643.75,0.667725799
644.0,0.66759883
644.25,0.667439192
644.5,0.6672595379999999
644.75,0.667090728
645.0,0.6669487190000001
645.25,0.666841983
645.5,0.666775315
645.75,0.6667580390000001
646.0,0.666807252
646.25,0.666950994
646.5,0.667163517
646.75,0.667368267
647.0,0.667487748
647.25,0.667489789
647.5,0.667409996
647.75,0.667276423
648.0,0.6671037219999999
648.25,0.666890773
648.5,0.6666526690000001
648.75,0.666428284
649.0,0.666288338
649.25,0.666263635
649.5,0.666310293
649.75,0.6663838059999999
650.0,0.666446475
650.25,0.6664721769999999
650.5,0.666464773
650.75,0.6664476880000001
651.0,0.666417468
651.25,0.6663693789999999
651.5,0.666309719
651.75,0.666249305
652.0,0.666201786
652.25,0.666181996
652.5,0.666181679
652.75,0.66617395
653.0,0.6661422929999999
653.25,0.6660810819999999
653.5,0.665996019
653.75,0.6658922580000001
654.0,0.66577116
654.25,0.6656269669999999
654.5,0.665466819
654.75,0.665314309
655.0,0.6652112020000001
655.25,0.665173662
655.5,0.665171725
655.75,0.6651735280000001
656.0,0.665146385
656.25,0.6650555739999999
656.5,0.664914861
656.75,0.664784143
657.0,0.6647363479999999
657.25,0.664795065
657.5,0.66490525
657.75,0.665007344
658.0,0.665041977
658.25,0.664952209
658.5,0.664762467
658.75,0.6645698240000001
659.0,0.66447688
659.25,0.6645179870000001
659.5,0.664625907
659.75,0.664736258
660.0,0.664793201
660.25,0.664751368
660.5,0.664624772
660.75,0.664477361
661.0,0.664369818
661.25,0.664320689
661.5,0.664289837
661.75,0.664245619
662.0,0.66415967
662.25,0.663997716
662.5,0.663778462
662.75,0.663566048
663.0,0.6634173050000001
663.25,0.663352154
663.5,0.6633408670000001
663.75,0.663357624
664.0,0.663380498
664.25,0.663388631
664.5,0.663386039
664.75,0.663395092
665.0,0.66342433
665.25,0.663473581
665.5,0.663535357
665.75,0.663596446
666.0,0.663645756
666.25,0.663683767
666.5,0.663706036
666.75,0.663703389
667.0,0.663671359
667.25,0.663607937
667.5,0.663513409
667.75,0.6633943520000001
668.0,0.663258991
668.25,0.66311196
668.5,0.662957412
668.75,0.6627970190000001
669.0,0.662621233
669.25,0.662430003
669.5,0.662242424
669.75,0.662085917
670.0,0.66199432
670.25,0.6620055020000001
670.5,0.662099341
670.75,0.662195938
671.0,0.6621730100000001
671.25,0.6619888850000001
671.5,0.66173331
671.75,0.661497384
672.0,0.6613692
672.25,0.661433046
672.5,0.661649092
672.75,0.661878231
673.0,0.662006433
673.25,0.661995926
673.5,0.661903993
673.75,0.6617715670000001
674.0,0.661629041
674.25,0.66150758
674.5,0.661401853
674.75,0.661279642
675.0,0.66112638
675.25,0.660941974
675.5,0.660740581
675.75,0.660545063
676.0,0.660377623
676.25,0.660248971
676.5,0.660156834
676.75,0.660090038
677.0,0.6600398540000001
677.25,0.660003657
677.5,0.659985081
677.75,0.6599775050000001
678.0,0.6599738439999999
678.25,0.659977971
678.5,0.6599837900000001
678.75,0.659974213
679.0,0.6599267560000001
679.25,0.6598329580000001
679.5,0.6597063
679.75,0.659563758
680.0,0.659422833
680.25,0.659298957
680.5,0.659188278
680.75,0.659072752
681.0,0.6589412179999999
681.25,0.658791974
681.5,0.6586340190000001
681.75,0.65847897
682.0,0.658338177
682.25,0.658219605
682.5,0.658120655
682.75,0.658029991
683.0,0.6579345679999999
683.25,0.657830347
683.5,0.6577259449999999
683.75,0.657627268
684.0,0.6575390750000001
684.25,0.6574669949999999
684.5,0.6574074599999999
684.75,0.6573496670000001
685.0,0.657284729
685.25,0.6572092850000001
685.5,0.6571265550000001
685.75,0.657037844
686.0,0.656943108
686.25,0.6568420269999999
686.5,0.656737496
686.75,0.656632377
687.0,0.6565182860000001
687.25,0.6563939599999999
687.5,0.65627234
687.75,0.656169441
688.0,0.656107585
688.25,0.656118439
688.5,0.656182949
688.75,0.656234439
689.0,0.6561849359999999
689.25,0.656005653
689.5,0.6557562
689.75,0.655502125
690.0,0.655302241
690.25,0.6551965820000001
690.5,0.655167749
690.75,0.655173304
691.0,0.655250079
691.25,0.6554084960000001
691.5,0.655591095
691.75,0.655712415
692.0,0.6556704649999999
692.25,0.65536059
692.5,0.654841425
692.75,0.654308377
693.0,0.653976117
693.25,0.653915084
693.5,0.653998117
693.75,0.6541113669999999
694.0,0.654153495
694.25,0.654030619
694.5,0.653776186
694.75,0.6535148359999999
695.0,0.6533301629999999
695.25,0.653243404
695.5,0.653208581
695.75,0.6531868390000001
696.0,0.6531464379999999
696.25,0.653061527
696.5,0.652941115
696.75,0.652812925
697.0,0.65267071
697.25,0.65251172
697.5,0.652350781
697.75,0.652210492
698.0,0.652119086
698.25,0.6521074760000001
698.5,0.652156771
698.75,0.65220784
699.0,0.6521999650000001
699.25,0.652113338
699.5,0.6519814129999999
699.75,0.6518301120000001
700.0,0.651689404
700.25,0.651605623
700.5,0.651557228
700.75,0.651465671
701.0,0.651246172
701.25,0.650875208
701.5,0.650414246
701.75,0.649945946
702.0,0.649546298
702.25,0.6492571469999999
702.5,0.6490694909999999
702.75,0.648948636
703.0,0.64890146
703.25,0.6489317490000001
703.5,0.649021147
703.75,0.6491213769999999
704.0,0.649176836
704.25,0.649147891
704.5,0.649046297
704.75,0.648921937
705.0,0.6488233919999999
705.25,0.648762676
705.5,0.648705547
705.75,0.6486220439999999
706.0,0.648486668
706.25,0.648278587
706.5,0.6480096590000001
706.75,0.6477154469999999
707.0,0.6474267850000001
707.25,0.647154857
707.5,0.64688925
707.75,0.646634952
708.0,0.646398704
708.25,0.6461750079999999
708.5,0.645967649
708.75,0.645788408
709.0,0.645647263
709.25,0.645546487
709.5,0.645477659
709.75,0.64542188
710.0,0.645358942
710.25,0.645276324
710.5,0.645175853
710.75,0.645067342
711.0,0.644951963
711.25,0.6448284289999999
711.5,0.64469542
711.75,0.64455381
712.0,0.6444042820000001
712.25,0.644245123
712.5,0.644076832
712.75,0.643907839
713.0,0.6437693699999999
713.25,0.643670145
713.5,0.64358264
713.75,0.643475966
714.0,0.643315079
714.25,0.643061145
714.5,0.6427371439999999
714.75,0.64241221
715.0,0.6421505550000001
715.25,0.641972943
715.5,0.641847424
715.75,0.641745273
716.0,0.641647127
716.25,0.641547522
716.5,0.641440636
716.75,0.6413125540000001
717.0,0.641125164
717.25,0.640864573
717.5,0.640556315
717.75,0.640236951
718.0,0.639935972
718.25,0.639659389
718.5,0.639408422
718.75,0.6391998249999999
719.0,0.6391131569999999
719.25,0.639170366
719.5,0.6392982509999999
719.75,0.639395333
720.0,0.639351951
720.25,0.6390717699999999
720.5,0.6386020379999999
720.75,0.638090955
721.0,0.637666752
721.25,0.63736743
721.5,0.637128915
721.75,0.636912952
722.0,0.63668403
722.25,0.6363883250000001
722.5,0.636048478
722.75,0.635749675
723.0,0.635590897
723.25,0.635595923
723.5,0.635688936
723.75,0.6357750550000001
724.0,0.635746238
724.25,0.635490234
724.5,0.635061096
724.75,0.634637583
725.0,0.6344019040000001
725.25,0.634404439
725.5,0.6345318640000001
725.75,0.634664052
726.0,0.6346914290000001
726.25,0.634531746
726.5,0.634215824
726.75,0.63383949
727.0,0.63344093
727.25,0.633030157
727.5,0.632604372
727.75,0.6321924689999999
728.0,0.631835356
728.25,0.631566686
728.5,0.631371621
728.75,0.631194685
729.0,0.630959746
729.25,0.63064644
729.5,0.630307698
729.75,0.6299938810000001
730.0,0.6297581440000001
730.25,0.629658913
730.5,0.6296637660000001
730.75,0.629673114
731.0,0.629586174
731.25,0.629373257
731.5,0.6290901929999999
731.75,0.628788189
732.0,0.628514969
732.25,0.628314944
732.5,0.628170569
732.75,0.628027448
733.0,0.6278591760000001
733.25,0.627660464
733.5,0.627442498
733.75,0.627210207
734.0,0.626971843
734.25,0.626746472
734.5,0.626523825
734.75,0.6262718429999999
735.0,0.625959843
735.25,0.625580147
735.5,0.625154382
735.75,0.624718838
736.0,0.62430516
736.25,0.6239240500000001
736.5,0.623578663
736.75,0.623272889
737.0,0.623025755
737.25,0.6228444710000001
737.5,0.622715606
737.75,0.622609748
738.0,0.622498896
738.25,0.622370895
738.5,0.6222220039999999
738.75,0.622050678
739.0,0.621846907
739.25,0.621604524
739.5,0.621324797
739.75,0.621012781
740.0,0.620673087
740.25,0.62030707
740.5,0.619921226
740.75,0.619526975
741.0,0.619139167
741.25,0.618765775
741.5,0.618406783
741.75,0.61806897
742.0,0.617766308
742.25,0.617518672
742.5,0.617312265
742.75,0.617102734
743.0,0.6168242589999999
743.25,0.616458523
743.5,0.616048799
743.75,0.615640181
744.0,0.615283843
744.25,0.615037599
744.5,0.61487102
744.75,0.614693453
745.0,0.6144226620000001
745.25,0.614036322
745.5,0.613580582
745.75,0.613107878
746.0,0.612661615
746.25,0.612263499
746.5,0.611910811
746.75,0.611597766
747.0,0.611360154
747.25,0.611208584
747.5,0.611110187
747.75,0.611009675
748.0,0.610849509
748.25,0.610588161
748.5,0.610243428
748.75,0.609863563
749.0,0.609464527
749.25,0.609051105
749.5,0.608626628
749.75,0.608214158
750.0,0.607842184
750.25,0.607531566
750.5,0.60726786
750.75,0.60702254
751.0,0.606799824
751.25,0.606597359
751.5,0.606394313
751.75,0.606153216
752.0,0.6058259349999999
752.25,0.605362456
752.5,0.604798452
752.75,0.60422145
753.0,0.603694393
753.25,0.6032396600000001
753.5,0.602841934
753.75,0.60250074
754.0,0.602229904
754.25,0.602054009
754.5,0.60194758
754.75,0.60184294
755.0,0.60164917
755.25,0.601337538
755.5,0.600954911
755.75,0.600543899
756.0,0.600146204
756.25,0.599803447
756.5,0.599500333
756.75,0.59918832
757.0,0.598837294
757.25,0.598442912
757.5,0.598025598
757.75,0.5976072530000001
758.0,0.597218587
758.25,0.5969016890000001
758.5,0.596633008
758.75,0.596340778
759.0,0.5959442
759.25,0.595423049
759.5,0.594829728
759.75,0.594232042
760.0,0.593695671
760.25,0.5932682659999999
760.5,0.5929310329999999
760.75,0.5926320890000001
761.0,0.592353286
761.25,0.592090013
761.5,0.591841635
761.75,0.591589017
762.0,0.591305395
762.25,0.590966259
762.5,0.590583953
762.75,0.59019497
763.0,0.589834399
763.25,0.589511277
763.5,0.589205938
763.75,0.588897973
764.0,0.5885714529999999
764.25,0.5882188749999999
764.5,0.587839208
764.75,0.587437702
765.0,0.587027882
765.25,0.586611078
765.5,0.586174464
765.75,0.585712761
766.0,0.585209999
766.25,0.584629537
766.5,0.583996818
766.75,0.583392292
767.0,0.582935235
767.25,0.582655651
767.5,0.582473222
767.75,0.582287813
768.0,0.5819914190000001
768.25,0.581484269
768.5,0.580818737
768.75,0.580129838
769.0,0.579497682
769.25,0.578944853
769.5,0.578446485
769.75,0.577994653
770.0,0.577595745
770.25,0.577266101
770.5,0.576986133
770.75,0.576705485
771.0,0.576353667
771.25,0.5759084090000001
771.5,0.575404788
771.75,0.574880029
772.0,0.574363149
772.25,0.573867435
772.5,0.573393015
772.75,0.572943709
773.0,0.572558186
773.25,0.572247167
773.5,0.57198052
773.75,0.571711318
774.0,0.571390885
774.25,0.57098181
774.5,0.570497743
774.75,0.5699848789999999
775.0,0.569489706
775.25,0.569021315
775.5,0.568550064
775.75,0.5680553469999999
776.0,0.567507416
776.25,0.5668597559999999
776.5,0.566148337
776.75,0.565459781
777.0,0.5648685769999999
777.25,0.5643982630000001
777.5,0.564018995
777.75,0.563692147
778.0,0.563397703
778.25,0.563149873
778.5,0.562922651
778.75,0.562646413
779.0,0.562204625
779.25,0.5615636820000001
779.5,0.560793224
779.75,0.559991118
780.0,0.5592485700000001
780.25,0.558623063
780.5,0.558098874
780.75,0.557635826
781.0,0.5572550430000001
781.25,0.556964611
781.5,0.556739604
781.75,0.556519781
782.0,0.556248057
782.25,0.5558976090000001
782.5,0.555472325
782.75,0.5549825159999999
783.0,0.554404981
783.25,0.553733122
783.5,0.552990121
783.75,0.552229147
784.0,0.55150681
784.25,0.550862764
784.5,0.550283753
784.75,0.5497338780000001
785.0,0.549206569
785.25,0.548701721
785.5,0.548217938
785.75,0.547742768
786.0,0.547257781
786.25,0.546743611
786.5,0.546210349
786.75,0.545682279
787.0,0.545170413
787.25,0.5446775030000001
787.5,0.544199911
787.75,0.5437311539999999
788.0,0.543270207
788.25,0.542825644
788.5,0.542388514
788.75,0.541935173
789.0,0.5414329019999999
789.25,0.540872848
789.5,0.54027439
789.75,0.539666128
790.0,0.539074739
790.25,0.53851671
790.5,0.537987714
790.75,0.537476668
791.0,0.5369889369999999
791.25,0.536526965
791.5,0.5360848460000001
791.75,0.535645375
792.0,0.535195055
792.25,0.534733076
792.5,0.534253718
792.75,0.5337470950000001
793.0,0.533202457
793.25,0.532615508
793.5,0.5319904
793.75,0.531340368
794.0,0.530675788
794.25,0.529997386
794.5,0.529311985
794.75,0.528635305
795.0,0.5279961630000001
795.25,0.5274036200000001
795.5,0.526843679
795.75,0.526300498
796.0,0.525755905
796.25,0.525190614
796.5,0.5246109750000001
796.75,0.524039157
797.0,0.523497267
797.25,0.52298794
797.5,0.52249227
797.75,0.521981464
798.0,0.521424318
798.25,0.520794684
798.5,0.520107603
798.75,0.5194011199999999
799.0,0.518707892
799.25,0.518036336
799.5,0.51737329
799.75,0.5167156470000001
800.0,0.516057274
800.25,0.515383059
800.5,0.514704968
800.75,0.51404825
801.0,0.51342751
801.25,0.512847346
801.5,0.512302907
801.75,0.511781784
802.0,0.51127692
802.25,0.510792875
802.5,0.510318081
802.75,0.509828392
803.0,0.509293705
803.25,0.508704003
803.5,0.508070673
803.75,0.507406334
804.0,0.506724457
804.25,0.506038387
804.5,0.50534723
804.75,0.504643021
805.0,0.503922028
805.25,0.503187322
805.5,0.502449694
805.75,0.501729407
806.0,0.501054126
806.25,0.500453942
806.5,0.499909664
806.75,0.499369361
807.0,0.498772574
807.25,0.498105079
807.5,0.49740033300000003
807.75,0.496694161
808.0,0.496026352
808.25,0.49543701399999995
808.5,0.49490437099999995
808.75,0.49437239499999996
809.0,0.493792463
809.25,0.49315431099999996
809.5,0.49248404199999996
809.75,0.49180787400000003
810.0,0.491158985
810.25,0.490577025
810.5,0.490042833
810.75,0.489494494
811.0,0.48884954299999994
811.25,0.488093401
811.5,0.48728508
811.75,0.486502368
812.0,0.48583909399999997
812.25,0.48539118400000003
812.5,0.48509682200000004
812.75,0.48481307900000004
813.0,0.484430083
813.25,0.483919152
813.5,0.48332210600000003
813.75,0.482667131
814.0,0.481986055
814.25,0.48131976899999995
814.5,0.480651256
814.75,0.479936634
815.0,0.47915276799999995
815.25,0.47829883800000006
815.5,0.477397082
815.75,0.476496154
816.0,0.47564589599999996
816.25,0.47487961
816.5,0.474182127
816.75,0.473521099
817.0,0.472891712
817.25,0.47229209299999997
817.5,0.471714484
817.75,0.471130663
818.0,0.470509235
818.25,0.469827734
818.5,0.46909719899999996
818.75,0.468341954
819.0,0.467571053
819.25,0.46678696000000003
819.5,0.465991323
819.75,0.465200529
820.0,0.46442873900000003
820.25,0.46367866700000004
820.5,0.462951256
820.75,0.46225140200000003
821.0,0.461595566
821.25,0.46098646
821.5,0.46040894899999996
821.75,0.45983356200000003
822.0,0.45922458
822.25,0.45854843900000003
822.5,0.457821339
822.75,0.45708779899999996
823.0,0.456391819
823.25,0.455741419
823.5,0.455109683
823.75,0.454464892
824.0,0.453770957
824.25,0.45299272300000004
824.5,0.45215414099999995
824.75,0.451306679
825.0,0.450485421
825.25,0.449700944
825.5,0.448944344
825.75,0.448211466
826.0,0.44750697700000003
826.25,0.44684392
826.5,0.446208425
826.75,0.44556651999999997
827.0,0.44487290999999995
827.25,0.44411521600000003
827.5,0.443315506
827.75,0.442504466
828.0,0.44170575
828.25,0.440927613
828.5,0.440171845
828.75,0.439444885
829.0,0.43877266200000004
829.25,0.438161563
829.5,0.437593439
829.75,0.43703426700000003
830.0,0.43644766
830.25,0.435805212
830.5,0.43511949099999997
830.75,0.434418078
831.0,0.433708842
831.25,0.432992916
831.5,0.432269907
831.75,0.43154722900000003
832.0,0.430832245
832.25,0.43012807200000003
832.5,0.429434667
832.75,0.428751769
833.0,0.428082555
833.25,0.427428299
833.5,0.426786345
833.75,0.42614609800000003
834.0,0.425502611
834.25,0.424861642
834.5,0.424212335
834.75,0.42353889100000003
835.0,0.422837805
835.25,0.422105071
835.5,0.421335016
835.75,0.420525176
836.0,0.41966451699999996
836.25,0.41873214999999997
836.5,0.41775237899999995
836.75,0.416775859
837.0,0.41585527099999997
837.25,0.415006975
837.5,0.414214298
837.75,0.41346267999999997
838.0,0.41274181200000004
838.25,0.41204622399999996
838.5,0.41136937500000004
838.75,0.410700246
839.0,0.410018628
839.25,0.40931539000000006
839.5,0.408591432
839.75,0.40784073099999996
840.0,0.407049294
840.25,0.406198472
840.5,0.405306992
840.75,0.404413232
841.0,0.403552812
841.25,0.402735886
841.5,0.401952137
841.75,0.401201139
842.0,0.40047357
842.25,0.399745513
842.5,0.39902684099999997
842.75,0.398353697
843.0,0.39777977999999997
843.25,0.39731119400000003
843.5,0.39689998
843.75,0.396456672
844.0,0.395884312
844.25,0.395106171
844.5,0.39416711899999995
844.75,0.39316483999999996
845.0,0.392166752
845.25,0.39119029299999997
845.5,0.39021824899999996
845.75,0.38925979899999996
846.0,0.38832931699999995
846.25,0.387435405
846.5,0.386575866
846.75,0.385740423
847.0,0.384912667
847.25,0.384090061
847.5,0.383281718
847.75,0.382489545
848.0,0.38172218
848.25,0.380997759
848.5,0.38030014599999995
848.75,0.379588366
849.0,0.378807019
849.25,0.377943845
849.5,0.377029827
849.75,0.376110188
850.0,0.375232998
850.25,0.374437806
850.5,0.373701465
850.75,0.372981771
851.0,0.372270474
851.25,0.371563333
851.5,0.370852576
851.75,0.370119702
852.0,0.36933202
852.25,0.368448928
852.5,0.367503161
852.75,0.36656190600000005
853.0,0.365680494
853.25,0.364874291
853.5,0.364125078
853.75,0.36341344400000003
854.0,0.362725954
854.25,0.362057954
854.5,0.36140465899999996
854.75,0.3607502
855.0,0.360053511
855.25,0.359305007
855.5,0.358525729
855.75,0.357735971
856.0,0.35697127900000003
856.25,0.356280347
856.5,0.35562738299999996
856.75,0.354940825
857.0,0.354171175
857.25,0.35330533799999997
857.5,0.35236309099999996
857.75,0.351383725
858.0,0.350390717
858.25,0.349379399
858.5,0.348366518
858.75,0.347398401
859.0,0.346561422
859.25,0.345873838
859.5,0.34528450099999997
859.75,0.34471748100000005
860.0,0.34407307299999995
860.25,0.34324650100000004
860.5,0.34230182400000003
860.75,0.341375001
861.0,0.340563674
861.25,0.339888212
861.5,0.339303099
861.75,0.338741402
862.0,0.338142226
862.25,0.33746718099999995
862.5,0.33672789000000003
862.75,0.335951188
863.0,0.33514113
863.25,0.334294493
863.5,0.33340838899999997
863.75,0.332495399
864.0,0.33155346799999996
864.25,0.33055927
864.5,0.329538512
864.75,0.328555827
865.0,0.327705007
865.25,0.327006982
865.5,0.326408776
865.75,0.325820267
866.0,0.325154513
866.25,0.324353824
866.5,0.323450561
866.75,0.322486051
867.0,0.321419247
867.25,0.320247842
867.5,0.319024578
867.75,0.31785492499999995
868.0,0.316869833
868.25,0.316191012
868.5,0.3157332
868.75,0.315326878
869.0,0.31485063700000004
869.25,0.31427153100000005
869.5,0.31361972400000004
869.75,0.312903413
870.0,0.312115264
870.25,0.311240255
870.5,0.310302973
870.75,0.309345678
871.0,0.308404463
871.25,0.30749576500000003
871.5,0.30662412899999997
871.75,0.30581076300000004
872.0,0.305099893
872.25,0.304547942
872.5,0.304102315
872.75,0.303657186
873.0,0.303112253
873.25,0.30243976699999997
873.5,0.301671786
873.75,0.30084153999999996
874.0,0.299972886
874.25,0.299076267
874.5,0.298157196
874.75,0.297236629
875.0,0.296374245
875.25,0.29558537999999995
875.5,0.294842136
875.75,0.29410827500000003
876.0,0.29334621
876.25,0.29252492
876.5,0.291659495
876.75,0.290783028
877.0,0.28991783
877.25,0.289066742
877.5,0.288217956
877.75,0.287359617
878.0,0.286473485
878.25,0.285537781
878.5,0.28457349
878.75,0.283615924
879.0,0.282684687
879.25,0.281786967
879.5,0.280923034
879.75,0.280098933
880.0,0.279324018
880.25,0.278607145
880.5,0.277934874
880.75,0.27728219800000004
881.0,0.276622973
881.25,0.27594803799999995
881.5,0.27525876
881.75,0.27454216600000003
882.0,0.273783336
882.25,0.272972393
882.5,0.272118129
882.75,0.271238134
883.0,0.2703495
883.25,0.269457802
883.5,0.268562329
883.75,0.267674803
884.0,0.266809026
884.25,0.265975206
884.5,0.265168785
884.75,0.26437685400000005
885.0,0.263583801
885.25,0.262786493
885.5,0.26199279200000003
885.75,0.261213178
886.0,0.260452904
886.25,0.259709644
886.5,0.258983263
886.75,0.258278838
887.0,0.25760968100000003
887.25,0.25697627500000003
887.5,0.25636335099999996
887.75,0.255736629
888.0,0.255057636
888.25,0.254295351
888.5,0.253469263
888.75,0.252619034
889.0,0.25177562800000003
889.25,0.25094647999999997
889.5,0.250122261
889.75,0.24929767500000002
890.0,0.248472969
890.25,0.247653118
890.5,0.246834656
890.75,0.246008974
891.0,0.245165527
891.25,0.244301728
891.5,0.243424235
891.75,0.242550716
892.0,0.241689871
892.25,0.240836438
892.5,0.239997338
892.75,0.239192256
893.0,0.238454232
893.25,0.237788323
893.5,0.237170723
893.75,0.236555422
894.0,0.23588504
894.25,0.235106269
894.5,0.23425458600000001
894.75,0.23339433799999998
895.0,0.232561722
895.25,0.23176623400000002
895.5,0.230999414
895.75,0.23025252799999998
896.0,0.229528475
896.25,0.228841209
896.5,0.228173854
896.75,0.22749369
897.0,0.22676638300000002
897.25,0.22598223299999998
897.5,0.225152979
897.75,0.22429865899999998
898.0,0.223432255
898.25,0.222555752
898.5,0.22167675199999998
898.75,0.220811905
899.0,0.219990191
899.25,0.219219703
899.5,0.21848932100000001
899.75,0.217780946
900.0,0.217077557
900.25,0.216367492
900.5,0.21565266500000002
900.75,0.214935122
901.0,0.214204457
901.25,0.213456747
901.5,0.212694826
901.75,0.21192328800000002
902.0,0.211142801
902.25,0.210349764
902.5,0.20955016599999998
902.75,0.208757173
903.0,0.20798903600000002
903.25,0.207249833
903.5,0.20653143399999999
903.75,0.20582230199999998
904.0,0.205106711
904.25,0.204368158
904.5,0.203616339
904.75,0.202871314
905.0,0.202149252
905.25,0.20145222299999999
905.5,0.20077017
905.75,0.200085895
906.0,0.199376656
906.25,0.19862028399999998
906.5,0.197834284
906.75,0.197048073
907.0,0.196278021
907.25,0.19552943499999997
907.5,0.19480048400000002
907.75,0.194089274
908.0,0.193402857
908.25,0.192755347
908.5,0.192130379
908.75,0.19149795900000002
909.0,0.190829527
909.25,0.190117065
909.5,0.189368557
909.75,0.188594597
910.0,0.187803522
910.25,0.186999913
910.5,0.186186738
910.75,0.185370361
911.0,0.18456504
911.25,0.183775303
911.5,0.182999319
911.75,0.182241691
912.0,0.181503269
912.25,0.180779309
912.5,0.180072976
912.75,0.179388901
913.0,0.178727095
913.25,0.17808685800000001
913.5,0.177464774
913.75,0.17684738
914.0,0.176219844
914.25,0.17557097900000002
914.5,0.174906101
914.75,0.174233994
915.0,0.173555808
915.25,0.17287205
915.5,0.17218344500000002
915.75,0.17149072199999998
916.0,0.170801334
916.25,0.17012781
916.5,0.16945986300000002
916.75,0.16877905599999998
917.0,0.168071532
917.25,0.167333859
917.5,0.166572514
917.75,0.165803841
918.0,0.165038969
918.25,0.164280014
918.5,0.16353088300000002
918.75,0.162800161
919.0,0.16210331300000003
919.25,0.16144442299999998
919.5,0.160816075
919.75,0.160201478
920.0,0.15958508899999999
920.25,0.158957265
920.5,0.15832022799999998
920.75,0.15767488
921.0,0.15700979
921.25,0.156322211
921.5,0.15561831299999998
921.75,0.154909722
922.0,0.154210016
922.25,0.153530919
922.5,0.15286550599999998
922.75,0.152203008
923.0,0.151541101
923.25,0.15087927899999998
923.5,0.150217175
923.75,0.14955290100000002
924.0,0.14888406399999998
924.25,0.148208707
924.5,0.147529056
924.75,0.146847065
925.0,0.146160684
925.25,0.145470169
925.5,0.144779293
925.75,0.144097276
926.0,0.143433851
926.25,0.142796097
926.5,0.142179216
926.75,0.141572822
927.0,0.14096577500000002
927.25,0.14035561900000001
927.5,0.13974608500000002
927.75,0.139140465
928.0,0.138541157
928.25,0.137949119
928.5,0.13736187
928.75,0.136778005
929.0,0.136200877
929.25,0.135629915
929.5,0.13505983500000002
929.75,0.134479799
930.0,0.13387417299999999
930.25,0.133227435
930.5,0.132553082
930.75,0.131875737
931.0,0.131217036
931.25,0.130582301
931.5,0.129965273
931.75,0.129358811
932.0,0.128756668
932.25,0.12815469000000002
932.5,0.127554336
932.75,0.126956649
933.0,0.126357491
933.25,0.125755453
933.5,0.12515169399999998
933.75,0.124547974
934.0,0.123943518
934.25,0.12333535399999998
934.5,0.12272687500000001
934.75,0.122124318
935.0,0.121533957
935.25,0.12095746700000001
935.5,0.120392074
935.75,0.11983075199999998
936.0,0.11926898899999999
936.25,0.11870618599999999
936.5,0.11814063
936.75,0.11756789
937.0,0.116979684
937.25,0.116374198
937.5,0.115755887
937.75,0.11513430100000001
938.0,0.11452003499999999
938.25,0.11392166000000001
938.5,0.11333498600000001
938.75,0.11275193000000001
939.0,0.112167172
939.25,0.11158015799999998
939.5,0.110994214
939.75,0.11041550900000001
940.0,0.109850632
940.25,0.109304451
940.5,0.10877215999999999
940.75,0.10824595
941.0,0.107719973
941.25,0.107192158
941.5,0.106662375
941.75,0.106128554
942.0,0.10558461499999999
942.25,0.105022655
942.5,0.104449693
942.75,0.103879547
943.0,0.1033267
943.25,0.102794313
943.5,0.10227631899999999
943.75,0.10176180599999998
944.0,0.10123982
944.25,0.100702553
944.5,0.100154962
944.75,0.099603731
945.0,0.09904917200000002
945.25,0.098491438
945.5,0.097932196
945.75,0.097376892
946.0,0.096830328
946.25,0.096295049
946.5,0.09576994300000001
946.75,0.095253341
947.0,0.09474517899999998
947.25,0.09424515200000001
947.5,0.093751871
947.75,0.09326117400000002
948.0,0.09276630999999999
948.25,0.09226021699999999
948.5,0.091748057
948.75,0.09123808099999998
949.0,0.090734936
949.25,0.090239491
949.5,0.089750316
949.75,0.08926580099999999
950.0,0.088782071
950.25,0.088294116
950.5,0.08780571100000001
950.75,0.087323801
951.0,0.086854391
951.25,0.08639835900000001
951.5,0.08595189
951.75,0.085506597
952.0,0.085051739
952.25,0.08457765600000001
952.5,0.08409115899999998
952.75,0.08360437400000001
953.0,0.08312684299999999
953.25,0.082660697
953.5,0.082201973
953.75,0.081742275
954.0,0.08127610600000001
954.25,0.08080249299999999
954.5,0.08032198700000001
954.75,0.07983205599999998
955.0,0.07932403200000002
955.25,0.07879684900000002
955.5,0.07825825200000001
955.75,0.077727115
956.0,0.07722457299999999
956.25,0.076767065
956.5,0.07634267499999998
956.75,0.075931926
957.0,0.07552216999999999
957.25,0.075110269
957.5,0.07469779699999998
957.75,0.07428272999999999
958.0,0.073861719
958.25,0.073431588
958.5,0.072993918
958.75,0.072552088
959.0,0.07210925500000001
959.25,0.07166610200000001
959.5,0.071221851
959.75,0.07077624299999999
960.0,0.07032962300000001
960.25,0.06988276300000001
960.5,0.06943577000000001
960.75,0.06898865
961.0,0.068541681
961.25,0.068095037
961.5,0.06764935600000001
961.75,0.067207088
962.0,0.066769971
962.25,0.066338504
962.5,0.06591288599999999
962.75,0.06549236199999998
963.0,0.06507472
963.25,0.064659575
963.5,0.06424806400000001
963.75,0.06384204000000002
964.0,0.06344252599999999
964.25,0.063049445
964.5,0.06266241
964.75,0.06228019900000001
965.0,0.06190037199999998
965.25,0.061522383
965.5,0.06114642800000002
965.75,0.060770904000000014
966.0,0.060395186000000003
966.25,0.0600198
966.5,0.05964341100000001
966.75,0.05926403100000001
967.0,0.058879903
967.25,0.05849047099999999
967.5,0.05809642899999999
967.75,0.057700018000000006
968.0,0.057302851000000016
968.25,0.056905521999999986
968.5,0.056508639999999985
968.75,0.056114080999999996
969.0,0.055725724000000004
969.25,0.055344351999999986
969.5,0.0549684
969.75,0.054595490999999996
970.0,0.054221440999999995
970.25,0.053841729000000005
970.5,0.053460324000000004
970.75,0.05308241999999999
971.0,0.05270967800000001
971.25,0.052342552
971.5,0.05198122699999999
971.75,0.051626652999999995
972.0,0.05127847699999999
972.25,0.050935216000000005
972.5,0.05059778799999999
972.75,0.050266912
973.0,0.04994139199999999
973.25,0.049620934000000005
973.5,0.049305071000000006
973.75,0.048990584000000004
974.0,0.048674882
974.25,0.04835678500000001
974.5,0.04803606399999999
974.75,0.047712262000000005
975.0,0.047384023
975.25,0.04705094800000001
975.5,0.046713641999999986
975.75,0.04637382899999999
976.0,0.046033519999999994
976.25,0.04569442700000001
976.5,0.045356082000000006
976.75,0.045018117999999996
977.0,0.04468167099999999
977.25,0.04434706399999999
977.5,0.04401432000000001
977.75,0.043684396000000014
978.0,0.043357683999999994
978.25,0.043033914000000006
978.5,0.04271356899999999
978.75,0.04239656599999998
979.0,0.042081442999999996
979.25,0.041767927999999996
979.5,0.041456813999999995
979.75,0.04114961900000001
980.0,0.040847223
980.25,0.04054964800000001
980.5,0.040256647000000007
980.75,0.039967395
981.0,0.039680314999999994
981.25,0.039394956999999994
981.5,0.03911139400000001
981.75,0.038828955
982.0,0.038546229000000015
982.25,0.038261664
982.5,0.037976443999999984
982.75,0.037692246
983.0,0.037409849999999994
983.25,0.03712955700000001
983.5,0.036851207999999996
983.75,0.036574033000000006
984.0,0.03629849000000002
984.25,0.036025926
984.5,0.03575484100000001
984.75,0.03548222299999999
985.0,0.03520446599999999
985.25,0.034920827
985.5,0.034633149
985.75,0.034345749999999994
986.0,0.034063437
986.25,0.033789952
986.5,0.033522895999999996
986.75,0.033258127
987.0,0.03299242299999999
987.25,0.032725157000000005
987.5,0.03245780300000001
987.75,0.03219356000000001
988.0,0.031935406999999985
988.25,0.031685137000000016
988.5,0.031441088000000006
988.75,0.031200443999999994
989.0,0.03096060199999999
989.25,0.030720885000000003
989.5,0.030481642000000003
989.75,0.03024280800000001
990.0,0.030003746999999983
990.25,0.029763580999999997
990.5,0.029522881
990.75,0.029282735000000004
991.0,0.029044171999999993
991.25,0.028807411000000005
991.5,0.02857198300000001
991.75,0.028336816
992.0,0.028100922999999986
992.25,0.02786371400000001
992.5,0.027625701000000003
992.75,0.027387491
993.0,0.02714920700000001
993.25,0.026910927999999987
993.5,0.026672961999999995
993.75,0.026436306000000007
994.0,0.026202138
994.25,0.025971400000000006
994.5,0.025743519000000006
994.75,0.025517105999999998
995.0,0.02529040199999999
995.25,0.025062977
995.5,0.024835748000000005
995.75,0.024611157999999994
996.0,0.024390553999999995
996.25,0.02417396899999999
996.5,0.023961749000000004
996.75,0.02375396299999999
997.0,0.023550039999999994
997.25,0.02334992000000001
997.5,0.023153606999999993
997.75,0.022960305
998.0,0.022769262999999998
998.25,0.022579966999999992
998.5,0.02239213100000001
998.75,0.022204681000000018
999.0,0.022015247
999.25,0.021822997999999996
999.5,0.021628305
999.75,0.021432176999999997
1000.0,0.021235427
1000.25,0.021038576000000003
1000.5,0.020842265999999998
1000.75,0.020647150000000003
1001.0,0.020453744999999995
1001.25,0.02026169500000001
1001.5,0.020070435999999997
1001.75,0.019880260999999996
1002.0,0.019691609
1002.25,0.01950474799999999
1002.5,0.019319150999999993
1002.75,0.019134526
1003.0,0.018951374999999993
1003.25,0.018769892999999996
1003.5,0.018590089000000004
1003.75,0.018412047
1004.0,0.018235837000000005
1004.25,0.018061515
1004.5,0.017889167999999997
1004.75,0.017718837
1005.0,0.017550483000000006
1005.25,0.017384204
1005.5,0.017220083999999997
1005.75,0.017057945000000005
1006.0,0.016897539000000003
1006.25,0.016738612
1006.5,0.016580917
1006.75,0.01642420900000001
1007.0,0.016268240000000003
1007.25,0.016112718999999998
1007.5,0.015957163999999996
1007.75,0.015800673
1008.0,0.015643568999999996
1008.25,0.015487188999999998
1008.5,0.015331580999999997
1008.75,0.01517657900000001
1009.0,0.015022368999999994
1009.25,0.014869008999999989
1009.5,0.014716567
1009.75,0.014565358
1010.0,0.014415058999999994
1010.25,0.014264924999999998
1010.5,0.014115460999999996
1010.75,0.013967203999999997
1011.0,0.013820085999999995
1011.25,0.013674186000000005
1011.5,0.013529658
1011.75,0.013386553999999995
1012.0,0.01324505699999999
1012.25,0.013105372000000004
1012.5,0.012967088000000002
1012.75,0.012830000999999994
1013.0,0.012694530999999995
1013.25,0.012560745999999998
1013.5,0.012428514999999987
1013.75,0.012297800000000011
1014.0,0.012168542000000004
1014.25,0.012040668000000004
1014.5,0.011914176999999998
1014.75,0.011788958000000002
1015.0,0.011664721000000003
1015.25,0.011541533999999992
1015.5,0.011419596000000004
1015.75,0.011298897000000002
1016.0,0.011179312999999996
1016.25,0.01106065199999999
1016.5,0.010942756999999997
1016.75,0.010825470000000004
1017.0,0.010708609000000008
1017.25,0.010592009
1017.5,0.010475235
1017.75,0.010357183000000006
1018.0,0.010238162000000009
1018.25,0.010119669999999997
1018.5,0.010001874000000008
1018.75,0.00988472800000001
1019.0,0.009768539999999992
1019.25,0.009653526999999995
1019.5,0.009539879000000001
1019.75,0.009427890000000008
1020.0,0.009317622999999997
1020.25,0.009208943999999997
1020.5,0.009101846999999996
1020.75,0.008996327999999998
1021.0,0.008892315999999997
1021.25,0.00878976699999999
1021.5,0.008688635
1021.75,0.008588837000000002
1022.0,0.00849039700000001
1022.25,0.008393342999999998
1022.5,0.008297204000000002
1022.75,0.008201822999999997
1023.0,0.008107739000000003
1023.25,0.00801497100000001
1023.5,0.007923271999999995
1023.75,0.007832532000000003
1024.0,0.007742605999999999
1024.25,0.007653328000000001
1024.5,0.007564697000000009
1024.75,0.007476447999999997
1025.0,0.007387885999999996
1025.25,0.007298915999999989
1025.5,0.007209846000000006
1025.75,0.007121116999999996
1026.0,0.007032941000000001
1026.25,0.006945313999999994
1026.5,0.006858311999999991
1026.75,0.0067720220000000025
1027.0,0.006686497999999999
1027.25,0.006601837999999999
1027.5,0.006518012000000004
1027.75,0.006434622000000001
1028.0,0.006351712999999995
1028.25,0.0062697180000000075
1028.5,0.006188669000000008
1028.75,0.006108541999999995
1029.0,0.006029423000000006
1029.25,0.005951344999999997
1029.5,0.005874353999999998
1029.75,0.005798610999999995
1030.0,0.005723961
1030.25,0.005650072000000006
1030.5,0.005577224000000006
1030.75,0.005505619000000003
1031.0,0.005435068000000001
1031.25,0.0053654900000000005
1031.5,0.0052968410000000105
1031.75,0.005228999000000012
1032.0,0.005161991000000005
1032.25,0.0050958509999999985
1032.5,0.0050299309999999875
1032.75,0.004963991000000001
1033.0,0.004898663999999997
1033.25,0.004834099999999994
1033.5,0.004770185999999996
1033.75,0.004706932000000011
1034.0,0.004644322000000006
1034.25,0.004582320000000001
1034.5,0.00452097600000001
1034.75,0.004460202999999996
1035.0,0.004399689999999998
1035.25,0.0043393749999999925
1035.5,0.004279379
1035.75,0.004219924999999999
1036.0,0.004161110999999995
1036.25,0.004102913999999999
1036.5,0.004045359000000005
1036.75,0.003988473999999999
1037.0,0.0039322720000000005
1037.25,0.0038767829999999948
1037.5,0.0038219580000000003
1037.75,0.0037675120000000006
1038.0,0.0037135040000000064
1038.25,0.0036602619999999975
1038.5,0.0036077580000000026
1038.75,0.003555926000000001
1039.0,0.0035047889999999943
1039.25,0.003454326999999993
1039.5,0.0034045340000000007
1039.75,0.0033554999999999974
1040.0,0.003307043999999995
1040.25,0.003258853000000006
1040.5,0.00321121399999999
1040.75,0.0031643479999999974
1041.0,0.0031181039999999965
1041.25,0.0030724349999999984
1041.5,0.0030273299999999947
1041.75,0.0029827179999999953
1042.0,0.0029386230000000013
1042.25,0.002895069
1042.5,0.0028516629999999904
1042.75,0.002808262000000006
1043.0,0.002765240000000002
1043.25,0.00272269
1043.5,0.0026805620000000044
1043.75,0.002638873
1044.0,0.002597622000000001
1044.25,0.002556796
1044.5,0.0025164459999999986
1044.75,0.0024765170000000045
1045.0,0.002436802000000002
1045.25,0.0023972370000000034
1045.5,0.0023578939999999993
1045.75,0.002318954000000005
1046.0,0.0022805029999999962
1046.25,0.0022425320000000054
1046.5,0.0022050719999999954
1046.75,0.0021681559999999975
1047.0,0.0021318029999999946
1047.25,0.002096050000000002
1047.5,0.0020608699999999994
1047.75,0.002026054999999999
1048.0,0.001991647000000006
1048.25,0.001957871
1048.5,0.0019246960000000035
1048.75,0.0018920679999999968
1049.0,0.0018599960000000026
1049.25,0.0018284520000000012
1049.5,0.0017974270000000042
1049.75,0.001766988000000004
1050.0,0.0017369729999999958
1050.25,0.001707119
1050.5,0.0016776810000000003
1050.75,0.0016488389999999992
1051.0,0.0016204670000000004
1051.25,0.0015925229999999985
1051.5,0.0015649949999999996
1051.75,0.0015378190000000028
1052.0,0.0015110239999999997
1052.25,0.0014846379999999965
1052.5,0.0014582629999999944
1052.75,0.001431751000000002
1053.0,0.001405468
1053.25,0.0013795210000000016
1053.5,0.001353888999999997
1053.75,0.0013286110000000004
1054.0,0.0013037060000000017
1054.25,0.0012791879999999936
1054.5,0.0012551070000000053
1054.75,0.0012314489999999956
1055.0,0.0012081019999999956
1055.25,0.0011850250000000062
1055.5,0.0011622479999999977
1055.75,0.0011398770000000044
1056.0,0.0011179519999999984
1056.25,0.0010964540000000036
1056.5,0.0010753859999999976
1056.75,0.001054755999999997
1057.0,0.0010345600000000038
1057.25,0.0010148100000000049
1057.5,9.954640000000015E-4
1057.75,9.763669999999988E-4
1058.0,9.575610000000026E-4
1058.25,9.392319999999982E-4
1058.5,9.213350000000023E-4
1058.75,9.03809999999998E-4
1059.0,8.866530000000011E-4
1059.25,8.698219999999993E-4
1059.5,8.532979999999954E-4
1059.75,8.371510000000013E-4
1060.0,8.211730000000014E-4
1060.25,8.050480000000027E-4
1060.5,7.890769999999991E-4
1060.75,7.734910000000011E-4
1061.0,7.581939999999968E-4
1061.25,7.431779999999971E-4
1061.5,7.284700000000019E-4
1061.75,7.140580000000035E-4
1062.0,6.99973999999999E-4
1062.25,6.862470000000009E-4
1062.5,6.727090000000005E-4
1062.75,6.593020000000005E-4
1063.0,6.461779999999973E-4
1063.25,6.333710000000006E-4
1063.5,6.208549999999965E-4
1063.75,6.086270000000005E-4
1064.0,5.966800000000022E-4
1064.25,5.850000000000022E-4
1064.5,5.736069999999968E-4
1064.75,5.624619999999997E-4
1065.0,5.51446000000004E-4
1065.25,5.405300000000043E-4
1065.5,5.297609999999967E-4
1065.75,5.192300000000025E-4
1066.0,5.089659999999996E-4
1066.25,4.989440000000012E-4
1066.5,4.891640000000003E-4
1066.75,4.796270000000033E-4
1067.0,4.7032400000000113E-4
1067.25,4.61260000000005E-4
1067.5,4.5240299999999706E-4
1067.75,4.436300000000004E-4
1068.0,4.349779999999956E-4
1068.25,4.2659100000000394E-4
1068.5,4.1844199999999804E-4
1068.75,4.1050000000000114E-4
1069.0,4.027649999999994E-4
1069.25,3.9522799999999747E-4
1069.5,3.8788000000000017E-4
1069.75,3.80738999999998E-4
1070.0,3.7374700000000066E-4
1070.25,3.6681900000000434E-4
1070.5,3.600470000000022E-4
1070.75,3.5348400000000113E-4
1071.0,3.470799999999996E-4
1071.25,3.4081200000000283E-4
1071.5,3.346690000000027E-4
1071.75,3.2862200000000064E-4
1072.0,3.22673999999995E-4
1072.25,3.168299999999971E-4
1072.5,3.1092900000000145E-4
1072.75,3.0492099999999966E-4
1073.0,2.989440000000024E-4
1073.25,2.930420000000003E-4
1073.5,2.8721300000000144E-4
1073.75,2.8147200000000483E-4
1074.0,2.758339999999991E-4
1074.25,2.70303999999999E-4
1074.5,2.648960000000006E-4
1074.75,2.596160000000007E-4
1075.0,2.544730000000016E-4
1075.25,2.4946499999999733E-4
1075.5,2.445899999999994E-4
1075.75,2.398399999999981E-4
1076.0,2.3520400000000274E-4
1076.25,2.3066899999999932E-4
1076.5,2.262259999999995E-4
1076.75,2.218609999999968E-4
1077.0,2.1756099999999806E-4
1077.25,2.1331700000000106E-4
1077.5,2.0910600000000057E-4
1077.75,2.0486999999999936E-4
1078.0,2.0063300000000214E-4
1078.25,1.964659999999993E-4
1078.5,1.9236400000000042E-4
1078.75,1.8831100000000003E-4
1079.0,1.8431300000000192E-4
1079.25,1.803680000000002E-4
1079.5,1.7647399999999938E-4
1079.75,1.726499999999999E-4
1080.0,1.688580000000009E-4
1080.25,1.650439999999996E-4
1080.5,1.6126000000000335E-4
1080.75,1.5754100000000062E-4
1081.0,1.5388000000000207E-4
1081.25,1.5027600000000127E-4
1081.5,1.4674099999999884E-4
1081.75,1.4327500000000173E-4
1082.0,1.398859999999988E-4
1082.25,1.3658199999999968E-4
1082.5,1.3334800000000015E-4
1082.75,1.301779999999999E-4
1083.0,1.2708900000000037E-4
1083.25,1.2407700000000021E-4
1083.5,1.2113600000000085E-4
1083.75,1.1826199999999919E-4
1084.0,1.1544700000000116E-4
1084.25,1.1268900000000089E-4
1084.5,1.0998400000000047E-4
1084.75,1.0732399999999892E-4
1085.0,1.0467800000000041E-4
1085.25,1.0204100000000063E-4
1085.5,9.942400000000073E-5
1085.75,9.684800000000007E-5
1086.0,9.432200000000085E-5
1086.25,9.183999999999928E-5
1086.5,8.94010000000011E-5
1086.75,8.700599999999885E-5
1087.0,8.46519999999993E-5
1087.25,8.234199999999914E-5
1087.5,8.006699999999964E-5
1087.75,7.778399999999915E-5
1088.0,7.550600000000122E-5
1088.25,7.327899999999901E-5
1088.5,7.110500000000013E-5
1088.75,6.897800000000079E-5
1089.0,6.690600000000026E-5
1089.25,6.489199999999869E-5
1089.5,6.294100000000039E-5
1089.75,6.106100000000114E-5
1090.0,5.924500000000117E-5
1090.25,5.747700000000022E-5
1090.5,5.577200000000081E-5
1090.75,5.41360000000015E-5
1091.0,5.255800000000116E-5
1091.25,5.103400000000015E-5
1091.5,4.955999999999884E-5
1091.75,4.8126999999998504E-5
1092.0,4.673899999999877E-5
1092.25,4.5396999999999105E-5
1092.5,4.405699999999839E-5
1092.75,4.267600000000017E-5
1093.0,0.0
