# NAME 			GaiaDR2v2_RP
# WAVELENGTH_UNIT	nm
# DETECTOR		photon
# COMPNAME		GaiaDR2v2_RP
#
## WAVELENGTH	None	nm
## THROUGHPUT	None	filter throughput definition
#
WAVELENGTH,THROUGHPUT
300.00,0.0
300.25,0.0
300.50,0.0
300.75,0.0
301.00,0.0
301.25,0.0
301.50,0.0
301.75,0.0
302.00,0.0
302.25,0.0
302.50,0.0
302.75,0.0
303.00,0.0
303.25,0.0
303.50,0.0
303.75,0.0
304.00,0.0
304.25,0.0
304.50,0.0
304.75,0.0
305.00,0.0
305.25,0.0
305.50,0.0
305.75,0.0
306.00,0.0
306.25,0.0
306.50,0.0
306.75,0.0
307.00,0.0
307.25,0.0
307.50,0.0
307.75,0.0
308.00,0.0
308.25,0.0
308.50,0.0
308.75,0.0
309.00,0.0
309.25,0.0
309.50,0.0
309.75,0.0
310.00,0.0
310.25,0.0
310.50,0.0
310.75,0.0
311.00,0.0
311.25,0.0
311.50,0.0
311.75,0.0
312.00,0.0
312.25,0.0
312.50,0.0
312.75,0.0
313.00,0.0
313.25,0.0
313.50,0.0
313.75,0.0
314.00,0.0
314.25,0.0
314.50,0.0
314.75,0.0
315.00,0.0
315.25,0.0
315.50,0.0
315.75,0.0
316.00,0.0
316.25,0.0
316.50,0.0
316.75,0.0
317.00,0.0
317.25,0.0
317.50,0.0
317.75,0.0
318.00,0.0
318.25,0.0
318.50,0.0
318.75,0.0
319.00,0.0
319.25,0.0
319.50,0.0
319.75,0.0
320.00,0.0
320.25,0.0
320.50,0.0
320.75,0.0
321.00,0.0
321.25,0.0
321.50,0.0
321.75,0.0
322.00,0.0
322.25,0.0
322.50,0.0
322.75,0.0
323.00,0.0
323.25,0.0
323.50,0.0
323.75,0.0
324.00,0.0
324.25,0.0
324.50,0.0
324.75,0.0
325.00,0.0
325.25,0.0
325.50,0.0
325.75,0.0
326.00,0.0
326.25,0.0
326.50,0.0
326.75,0.0
327.00,0.0
327.25,0.0
327.50,0.0
327.75,0.0
328.00,0.0
328.25,0.0
328.50,0.0
328.75,0.0
329.00,0.0
329.25,0.0
329.50,0.0
329.75,0.0
330.00,0.0
330.25,0.0
330.50,0.0
330.75,0.0
331.00,0.0
331.25,0.0
331.50,0.0
331.75,0.0
332.00,0.0
332.25,0.0
332.50,0.0
332.75,0.0
333.00,0.0
333.25,0.0
333.50,0.0
333.75,0.0
334.00,0.0
334.25,0.0
334.50,0.0
334.75,0.0
335.00,0.0
335.25,0.0
335.50,0.0
335.75,0.0
336.00,0.0
336.25,0.0
336.50,0.0
336.75,0.0
337.00,0.0
337.25,0.0
337.50,0.0
337.75,0.0
338.00,0.0
338.25,0.0
338.50,0.0
338.75,0.0
339.00,0.0
339.25,0.0
339.50,0.0
339.75,0.0
340.00,0.0
340.25,0.0
340.50,0.0
340.75,0.0
341.00,0.0
341.25,0.0
341.50,0.0
341.75,0.0
342.00,0.0
342.25,0.0
342.50,0.0
342.75,0.0
343.00,0.0
343.25,0.0
343.50,0.0
343.75,0.0
344.00,0.0
344.25,0.0
344.50,0.0
344.75,0.0
345.00,0.0
345.25,0.0
345.50,0.0
345.75,0.0
346.00,0.0
346.25,0.0
346.50,0.0
346.75,0.0
347.00,0.0
347.25,0.0
347.50,0.0
347.75,0.0
348.00,0.0
348.25,0.0
348.50,0.0
348.75,0.0
349.00,0.0
349.25,0.0
349.50,0.0
349.75,0.0
350.00,0.0
350.25,0.0
350.50,0.0
350.75,0.0
351.00,0.0
351.25,0.0
351.50,0.0
351.75,0.0
352.00,0.0
352.25,0.0
352.50,0.0
352.75,0.0
353.00,0.0
353.25,0.0
353.50,0.0
353.75,0.0
354.00,0.0
354.25,0.0
354.50,0.0
354.75,0.0
355.00,0.0
355.25,0.0
355.50,0.0
355.75,0.0
356.00,0.0
356.25,0.0
356.50,0.0
356.75,0.0
357.00,0.0
357.25,0.0
357.50,0.0
357.75,0.0
358.00,0.0
358.25,0.0
358.50,0.0
358.75,0.0
359.00,0.0
359.25,0.0
359.50,0.0
359.75,0.0
360.00,0.0
360.25,0.0
360.50,0.0
360.75,0.0
361.00,0.0
361.25,0.0
361.50,0.0
361.75,0.0
362.00,0.0
362.25,0.0
362.50,0.0
362.75,0.0
363.00,0.0
363.25,0.0
363.50,0.0
363.75,0.0
364.00,0.0
364.25,0.0
364.50,0.0
364.75,0.0
365.00,0.0
365.25,0.0
365.50,0.0
365.75,0.0
366.00,0.0
366.25,0.0
366.50,0.0
366.75,0.0
367.00,0.0
367.25,0.0
367.50,0.0
367.75,0.0
368.00,0.0
368.25,0.0
368.50,0.0
368.75,0.0
369.00,0.0
369.25,0.0
369.50,0.0
369.75,0.0
370.00,0.0
370.25,0.0
370.50,0.0
370.75,0.0
371.00,0.0
371.25,0.0
371.50,0.0
371.75,0.0
372.00,0.0
372.25,0.0
372.50,0.0
372.75,0.0
373.00,0.0
373.25,0.0
373.50,0.0
373.75,0.0
374.00,0.0
374.25,0.0
374.50,0.0
374.75,0.0
375.00,0.0
375.25,0.0
375.50,0.0
375.75,0.0
376.00,0.0
376.25,0.0
376.50,0.0
376.75,0.0
377.00,0.0
377.25,0.0
377.50,0.0
377.75,0.0
378.00,0.0
378.25,0.0
378.50,0.0
378.75,0.0
379.00,0.0
379.25,0.0
379.50,0.0
379.75,0.0
380.00,0.0
380.25,0.0
380.50,0.0
380.75,0.0
381.00,0.0
381.25,0.0
381.50,0.0
381.75,0.0
382.00,0.0
382.25,0.0
382.50,0.0
382.75,0.0
383.00,0.0
383.25,0.0
383.50,0.0
383.75,0.0
384.00,0.0
384.25,0.0
384.50,0.0
384.75,0.0
385.00,0.0
385.25,0.0
385.50,0.0
385.75,0.0
386.00,0.0
386.25,0.0
386.50,0.0
386.75,0.0
387.00,0.0
387.25,0.0
387.50,0.0
387.75,0.0
388.00,0.0
388.25,0.0
388.50,0.0
388.75,0.0
389.00,0.0
389.25,0.0
389.50,0.0
389.75,0.0
390.00,0.0
390.25,0.0
390.50,0.0
390.75,0.0
391.00,0.0
391.25,0.0
391.50,0.0
391.75,0.0
392.00,0.0
392.25,0.0
392.50,0.0
392.75,0.0
393.00,0.0
393.25,0.0
393.50,0.0
393.75,0.0
394.00,0.0
394.25,0.0
394.50,0.0
394.75,0.0
395.00,0.0
395.25,0.0
395.50,0.0
395.75,0.0
396.00,0.0
396.25,0.0
396.50,0.0
396.75,0.0
397.00,0.0
397.25,0.0
397.50,0.0
397.75,0.0
398.00,0.0
398.25,0.0
398.50,0.0
398.75,0.0
399.00,0.0
399.25,0.0
399.50,0.0
399.75,0.0
400.00,0.0
400.25,0.0
400.50,0.0
400.75,0.0
401.00,0.0
401.25,0.0
401.50,0.0
401.75,0.0
402.00,0.0
402.25,0.0
402.50,0.0
402.75,0.0
403.00,0.0
403.25,0.0
403.50,0.0
403.75,0.0
404.00,0.0
404.25,0.0
404.50,0.0
404.75,0.0
405.00,0.0
405.25,0.0
405.50,0.0
405.75,0.0
406.00,0.0
406.25,0.0
406.50,0.0
406.75,0.0
407.00,0.0
407.25,0.0
407.50,0.0
407.75,0.0
408.00,0.0
408.25,0.0
408.50,0.0
408.75,0.0
409.00,0.0
409.25,0.0
409.50,0.0
409.75,0.0
410.00,0.0
410.25,0.0
410.50,0.0
410.75,0.0
411.00,0.0
411.25,0.0
411.50,0.0
411.75,0.0
412.00,0.0
412.25,0.0
412.50,0.0
412.75,0.0
413.00,0.0
413.25,0.0
413.50,0.0
413.75,0.0
414.00,0.0
414.25,0.0
414.50,0.0
414.75,0.0
415.00,0.0
415.25,0.0
415.50,0.0
415.75,0.0
416.00,0.0
416.25,0.0
416.50,0.0
416.75,0.0
417.00,0.0
417.25,0.0
417.50,0.0
417.75,0.0
418.00,0.0
418.25,0.0
418.50,0.0
418.75,0.0
419.00,0.0
419.25,0.0
419.50,0.0
419.75,0.0
420.00,0.0
420.25,0.0
420.50,0.0
420.75,0.0
421.00,0.0
421.25,0.0
421.50,0.0
421.75,0.0
422.00,0.0
422.25,0.0
422.50,0.0
422.75,0.0
423.00,0.0
423.25,0.0
423.50,0.0
423.75,0.0
424.00,0.0
424.25,0.0
424.50,0.0
424.75,0.0
425.00,0.0
425.25,0.0
425.50,0.0
425.75,0.0
426.00,0.0
426.25,0.0
426.50,0.0
426.75,0.0
427.00,0.0
427.25,0.0
427.50,0.0
427.75,0.0
428.00,0.0
428.25,0.0
428.50,0.0
428.75,0.0
429.00,0.0
429.25,0.0
429.50,0.0
429.75,0.0
430.00,0.0
430.25,0.0
430.50,0.0
430.75,0.0
431.00,0.0
431.25,0.0
431.50,0.0
431.75,0.0
432.00,0.0
432.25,0.0
432.50,0.0
432.75,0.0
433.00,0.0
433.25,0.0
433.50,0.0
433.75,0.0
434.00,0.0
434.25,0.0
434.50,0.0
434.75,0.0
435.00,0.0
435.25,0.0
435.50,0.0
435.75,0.0
436.00,0.0
436.25,0.0
436.50,0.0
436.75,0.0
437.00,0.0
437.25,0.0
437.50,0.0
437.75,0.0
438.00,0.0
438.25,0.0
438.50,0.0
438.75,0.0
439.00,0.0
439.25,0.0
439.50,0.0
439.75,0.0
440.00,0.0
440.25,0.0
440.50,0.0
440.75,0.0
441.00,0.0
441.25,0.0
441.50,0.0
441.75,0.0
442.00,0.0
442.25,0.0
442.50,0.0
442.75,0.0
443.00,0.0
443.25,0.0
443.50,0.0
443.75,0.0
444.00,0.0
444.25,0.0
444.50,0.0
444.75,0.0
445.00,0.0
445.25,0.0
445.50,0.0
445.75,0.0
446.00,0.0
446.25,0.0
446.50,0.0
446.75,0.0
447.00,0.0
447.25,0.0
447.50,0.0
447.75,0.0
448.00,0.0
448.25,0.0
448.50,0.0
448.75,0.0
449.00,0.0
449.25,0.0
449.50,0.0
449.75,0.0
450.00,0.0
450.25,0.0
450.50,0.0
450.75,0.0
451.00,0.0
451.25,0.0
451.50,0.0
451.75,0.0
452.00,0.0
452.25,0.0
452.50,0.0
452.75,0.0
453.00,0.0
453.25,0.0
453.50,0.0
453.75,0.0
454.00,0.0
454.25,0.0
454.50,0.0
454.75,0.0
455.00,0.0
455.25,0.0
455.50,0.0
455.75,0.0
456.00,0.0
456.25,0.0
456.50,0.0
456.75,0.0
457.00,0.0
457.25,0.0
457.50,0.0
457.75,0.0
458.00,0.0
458.25,0.0
458.50,0.0
458.75,0.0
459.00,0.0
459.25,0.0
459.50,0.0
459.75,0.0
460.00,0.0
460.25,0.0
460.50,0.0
460.75,0.0
461.00,0.0
461.25,0.0
461.50,0.0
461.75,0.0
462.00,0.0
462.25,0.0
462.50,0.0
462.75,0.0
463.00,0.0
463.25,0.0
463.50,0.0
463.75,0.0
464.00,0.0
464.25,0.0
464.50,0.0
464.75,0.0
465.00,0.0
465.25,0.0
465.50,0.0
465.75,0.0
466.00,0.0
466.25,0.0
466.50,0.0
466.75,0.0
467.00,0.0
467.25,0.0
467.50,0.0
467.75,0.0
468.00,0.0
468.25,0.0
468.50,0.0
468.75,0.0
469.00,0.0
469.25,0.0
469.50,0.0
469.75,0.0
470.00,0.0
470.25,0.0
470.50,0.0
470.75,0.0
471.00,0.0
471.25,0.0
471.50,0.0
471.75,0.0
472.00,0.0
472.25,0.0
472.50,0.0
472.75,0.0
473.00,0.0
473.25,0.0
473.50,0.0
473.75,0.0
474.00,0.0
474.25,0.0
474.50,0.0
474.75,0.0
475.00,0.0
475.25,0.0
475.50,0.0
475.75,0.0
476.00,0.0
476.25,0.0
476.50,0.0
476.75,0.0
477.00,0.0
477.25,0.0
477.50,0.0
477.75,0.0
478.00,0.0
478.25,0.0
478.50,0.0
478.75,0.0
479.00,0.0
479.25,0.0
479.50,0.0
479.75,0.0
480.00,0.0
480.25,0.0
480.50,0.0
480.75,0.0
481.00,0.0
481.25,0.0
481.50,0.0
481.75,0.0
482.00,0.0
482.25,0.0
482.50,0.0
482.75,0.0
483.00,0.0
483.25,0.0
483.50,0.0
483.75,0.0
484.00,0.0
484.25,0.0
484.50,0.0
484.75,0.0
485.00,0.0
485.25,0.0
485.50,0.0
485.75,0.0
486.00,0.0
486.25,0.0
486.50,0.0
486.75,0.0
487.00,0.0
487.25,0.0
487.50,0.0
487.75,0.0
488.00,0.0
488.25,0.0
488.50,0.0
488.75,0.0
489.00,0.0
489.25,0.0
489.50,0.0
489.75,0.0
490.00,0.0
490.25,0.0
490.50,0.0
490.75,0.0
491.00,0.0
491.25,0.0
491.50,0.0
491.75,0.0
492.00,0.0
492.25,0.0
492.50,0.0
492.75,0.0
493.00,0.0
493.25,0.0
493.50,0.0
493.75,0.0
494.00,0.0
494.25,0.0
494.50,0.0
494.75,0.0
495.00,0.0
495.25,0.0
495.50,0.0
495.75,0.0
496.00,0.0
496.25,0.0
496.50,0.0
496.75,0.0
497.00,0.0
497.25,0.0
497.50,0.0
497.75,0.0
498.00,0.0
498.25,0.0
498.50,0.0
498.75,0.0
499.00,0.0
499.25,0.0
499.50,0.0
499.75,0.0
500.00,0.0
500.25,0.0
500.50,0.0
500.75,0.0
501.00,0.0
501.25,0.0
501.50,0.0
501.75,0.0
502.00,0.0
502.25,0.0
502.50,0.0
502.75,0.0
503.00,0.0
503.25,0.0
503.50,0.0
503.75,0.0
504.00,0.0
504.25,0.0
504.50,0.0
504.75,0.0
505.00,0.0
505.25,0.0
505.50,0.0
505.75,0.0
506.00,0.0
506.25,0.0
506.50,0.0
506.75,0.0
507.00,0.0
507.25,0.0
507.50,0.0
507.75,0.0
508.00,0.0
508.25,0.0
508.50,0.0
508.75,0.0
509.00,0.0
509.25,0.0
509.50,0.0
509.75,0.0
510.00,0.0
510.25,0.0
510.50,0.0
510.75,0.0
511.00,0.0
511.25,0.0
511.50,0.0
511.75,0.0
512.00,0.0
512.25,0.0
512.50,0.0
512.75,0.0
513.00,0.0
513.25,0.0
513.50,0.0
513.75,0.0
514.00,0.0
514.25,0.0
514.50,0.0
514.75,0.0
515.00,0.0
515.25,0.0
515.50,0.0
515.75,0.0
516.00,0.0
516.25,0.0
516.50,0.0
516.75,0.0
517.00,0.0
517.25,0.0
517.50,0.0
517.75,0.0
518.00,0.0
518.25,0.0
518.50,0.0
518.75,0.0
519.00,0.0
519.25,0.0
519.50,0.0
519.75,0.0
520.00,0.0
520.25,0.0
520.50,0.0
520.75,0.0
521.00,0.0
521.25,0.0
521.50,0.0
521.75,0.0
522.00,0.0
522.25,0.0
522.50,0.0
522.75,0.0
523.00,0.0
523.25,0.0
523.50,0.0
523.75,0.0
524.00,0.0
524.25,0.0
524.50,0.0
524.75,0.0
525.00,0.0
525.25,0.0
525.50,0.0
525.75,0.0
526.00,0.0
526.25,0.0
526.50,0.0
526.75,0.0
527.00,0.0
527.25,0.0
527.50,0.0
527.75,0.0
528.00,0.0
528.25,0.0
528.50,0.0
528.75,0.0
529.00,0.0
529.25,0.0
529.50,0.0
529.75,0.0
530.00,0.0
530.25,0.0
530.50,0.0
530.75,0.0
531.00,0.0
531.25,0.0
531.50,0.0
531.75,0.0
532.00,0.0
532.25,0.0
532.50,0.0
532.75,0.0
533.00,0.0
533.25,0.0
533.50,0.0
533.75,0.0
534.00,0.0
534.25,0.0
534.50,0.0
534.75,0.0
535.00,0.0
535.25,0.0
535.50,0.0
535.75,0.0
536.00,0.0
536.25,0.0
536.50,0.0
536.75,0.0
537.00,0.0
537.25,0.0
537.50,0.0
537.75,0.0
538.00,0.0
538.25,0.0
538.50,0.0
538.75,0.0
539.00,0.0
539.25,0.0
539.50,0.0
539.75,0.0
540.00,0.0
540.25,0.0
540.50,0.0
540.75,0.0
541.00,0.0
541.25,0.0
541.50,0.0
541.75,0.0
542.00,0.0
542.25,0.0
542.50,0.0
542.75,0.0
543.00,0.0
543.25,0.0
543.50,0.0
543.75,0.0
544.00,0.0
544.25,0.0
544.50,0.0
544.75,0.0
545.00,0.0
545.25,0.0
545.50,0.0
545.75,0.0
546.00,0.0
546.25,0.0
546.50,0.0
546.75,0.0
547.00,0.0
547.25,0.0
547.50,0.0
547.75,0.0
548.00,0.0
548.25,0.0
548.50,0.0
548.75,0.0
549.00,0.0
549.25,0.0
549.50,0.0
549.75,0.0
550.00,0.0
550.25,0.0
550.50,0.0
550.75,0.0
551.00,0.0
551.25,0.0
551.50,0.0
551.75,0.0
552.00,0.0
552.25,0.0
552.50,0.0
552.75,0.0
553.00,0.0
553.25,0.0
553.50,0.0
553.75,0.0
554.00,0.0
554.25,0.0
554.50,0.0
554.75,0.0
555.00,0.0
555.25,0.0
555.50,0.0
555.75,0.0
556.00,0.0
556.25,0.0
556.50,0.0
556.75,0.0
557.00,0.0
557.25,0.0
557.50,0.0
557.75,0.0
558.00,0.0
558.25,0.0
558.50,0.0
558.75,0.0
559.00,0.0
559.25,0.0
559.50,0.0
559.75,0.0
560.00,0.0
560.25,0.0
560.50,0.0
560.75,0.0
561.00,0.0
561.25,0.0
561.50,0.0
561.75,0.0
562.00,0.0
562.25,0.0
562.50,0.0
562.75,0.0
563.00,0.0
563.25,0.0
563.50,0.0
563.75,0.0
564.00,0.0
564.25,0.0
564.50,0.0
564.75,0.0
565.00,0.0
565.25,0.0
565.50,0.0
565.75,0.0
566.00,0.0
566.25,0.0
566.50,0.0
566.75,0.0
567.00,0.0
567.25,0.0
567.50,0.0
567.75,0.0
568.00,0.0
568.25,0.0
568.50,0.0
568.75,0.0
569.00,0.0
569.25,0.0
569.50,0.0
569.75,0.0
570.00,0.0
570.25,0.0
570.50,0.0
570.75,0.0
571.00,0.0
571.25,0.0
571.50,0.0
571.75,0.0
572.00,0.0
572.25,0.0
572.50,0.0
572.75,0.0
573.00,0.0
573.25,0.0
573.50,0.0
573.75,0.0
574.00,0.0
574.25,0.0
574.50,0.0
574.75,0.0
575.00,0.0
575.25,0.0
575.50,0.0
575.75,0.0
576.00,0.0
576.25,0.0
576.50,0.0
576.75,0.0
577.00,0.0
577.25,0.0
577.50,0.0
577.75,0.0
578.00,0.0
578.25,0.0
578.50,0.0
578.75,0.0
579.00,0.0
579.25,0.0
579.50,0.0
579.75,0.0
580.00,0.0
580.25,0.0
580.50,0.0
580.75,0.0
581.00,0.0
581.25,0.0
581.50,0.0
581.75,0.0
582.00,0.0
582.25,0.0
582.50,0.0
582.75,0.0
583.00,0.0
583.25,0.0
583.50,0.0
583.75,0.0
584.00,0.0
584.25,0.0
584.50,0.0
584.75,0.0
585.00,0.0
585.25,0.0
585.50,0.0
585.75,0.0
586.00,0.0
586.25,0.0
586.50,0.0
586.75,0.0
587.00,0.0
587.25,0.0
587.50,0.0
587.75,0.0
588.00,0.0
588.25,0.0
588.50,0.0
588.75,0.0
589.00,0.0
589.25,0.0
589.50,0.0
589.75,0.0
590.00,0.0
590.25,0.0
590.50,0.0
590.75,0.0
591.00,0.0
591.25,0.0
591.50,0.0
591.75,0.0
592.00,0.0
592.25,0.0
592.50,0.0
592.75,0.0
593.00,0.0
593.25,0.0
593.50,0.0
593.75,0.0
594.00,0.0
594.25,0.0
594.50,0.0
594.75,0.0
595.00,0.0
595.25,0.0
595.50,0.0
595.75,0.0
596.00,0.0
596.25,0.0
596.50,0.0
596.75,0.0
597.00,0.0
597.25,0.0
597.50,0.0
597.75,0.0
598.00,0.0
598.25,0.0
598.50,0.0
598.75,0.0
599.00,0.0
599.25,0.0
599.50,0.0
599.75,0.0
600.00,7.33655646e-06
600.25,7.33703451e-06
600.50,7.33778192e-06
600.75,7.33888561e-06
601.00,7.34045932e-06
601.25,7.34657818e-06
601.50,7.35351225e-06
601.75,7.36151397e-06
602.00,7.37091033e-06
602.25,7.38073728e-06
602.50,7.39292159e-06
602.75,7.40816054e-06
603.00,7.42734728e-06
603.25,7.45081033e-06
603.50,7.48080933e-06
603.75,7.51918809e-06
604.00,7.56828236e-06
604.25,7.63283285e-06
604.50,7.71480405e-06
604.75,7.81888201e-06
605.00,7.95093942e-06
605.25,8.11716864e-06
605.50,8.32780495e-06
605.75,8.59419298e-06
606.00,8.93039055e-06
606.25,9.35476267e-06
606.50,9.88783367e-06
606.75,1.05559493e-05
607.00,1.13913956e-05
607.25,1.24313260e-05
607.50,1.37256408e-05
607.75,1.53325865e-05
608.00,1.73227218e-05
608.25,1.97821763e-05
608.50,2.28129829e-05
608.75,2.65385287e-05
609.00,3.11065837e-05
609.25,3.66972758e-05
609.50,4.35184050e-05
609.75,5.18198555e-05
610.00,6.18974605e-05
610.25,7.40879782e-05
610.50,8.88098947e-05
610.75,1.06543953e-04
611.00,1.27852469e-04
611.25,1.53430224e-04
611.50,1.84016140e-04
611.75,2.20498447e-04
612.00,2.63903930e-04
612.25,3.15352801e-04
612.50,3.76243315e-04
612.75,4.48125947e-04
613.00,5.32770447e-04
613.25,6.32224683e-04
613.50,7.48750961e-04
613.75,8.84934586e-04
614.00,1.04368918e-03
614.25,1.22818040e-03
614.50,1.44214253e-03
614.75,1.68965572e-03
615.00,1.97525694e-03
615.25,2.30409484e-03
615.50,2.68164007e-03
615.75,3.11401093e-03
616.00,3.60791677e-03
616.25,4.17097088e-03
616.50,4.81095772e-03
616.75,5.53654954e-03
617.00,6.35711676e-03
617.25,7.28357282e-03
617.50,8.32613698e-03
617.75,9.49639446e-03
618.00,1.08066643e-02
618.25,1.22665434e-02
618.50,1.38923128e-02
618.75,1.56982444e-02
619.00,1.76992301e-02
619.25,1.99104804e-02
619.50,2.23481504e-02
619.75,2.50286284e-02
620.00,2.79686459e-02
620.25,3.11877020e-02
620.50,3.47009485e-02
620.75,3.85255778e-02
621.00,4.26786620e-02
621.25,4.71693173e-02
621.50,5.20200396e-02
621.75,5.72464475e-02
622.00,6.28633955e-02
622.25,6.89092278e-02
622.50,7.53768773e-02
622.75,8.22783009e-02
623.00,8.96239947e-02
623.25,9.74250300e-02
623.50,1.05686615e-01
623.75,1.14413855e-01
624.00,1.23609731e-01
624.25,1.33242352e-01
624.50,1.43337722e-01
624.75,1.53891341e-01
625.00,1.64896139e-01
625.25,1.76349134e-01
625.50,1.88232153e-01
625.75,2.00530215e-01
626.00,2.13225688e-01
626.25,2.26282903e-01
626.50,2.39692706e-01
626.75,2.53429845e-01
627.00,2.67466781e-01
627.25,2.81808017e-01
627.50,2.96391295e-01
627.75,3.11183350e-01
628.00,3.26149389e-01
628.25,3.41219502e-01
628.50,3.56387455e-01
628.75,3.71615409e-01
629.00,3.86865088e-01
629.25,4.02158697e-01
629.50,4.17401867e-01
629.75,4.32556694e-01
630.00,4.47585966e-01
630.25,4.62374780e-01
630.50,4.76961850e-01
630.75,4.91313768e-01
631.00,5.05398860e-01
631.25,5.19135199e-01
631.50,5.32544676e-01
631.75,5.45602071e-01
632.00,5.58284590e-01
632.25,5.70707497e-01
632.50,5.82723223e-01
632.75,5.94316450e-01
633.00,6.05474518e-01
633.25,6.16143024e-01
633.50,6.26357533e-01
633.75,6.36113330e-01
634.00,6.45408189e-01
634.25,6.54291600e-01
634.50,6.62717907e-01
634.75,6.70691572e-01
635.00,6.78219042e-01
635.25,6.85139810e-01
635.50,6.91629408e-01
635.75,6.97699560e-01
636.00,7.03363282e-01
636.25,7.08732754e-01
636.50,7.13726322e-01
636.75,7.18359645e-01
637.00,7.22648978e-01
637.25,7.26512656e-01
637.50,7.30065032e-01
637.75,7.33323309e-01
638.00,7.36304678e-01
638.25,7.39226134e-01
638.50,7.41905848e-01
638.75,7.44360085e-01
639.00,7.46604690e-01
639.25,7.48566310e-01
639.50,7.50348056e-01
639.75,7.51964169e-01
640.00,7.53428233e-01
640.25,7.54719041e-01
640.50,7.55882793e-01
640.75,7.56930975e-01
641.00,7.57874350e-01
641.25,7.58618651e-01
641.50,7.59277345e-01
641.75,7.59859104e-01
642.00,7.60371924e-01
642.25,7.60866977e-01
642.50,7.61307199e-01
642.75,7.61698710e-01
643.00,7.62047070e-01
643.25,7.62427056e-01
643.50,7.62773508e-01
643.75,7.63090505e-01
644.00,7.63381699e-01
644.25,7.63699561e-01
644.50,7.63997808e-01
644.75,7.64279016e-01
645.00,7.64545463e-01
645.25,7.64699068e-01
645.50,7.64841674e-01
645.75,7.64974831e-01
646.00,7.65099896e-01
646.25,7.65044150e-01
646.50,7.64982501e-01
646.75,7.64915838e-01
647.00,7.64844930e-01
647.25,7.66469435e-01
647.50,7.68091446e-01
647.75,7.69711427e-01
648.00,7.71329777e-01
648.25,7.71868161e-01
648.50,7.72405233e-01
648.75,7.72941242e-01
649.00,7.73476399e-01
649.25,7.73365042e-01
649.50,7.73252984e-01
649.75,7.73140349e-01
650.00,7.73027241e-01
650.25,7.72907833e-01
650.50,7.72788098e-01
650.75,7.72668094e-01
651.00,7.72547870e-01
651.25,7.72526658e-01
651.50,7.72505297e-01
651.75,7.72483812e-01
652.00,7.72462226e-01
652.25,7.72552824e-01
652.50,7.72643370e-01
652.75,7.72733875e-01
653.00,7.72824349e-01
653.25,7.72956680e-01
653.50,7.73089000e-01
653.75,7.73221313e-01
654.00,7.73353623e-01
654.25,7.73573348e-01
654.50,7.73793095e-01
654.75,7.74012867e-01
655.00,7.74232665e-01
655.25,7.74210857e-01
655.50,7.74189046e-01
655.75,7.74167231e-01
656.00,7.74145414e-01
656.25,7.74150206e-01
656.50,7.74154981e-01
656.75,7.74159739e-01
657.00,7.74164481e-01
657.25,7.73869813e-01
657.50,7.73575187e-01
657.75,7.73280606e-01
658.00,7.72986068e-01
658.25,7.72863765e-01
658.50,7.72741401e-01
658.75,7.72618976e-01
659.00,7.72496489e-01
659.25,7.72053228e-01
659.50,7.71610050e-01
659.75,7.71166955e-01
660.00,7.70723944e-01
660.25,7.70370698e-01
660.50,7.70017385e-01
660.75,7.69664008e-01
661.00,7.69310564e-01
661.25,7.68984586e-01
661.50,7.68658603e-01
661.75,7.68332613e-01
662.00,7.68006618e-01
662.25,7.67823671e-01
662.50,7.67640640e-01
662.75,7.67457527e-01
663.00,7.67274329e-01
663.25,7.66864210e-01
663.50,7.66454131e-01
663.75,7.66044091e-01
664.00,7.65634090e-01
664.25,7.65303605e-01
664.50,7.64973162e-01
664.75,7.64642760e-01
665.00,7.64312400e-01
665.25,7.63964720e-01
665.50,7.63617104e-01
665.75,7.63269553e-01
666.00,7.62922065e-01
666.25,7.62657586e-01
666.50,7.62393140e-01
666.75,7.62128728e-01
667.00,7.61864349e-01
667.25,7.61745446e-01
667.50,7.61626536e-01
667.75,7.61507619e-01
668.00,7.61388696e-01
668.25,7.61315946e-01
668.50,7.61243174e-01
668.75,7.61170380e-01
669.00,7.61097564e-01
669.25,7.61030624e-01
669.50,7.60963664e-01
669.75,7.60896683e-01
670.00,7.60829682e-01
670.25,7.60588640e-01
670.50,7.60347636e-01
670.75,7.60106671e-01
671.00,7.59865744e-01
671.25,7.59761952e-01
671.50,7.59658117e-01
671.75,7.59554239e-01
672.00,7.59450319e-01
672.25,7.59028178e-01
672.50,7.58606154e-01
672.75,7.58184247e-01
673.00,7.57762457e-01
673.25,7.57484755e-01
673.50,7.57207068e-01
673.75,7.56929396e-01
674.00,7.56651739e-01
674.25,7.56405862e-01
674.50,7.56159988e-01
674.75,7.55914119e-01
675.00,7.55668254e-01
675.25,7.55458397e-01
675.50,7.55248517e-01
675.75,7.55038613e-01
676.00,7.54828687e-01
676.25,7.54474047e-01
676.50,7.54119451e-01
676.75,7.53764899e-01
677.00,7.53410390e-01
677.25,7.53002137e-01
677.50,7.52593975e-01
677.75,7.52185904e-01
678.00,7.51777923e-01
678.25,7.51389467e-01
678.50,7.51001100e-01
678.75,7.50612823e-01
679.00,7.50224634e-01
679.25,7.49902080e-01
679.50,7.49579558e-01
679.75,7.49257068e-01
680.00,7.48934611e-01
680.25,7.48675485e-01
680.50,7.48416387e-01
680.75,7.48157318e-01
681.00,7.47898276e-01
681.25,7.47629407e-01
681.50,7.47360553e-01
681.75,7.47091714e-01
682.00,7.46822890e-01
682.25,7.46519428e-01
682.50,7.46216006e-01
682.75,7.45912624e-01
683.00,7.45609282e-01
683.25,7.45388292e-01
683.50,7.45167328e-01
683.75,7.44946390e-01
684.00,7.44725476e-01
684.25,7.44561490e-01
684.50,7.44397523e-01
684.75,7.44233573e-01
685.00,7.44069641e-01
685.25,7.43916955e-01
685.50,7.43764283e-01
685.75,7.43611627e-01
686.00,7.43458986e-01
686.25,7.43412159e-01
686.50,7.43365332e-01
686.75,7.43318505e-01
687.00,7.43271679e-01
687.25,7.43307593e-01
687.50,7.43343500e-01
687.75,7.43379400e-01
688.00,7.43415294e-01
688.25,7.43327105e-01
688.50,7.43238899e-01
688.75,7.43150676e-01
689.00,7.43062434e-01
689.25,7.43232609e-01
689.50,7.43402803e-01
689.75,7.43573016e-01
690.00,7.43743248e-01
690.25,7.43854859e-01
690.50,7.43966416e-01
690.75,7.44077919e-01
691.00,7.44189367e-01
691.25,7.44132787e-01
691.50,7.44076125e-01
691.75,7.44019382e-01
692.00,7.43962557e-01
692.25,7.44439362e-01
692.50,7.44916320e-01
692.75,7.45393430e-01
693.00,7.45870692e-01
693.25,7.45983523e-01
693.50,7.46096223e-01
693.75,7.46208791e-01
694.00,7.46321228e-01
694.25,7.46642919e-01
694.50,7.46964640e-01
694.75,7.47286392e-01
695.00,7.47608175e-01
695.25,7.47836933e-01
695.50,7.48065595e-01
695.75,7.48294159e-01
696.00,7.48522626e-01
696.25,7.48820076e-01
696.50,7.49117484e-01
696.75,7.49414851e-01
697.00,7.49712175e-01
697.25,7.50001747e-01
697.50,7.50291287e-01
697.75,7.50580794e-01
698.00,7.50870268e-01
698.25,7.51068292e-01
698.50,7.51266139e-01
698.75,7.51463810e-01
699.00,7.51661305e-01
699.25,7.51951701e-01
699.50,7.52242047e-01
699.75,7.52532344e-01
700.00,7.52822590e-01
700.25,7.53093350e-01
700.50,7.53364033e-01
700.75,7.53634640e-01
701.00,7.53905170e-01
701.25,7.54399379e-01
701.50,7.54893743e-01
701.75,7.55388261e-01
702.00,7.55882933e-01
702.25,7.56264998e-01
702.50,7.56647030e-01
702.75,7.57029030e-01
703.00,7.57410998e-01
703.25,7.57473161e-01
703.50,7.57535161e-01
703.75,7.57596996e-01
704.00,7.57658666e-01
704.25,7.57863843e-01
704.50,7.58068957e-01
704.75,7.58274010e-01
705.00,7.58479001e-01
705.25,7.58644586e-01
705.50,7.58810110e-01
705.75,7.58975572e-01
706.00,7.59140971e-01
706.25,7.59469261e-01
706.50,7.59797598e-01
706.75,7.60125981e-01
707.00,7.60454411e-01
707.25,7.60699778e-01
707.50,7.60945175e-01
707.75,7.61190601e-01
708.00,7.61436056e-01
708.25,7.61579611e-01
708.50,7.61723165e-01
708.75,7.61866720e-01
709.00,7.62010275e-01
709.25,7.62108552e-01
709.50,7.62206780e-01
709.75,7.62304961e-01
710.00,7.62403093e-01
710.25,7.62481509e-01
710.50,7.62559901e-01
710.75,7.62638268e-01
711.00,7.62716609e-01
711.25,7.62769123e-01
711.50,7.62821625e-01
711.75,7.62874114e-01
712.00,7.62926591e-01
712.25,7.62960941e-01
712.50,7.62995285e-01
712.75,7.63029624e-01
713.00,7.63063958e-01
713.25,7.63042780e-01
713.50,7.63021589e-01
713.75,7.63000383e-01
714.00,7.62979164e-01
714.25,7.63098719e-01
714.50,7.63218283e-01
714.75,7.63337856e-01
715.00,7.63457438e-01
715.25,7.63505558e-01
715.50,7.63553651e-01
715.75,7.63601715e-01
716.00,7.63649752e-01
716.25,7.63632531e-01
716.50,7.63615294e-01
716.75,7.63598041e-01
717.00,7.63580772e-01
717.25,7.63699210e-01
717.50,7.63817657e-01
717.75,7.63936113e-01
718.00,7.64054578e-01
718.25,7.64019422e-01
718.50,7.63984266e-01
718.75,7.63949110e-01
719.00,7.63913954e-01
719.25,7.63732794e-01
719.50,7.63551562e-01
719.75,7.63370259e-01
720.00,7.63188884e-01
720.25,7.63463310e-01
720.50,7.63737786e-01
720.75,7.64012311e-01
721.00,7.64286885e-01
721.25,7.64337640e-01
721.50,7.64388392e-01
721.75,7.64439140e-01
722.00,7.64489884e-01
722.25,7.64659048e-01
722.50,7.64828218e-01
722.75,7.64997394e-01
723.00,7.65166577e-01
723.25,7.64920235e-01
723.50,7.64673874e-01
723.75,7.64427495e-01
724.00,7.64181097e-01
724.25,7.64383184e-01
724.50,7.64585296e-01
724.75,7.64787432e-01
725.00,7.64989592e-01
725.25,7.64831564e-01
725.50,7.64673420e-01
725.75,7.64515163e-01
726.00,7.64356791e-01
726.25,7.64512446e-01
726.50,7.64668114e-01
726.75,7.64823795e-01
727.00,7.64979489e-01
727.25,7.65250886e-01
727.50,7.65522330e-01
727.75,7.65793821e-01
728.00,7.66065360e-01
728.25,7.66052171e-01
728.50,7.66038978e-01
728.75,7.66025779e-01
729.00,7.66012574e-01
729.25,7.66139881e-01
729.50,7.66267197e-01
729.75,7.66394519e-01
730.00,7.66521850e-01
730.25,7.66415510e-01
730.50,7.66309105e-01
730.75,7.66202637e-01
731.00,7.66096105e-01
731.25,7.66148029e-01
731.50,7.66199948e-01
731.75,7.66251862e-01
732.00,7.66303771e-01
732.25,7.66162804e-01
732.50,7.66021836e-01
732.75,7.65880867e-01
733.00,7.65739898e-01
733.25,7.65671420e-01
733.50,7.65602933e-01
733.75,7.65534436e-01
734.00,7.65465930e-01
734.25,7.65356433e-01
734.50,7.65246939e-01
734.75,7.65137450e-01
735.00,7.65027966e-01
735.25,7.65079670e-01
735.50,7.65131376e-01
735.75,7.65183084e-01
736.00,7.65234793e-01
736.25,7.65154444e-01
736.50,7.65074097e-01
736.75,7.64993754e-01
737.00,7.64913412e-01
737.25,7.64641022e-01
737.50,7.64368645e-01
737.75,7.64096281e-01
738.00,7.63823929e-01
738.25,7.63534756e-01
738.50,7.63245618e-01
738.75,7.62956515e-01
739.00,7.62667447e-01
739.25,7.62431819e-01
739.50,7.62196226e-01
739.75,7.61960669e-01
740.00,7.61725145e-01
740.25,7.61612054e-01
740.50,7.61498970e-01
740.75,7.61385894e-01
741.00,7.61272826e-01
741.25,7.61054070e-01
741.50,7.60835344e-01
741.75,7.60616650e-01
742.00,7.60397987e-01
742.25,7.60115637e-01
742.50,7.59833322e-01
742.75,7.59551044e-01
743.00,7.59268801e-01
743.25,7.59090896e-01
743.50,7.58913012e-01
743.75,7.58735148e-01
744.00,7.58557305e-01
744.25,7.58212760e-01
744.50,7.57868271e-01
744.75,7.57523838e-01
745.00,7.57179462e-01
745.25,7.57025147e-01
745.50,7.56870847e-01
745.75,7.56716562e-01
746.00,7.56562293e-01
746.25,7.56349839e-01
746.50,7.56137401e-01
746.75,7.55924979e-01
747.00,7.55712573e-01
747.25,7.55371919e-01
747.50,7.55031244e-01
747.75,7.54690549e-01
748.00,7.54349834e-01
748.25,7.54112564e-01
748.50,7.53875321e-01
748.75,7.53638105e-01
749.00,7.53400916e-01
749.25,7.53242565e-01
749.50,7.53084224e-01
749.75,7.52925893e-01
750.00,7.52767573e-01
750.25,7.52433193e-01
750.50,7.52098857e-01
750.75,7.51764564e-01
751.00,7.51430314e-01
751.25,7.51150198e-01
751.50,7.50870074e-01
751.75,7.50589941e-01
752.00,7.50309801e-01
752.25,7.50290668e-01
752.50,7.50271530e-01
752.75,7.50252389e-01
753.00,7.50233242e-01
753.25,7.50061655e-01
753.50,7.49890052e-01
753.75,7.49718433e-01
754.00,7.49546799e-01
754.25,7.49272136e-01
754.50,7.48997307e-01
754.75,7.48722309e-01
755.00,7.48447144e-01
755.25,7.48293399e-01
755.50,7.48139624e-01
755.75,7.47985819e-01
756.00,7.47831984e-01
756.25,7.47600827e-01
756.50,7.47369642e-01
756.75,7.47138427e-01
757.00,7.46907184e-01
757.25,7.46731752e-01
757.50,7.46556301e-01
757.75,7.46380832e-01
758.00,7.46205344e-01
758.25,7.46010407e-01
758.50,7.45815388e-01
758.75,7.45620287e-01
759.00,7.45425103e-01
759.25,7.45423935e-01
759.50,7.45422751e-01
759.75,7.45421553e-01
760.00,7.45420339e-01
760.25,7.45192407e-01
760.50,7.44964424e-01
760.75,7.44736391e-01
761.00,7.44508307e-01
761.25,7.44199185e-01
761.50,7.43889962e-01
761.75,7.43580640e-01
762.00,7.43271218e-01
762.25,7.43009537e-01
762.50,7.42747834e-01
762.75,7.42486107e-01
763.00,7.42224356e-01
763.25,7.41938921e-01
763.50,7.41653379e-01
763.75,7.41367730e-01
764.00,7.41081974e-01
764.25,7.40823323e-01
764.50,7.40564636e-01
764.75,7.40305913e-01
765.00,7.40047153e-01
765.25,7.39784619e-01
765.50,7.39522062e-01
765.75,7.39259482e-01
766.00,7.38996878e-01
766.25,7.38808087e-01
766.50,7.38619308e-01
766.75,7.38430541e-01
767.00,7.38241786e-01
767.25,7.37668700e-01
767.50,7.37095669e-01
767.75,7.36522691e-01
768.00,7.35949767e-01
768.25,7.35867068e-01
768.50,7.35784348e-01
768.75,7.35701608e-01
769.00,7.35618846e-01
769.25,7.35293707e-01
769.50,7.34968565e-01
769.75,7.34643420e-01
770.00,7.34318273e-01
770.25,7.33741094e-01
770.50,7.33164046e-01
770.75,7.32587129e-01
771.00,7.32010342e-01
771.25,7.31677944e-01
771.50,7.31345549e-01
771.75,7.31013158e-01
772.00,7.30680771e-01
772.25,7.30376993e-01
772.50,7.30073170e-01
772.75,7.29769304e-01
773.00,7.29465394e-01
773.25,7.28873409e-01
773.50,7.28281496e-01
773.75,7.27689657e-01
774.00,7.27097890e-01
774.25,7.26636708e-01
774.50,7.26175636e-01
774.75,7.25714674e-01
775.00,7.25253823e-01
775.25,7.24855821e-01
775.50,7.24457849e-01
775.75,7.24059908e-01
776.00,7.23661996e-01
776.25,7.23394894e-01
776.50,7.23127834e-01
776.75,7.22860816e-01
777.00,7.22593839e-01
777.25,7.22043515e-01
777.50,7.21493254e-01
777.75,7.20943056e-01
778.00,7.20392922e-01
778.25,7.19734848e-01
778.50,7.19076934e-01
778.75,7.18419182e-01
779.00,7.17761590e-01
779.25,7.17505708e-01
779.50,7.17249869e-01
779.75,7.16994075e-01
780.00,7.16738324e-01
780.25,7.16234074e-01
780.50,7.15729954e-01
780.75,7.15225966e-01
781.00,7.14722108e-01
781.25,7.14068135e-01
781.50,7.13414167e-01
781.75,7.12760205e-01
782.00,7.12106249e-01
782.25,7.11661082e-01
782.50,7.11215935e-01
782.75,7.10770807e-01
783.00,7.10325700e-01
783.25,7.10020296e-01
783.50,7.09714952e-01
783.75,7.09409669e-01
784.00,7.09104447e-01
784.25,7.08708503e-01
784.50,7.08312613e-01
784.75,7.07916777e-01
785.00,7.07520994e-01
785.25,7.06918318e-01
785.50,7.06315836e-01
785.75,7.05713548e-01
786.00,7.05111455e-01
786.25,7.04687891e-01
786.50,7.04264358e-01
786.75,7.03840856e-01
787.00,7.03417385e-01
787.25,7.02795150e-01
787.50,7.02173115e-01
787.75,7.01551281e-01
788.00,7.00929648e-01
788.25,7.00393574e-01
788.50,6.99857599e-01
788.75,6.99321723e-01
789.00,6.98785946e-01
789.25,6.98417698e-01
789.50,6.98049437e-01
789.75,6.97681161e-01
790.00,6.97312872e-01
790.25,6.96856631e-01
790.50,6.96400442e-01
790.75,6.95944305e-01
791.00,6.95488220e-01
791.25,6.94902084e-01
791.50,6.94316005e-01
791.75,6.93729983e-01
792.00,6.93144019e-01
792.25,6.92638766e-01
792.50,6.92133587e-01
792.75,6.91628480e-01
793.00,6.91123447e-01
793.25,6.90717417e-01
793.50,6.90311393e-01
793.75,6.89905376e-01
794.00,6.89499364e-01
794.25,6.89072570e-01
794.50,6.88645887e-01
794.75,6.88219314e-01
795.00,6.87792851e-01
795.25,6.87346147e-01
795.50,6.86899362e-01
795.75,6.86452496e-01
796.00,6.86005549e-01
796.25,6.85566980e-01
796.50,6.85128422e-01
796.75,6.84689876e-01
797.00,6.84251341e-01
797.25,6.83737844e-01
797.50,6.83224258e-01
797.75,6.82710582e-01
798.00,6.82196816e-01
798.25,6.82042363e-01
798.50,6.81887718e-01
798.75,6.81732883e-01
799.00,6.81577857e-01
799.25,6.81111973e-01
799.50,6.80646119e-01
799.75,6.80180294e-01
800.00,6.79714499e-01
800.25,6.79366581e-01
800.50,6.79018614e-01
800.75,6.78670600e-01
801.00,6.78322537e-01
801.25,6.77927402e-01
801.50,6.77532013e-01
801.75,6.77136370e-01
802.00,6.76740474e-01
802.25,6.76282091e-01
802.50,6.75823535e-01
802.75,6.75364805e-01
803.00,6.74905900e-01
803.25,6.74500880e-01
803.50,6.74095843e-01
803.75,6.73690790e-01
804.00,6.73285721e-01
804.25,6.73076187e-01
804.50,6.72866481e-01
804.75,6.72656605e-01
805.00,6.72446558e-01
805.25,6.72228215e-01
805.50,6.72009791e-01
805.75,6.71791286e-01
806.00,6.71572700e-01
806.25,6.71094453e-01
806.50,6.70616123e-01
806.75,6.70137711e-01
807.00,6.69659216e-01
807.25,6.69516603e-01
807.50,6.69373838e-01
807.75,6.69230922e-01
808.00,6.69087854e-01
808.25,6.68856310e-01
808.50,6.68624277e-01
808.75,6.68391754e-01
809.00,6.68158742e-01
809.25,6.67794588e-01
809.50,6.67430452e-01
809.75,6.67066335e-01
810.00,6.66702237e-01
810.25,6.66432054e-01
810.50,6.66161546e-01
810.75,6.65890712e-01
811.00,6.65619552e-01
811.25,6.65394575e-01
811.50,6.65169486e-01
811.75,6.64944284e-01
812.00,6.64718969e-01
812.25,6.64079929e-01
812.50,6.63440735e-01
812.75,6.62801387e-01
813.00,6.62161886e-01
813.25,6.61673165e-01
813.50,6.61184279e-01
813.75,6.60695229e-01
814.00,6.60206013e-01
814.25,6.59997098e-01
814.50,6.59788056e-01
814.75,6.59578888e-01
815.00,6.59369592e-01
815.25,6.59130191e-01
815.50,6.58890694e-01
815.75,6.58651101e-01
816.00,6.58411413e-01
816.25,6.58119748e-01
816.50,6.57827873e-01
816.75,6.57535787e-01
817.00,6.57243492e-01
817.25,6.56588924e-01
817.50,6.55934427e-01
817.75,6.55280001e-01
818.00,6.54625646e-01
818.25,6.54228581e-01
818.50,6.53831326e-01
818.75,6.53433882e-01
819.00,6.53036249e-01
819.25,6.52747435e-01
819.50,6.52458528e-01
819.75,6.52169526e-01
820.00,6.51880431e-01
820.25,6.51188091e-01
820.50,6.50495896e-01
820.75,6.49803846e-01
821.00,6.49111939e-01
821.25,6.48579151e-01
821.50,6.48046228e-01
821.75,6.47513170e-01
822.00,6.46979977e-01
822.25,6.46356753e-01
822.50,6.45733657e-01
822.75,6.45110690e-01
823.00,6.44487851e-01
823.25,6.43840206e-01
823.50,6.43192630e-01
823.75,6.42545123e-01
824.00,6.41897685e-01
824.25,6.41595602e-01
824.50,6.41293528e-01
824.75,6.40991464e-01
825.00,6.40689409e-01
825.25,6.40050718e-01
825.50,6.39412166e-01
825.75,6.38773754e-01
826.00,6.38135482e-01
826.25,6.37594409e-01
826.50,6.37053465e-01
826.75,6.36512650e-01
827.00,6.35971964e-01
827.25,6.35473462e-01
827.50,6.34975003e-01
827.75,6.34476587e-01
828.00,6.33978215e-01
828.25,6.33446430e-01
828.50,6.32914775e-01
828.75,6.32383247e-01
829.00,6.31851848e-01
829.25,6.31244267e-01
829.50,6.30636762e-01
829.75,6.30029333e-01
830.00,6.29421978e-01
830.25,6.28787022e-01
830.50,6.28152196e-01
830.75,6.27517501e-01
831.00,6.26882935e-01
831.25,6.26367294e-01
831.50,6.25851798e-01
831.75,6.25336446e-01
832.00,6.24821240e-01
832.25,6.24106186e-01
832.50,6.23391355e-01
832.75,6.22676746e-01
833.00,6.21962360e-01
833.25,6.21271242e-01
833.50,6.20580118e-01
833.75,6.19888988e-01
834.00,6.19197852e-01
834.25,6.18642712e-01
834.50,6.18087577e-01
834.75,6.17532447e-01
835.00,6.16977322e-01
835.25,6.16221559e-01
835.50,6.15465976e-01
835.75,6.14710574e-01
836.00,6.13955352e-01
836.25,6.13937918e-01
836.50,6.13920385e-01
836.75,6.13902751e-01
837.00,6.13885017e-01
837.25,6.13105283e-01
837.50,6.12325729e-01
837.75,6.11546356e-01
838.00,6.10767164e-01
838.25,6.10269676e-01
838.50,6.09771706e-01
838.75,6.09273254e-01
839.00,6.08774321e-01
839.25,6.07914093e-01
839.50,6.07054267e-01
839.75,6.06194844e-01
840.00,6.05335823e-01
840.25,6.04777410e-01
840.50,6.04218750e-01
840.75,6.03659844e-01
841.00,6.03100692e-01
841.25,6.02754075e-01
841.50,6.02407030e-01
841.75,6.02059557e-01
842.00,6.01711655e-01
842.25,6.00843973e-01
842.50,5.99976440e-01
842.75,5.99109057e-01
843.00,5.98241823e-01
843.25,5.97474917e-01
843.50,5.96706953e-01
843.75,5.95937931e-01
844.00,5.95167852e-01
844.25,5.94932437e-01
844.50,5.94696769e-01
844.75,5.94460847e-01
845.00,5.94224670e-01
845.25,5.93918002e-01
845.50,5.93610642e-01
845.75,5.93302592e-01
846.00,5.92993850e-01
846.25,5.92632105e-01
846.50,5.92269958e-01
846.75,5.91907408e-01
847.00,5.91544455e-01
847.25,5.91243789e-01
847.50,5.90942443e-01
847.75,5.90640417e-01
848.00,5.90337711e-01
848.25,5.86532922e-01
848.50,5.82736944e-01
848.75,5.78949778e-01
849.00,5.75171424e-01
849.25,5.75176973e-01
849.50,5.75182130e-01
849.75,5.75186894e-01
850.00,5.75191267e-01
850.25,5.74605014e-01
850.50,5.74017510e-01
850.75,5.73428754e-01
851.00,5.72838747e-01
851.25,5.72218435e-01
851.50,5.71597830e-01
851.75,5.70976932e-01
852.00,5.70355741e-01
852.25,5.70073802e-01
852.50,5.69791405e-01
852.75,5.69508549e-01
853.00,5.69225234e-01
853.25,5.68376252e-01
853.50,5.67526799e-01
853.75,5.66676876e-01
854.00,5.65826483e-01
854.25,5.65532183e-01
854.50,5.65237088e-01
854.75,5.64941197e-01
855.00,5.64644510e-01
855.25,5.63907418e-01
855.50,5.63169725e-01
855.75,5.62431430e-01
856.00,5.61692533e-01
856.25,5.61052233e-01
856.50,5.60411233e-01
856.75,5.59769533e-01
857.00,5.59127134e-01
857.25,5.58810498e-01
857.50,5.58493475e-01
857.75,5.58176064e-01
858.00,5.57858267e-01
858.25,5.57181231e-01
858.50,5.56503844e-01
858.75,5.55826106e-01
859.00,5.55148018e-01
859.25,5.54517597e-01
859.50,5.53886421e-01
859.75,5.53254491e-01
860.00,5.52621806e-01
860.25,5.52044671e-01
860.50,5.51467190e-01
860.75,5.50889363e-01
861.00,5.50311188e-01
861.25,5.49279859e-01
861.50,5.48248323e-01
861.75,5.47216581e-01
862.00,5.46184633e-01
862.25,5.45611421e-01
862.50,5.45037643e-01
862.75,5.44463299e-01
863.00,5.43888391e-01
863.25,5.43149111e-01
863.50,5.42409597e-01
863.75,5.41669847e-01
864.00,5.40929862e-01
864.25,5.40295469e-01
864.50,5.39661064e-01
864.75,5.39026649e-01
865.00,5.38392222e-01
865.25,5.37461879e-01
865.50,5.36531326e-01
865.75,5.35600563e-01
866.00,5.34669590e-01
866.25,5.34057358e-01
866.50,5.33444848e-01
866.75,5.32832059e-01
867.00,5.32218990e-01
867.25,5.31878100e-01
867.50,5.31537257e-01
867.75,5.31196462e-01
868.00,5.30855714e-01
868.25,5.29819665e-01
868.50,5.28783285e-01
868.75,5.27746573e-01
869.00,5.26709531e-01
869.25,5.25572058e-01
869.50,5.24434406e-01
869.75,5.23296574e-01
870.00,5.22158562e-01
870.25,5.21486916e-01
870.50,5.20815458e-01
870.75,5.20144190e-01
871.00,5.19473111e-01
871.25,5.18578819e-01
871.50,5.17684731e-01
871.75,5.16790849e-01
872.00,5.15897172e-01
872.25,5.14493712e-01
872.50,5.13090195e-01
872.75,5.11686622e-01
873.00,5.10282991e-01
873.25,5.09633182e-01
873.50,5.08983517e-01
873.75,5.08333997e-01
874.00,5.07684622e-01
874.25,5.06767995e-01
874.50,5.05851406e-01
874.75,5.04934853e-01
875.00,5.04018337e-01
875.25,5.03049131e-01
875.50,5.02080083e-01
875.75,5.01111193e-01
876.00,5.00142459e-01
876.25,4.99389013e-01
876.50,4.98635818e-01
876.75,4.97882876e-01
877.00,4.97130187e-01
877.25,4.95960379e-01
877.50,4.94790493e-01
877.75,4.93620528e-01
878.00,4.92450484e-01
878.25,4.91947644e-01
878.50,4.91444924e-01
878.75,4.90942324e-01
879.00,4.90439844e-01
879.25,4.89471879e-01
879.50,4.88504260e-01
879.75,4.87536988e-01
880.00,4.86570061e-01
880.25,4.85366433e-01
880.50,4.84162772e-01
880.75,4.82959080e-01
881.00,4.81755355e-01
881.25,4.81075177e-01
881.50,4.80395028e-01
881.75,4.79714909e-01
882.00,4.79034820e-01
882.25,4.77937322e-01
882.50,4.76839654e-01
882.75,4.75741817e-01
883.00,4.74643811e-01
883.25,4.73830599e-01
883.50,4.73017735e-01
883.75,4.72205220e-01
884.00,4.71393053e-01
884.25,4.70756167e-01
884.50,4.70119110e-01
884.75,4.69481883e-01
885.00,4.68844486e-01
885.25,4.67726274e-01
885.50,4.66607727e-01
885.75,4.65488843e-01
886.00,4.64369624e-01
886.25,4.63718481e-01
886.50,4.63067501e-01
886.75,4.62416683e-01
887.00,4.61766028e-01
887.25,4.60762180e-01
887.50,4.59758085e-01
887.75,4.58753741e-01
888.00,4.57749150e-01
888.25,4.56871657e-01
888.50,4.55993951e-01
888.75,4.55116029e-01
889.00,4.54237892e-01
889.25,4.53753919e-01
889.50,4.53269956e-01
889.75,4.52786004e-01
890.00,4.52302063e-01
890.25,4.51338699e-01
890.50,4.50375238e-01
890.75,4.49411679e-01
891.00,4.48448022e-01
891.25,4.47870672e-01
891.50,4.47293177e-01
891.75,4.46715539e-01
892.00,4.46137758e-01
892.25,4.45622165e-01
892.50,4.45106463e-01
892.75,4.44590654e-01
893.00,4.44074736e-01
893.25,4.42897836e-01
893.50,4.41720918e-01
893.75,4.40543982e-01
894.00,4.39367028e-01
894.25,4.38928004e-01
894.50,4.38488737e-01
894.75,4.38049227e-01
895.00,4.37609475e-01
895.25,4.36807979e-01
895.50,4.36006400e-01
895.75,4.35204736e-01
896.00,4.34402988e-01
896.25,4.33313253e-01
896.50,4.32223234e-01
896.75,4.31132931e-01
897.00,4.30042345e-01
897.25,4.29454267e-01
897.50,4.28866034e-01
897.75,4.28277648e-01
898.00,4.27689107e-01
898.25,4.27047394e-01
898.50,4.26405615e-01
898.75,4.25763770e-01
899.00,4.25121860e-01
899.25,4.24248440e-01
899.50,4.23374912e-01
899.75,4.22501276e-01
900.00,4.21627532e-01
900.25,4.20927299e-01
900.50,4.20226792e-01
900.75,4.19526012e-01
901.00,4.18824958e-01
901.25,4.18123141e-01
901.50,4.17421241e-01
901.75,4.16719256e-01
902.00,4.16017188e-01
902.25,4.15220307e-01
902.50,4.14423247e-01
902.75,4.13626009e-01
903.00,4.12828592e-01
903.25,4.12019530e-01
903.50,4.11210292e-01
903.75,4.10400877e-01
904.00,4.09591286e-01
904.25,4.08908451e-01
904.50,4.08225574e-01
904.75,4.07542655e-01
905.00,4.06859693e-01
905.25,4.05900867e-01
905.50,4.04942053e-01
905.75,4.03983250e-01
906.00,4.03024458e-01
906.25,4.02502871e-01
906.50,4.01981256e-01
906.75,4.01459612e-01
907.00,4.00937939e-01
907.25,4.00401221e-01
907.50,3.99864441e-01
907.75,3.99327599e-01
908.00,3.98790695e-01
908.25,3.97762201e-01
908.50,3.96733448e-01
908.75,3.95704436e-01
909.00,3.94675165e-01
909.25,3.94118983e-01
909.50,3.93562954e-01
909.75,3.93007079e-01
910.00,3.92451357e-01
910.25,3.91939639e-01
910.50,3.91427830e-01
910.75,3.90915930e-01
911.00,3.90403940e-01
911.25,3.89501141e-01
911.50,3.88598469e-01
911.75,3.87695924e-01
912.00,3.86793505e-01
912.25,3.86440357e-01
912.50,3.86087196e-01
912.75,3.85734022e-01
913.00,3.85380835e-01
913.25,3.84491270e-01
913.50,3.83601710e-01
913.75,3.82712155e-01
914.00,3.81822605e-01
914.25,3.80901927e-01
914.50,3.79981321e-01
914.75,3.79060787e-01
915.00,3.78140325e-01
915.25,3.77789470e-01
915.50,3.77438696e-01
915.75,3.77088002e-01
916.00,3.76737389e-01
916.25,3.75666352e-01
916.50,3.74595296e-01
916.75,3.73524221e-01
917.00,3.72453127e-01
917.25,3.71706344e-01
917.50,3.70959693e-01
917.75,3.70213173e-01
918.00,3.69466785e-01
918.25,3.69211880e-01
918.50,3.68956989e-01
918.75,3.68702112e-01
919.00,3.68447248e-01
919.25,3.67265770e-01
919.50,3.66084295e-01
919.75,3.64902825e-01
920.00,3.63721358e-01
920.25,3.63061908e-01
920.50,3.62402611e-01
920.75,3.61743468e-01
921.00,3.61084477e-01
921.25,3.60764177e-01
921.50,3.60443881e-01
921.75,3.60123589e-01
922.00,3.59803302e-01
922.25,3.58628862e-01
922.50,3.57454690e-01
922.75,3.56280786e-01
923.00,3.55107150e-01
923.25,3.54567613e-01
923.50,3.54028178e-01
923.75,3.53488843e-01
924.00,3.52949610e-01
924.25,3.52402330e-01
924.50,3.51855012e-01
924.75,3.51307656e-01
925.00,3.50760261e-01
925.25,3.49738814e-01
925.50,3.48717409e-01
925.75,3.47696047e-01
926.00,3.46674726e-01
926.25,3.46252907e-01
926.50,3.45831113e-01
926.75,3.45409344e-01
927.00,3.44987600e-01
927.25,3.44362633e-01
927.50,3.43737637e-01
927.75,3.43112611e-01
928.00,3.42487557e-01
928.25,3.41508815e-01
928.50,3.40530119e-01
928.75,3.39551467e-01
929.00,3.38572860e-01
929.25,3.38050076e-01
929.50,3.37527306e-01
929.75,3.37004552e-01
930.00,3.36481813e-01
930.25,3.35811810e-01
930.50,3.35141817e-01
930.75,3.34471834e-01
931.00,3.33801863e-01
931.25,3.32915407e-01
931.50,3.32028931e-01
931.75,3.31142434e-01
932.00,3.30255916e-01
932.25,3.29639139e-01
932.50,3.29022317e-01
932.75,3.28405452e-01
933.00,3.27788543e-01
933.25,3.27062763e-01
933.50,3.26336972e-01
933.75,3.25611169e-01
934.00,3.24885355e-01
934.25,3.24202973e-01
934.50,3.23520647e-01
934.75,3.22838378e-01
935.00,3.22156166e-01
935.25,3.21413298e-01
935.50,3.20670339e-01
935.75,3.19927288e-01
936.00,3.19184146e-01
936.25,3.18395191e-01
936.50,3.17606343e-01
936.75,3.16817602e-01
937.00,3.16028967e-01
937.25,3.15391025e-01
937.50,3.14753141e-01
937.75,3.14115315e-01
938.00,3.13477547e-01
938.25,3.12466599e-01
938.50,3.11455743e-01
938.75,3.10444977e-01
939.00,3.09434303e-01
939.25,3.08693870e-01
939.50,3.07953388e-01
939.75,3.07212859e-01
940.00,3.06472281e-01
940.25,3.05819926e-01
940.50,3.05167686e-01
940.75,3.04515562e-01
941.00,3.03863555e-01
941.25,3.02737515e-01
941.50,3.01611390e-01
941.75,3.00485180e-01
942.00,2.99358885e-01
942.25,2.98745853e-01
942.50,2.98132835e-01
942.75,2.97519831e-01
943.00,2.96906841e-01
943.25,2.96449865e-01
943.50,2.95992724e-01
943.75,2.95535419e-01
944.00,2.95077951e-01
944.25,2.93862605e-01
944.50,2.92647056e-01
944.75,2.91431306e-01
945.00,2.90215354e-01
945.25,2.89531289e-01
945.50,2.88847003e-01
945.75,2.88162497e-01
946.00,2.87477771e-01
946.25,2.86987342e-01
946.50,2.86496766e-01
946.75,2.86006042e-01
947.00,2.85515171e-01
947.25,2.84288748e-01
947.50,2.83062021e-01
947.75,2.81834989e-01
948.00,2.80607653e-01
948.25,2.79877200e-01
948.50,2.79146534e-01
948.75,2.78415654e-01
949.00,2.77684561e-01
949.25,2.77221164e-01
949.50,2.76757589e-01
949.75,2.76293837e-01
950.00,2.75829908e-01
950.25,2.74766994e-01
950.50,2.73703816e-01
950.75,2.72640374e-01
951.00,2.71576668e-01
951.25,2.70606590e-01
951.50,2.69636296e-01
951.75,2.68665785e-01
952.00,2.67695057e-01
952.25,2.67012973e-01
952.50,2.66330667e-01
952.75,2.65648141e-01
953.00,2.64965393e-01
953.25,2.63817775e-01
953.50,2.62670000e-01
953.75,2.61522067e-01
954.00,2.60373978e-01
954.25,2.59453390e-01
954.50,2.58532547e-01
954.75,2.57611450e-01
955.00,2.56690098e-01
955.25,2.56038462e-01
955.50,2.55386773e-01
955.75,2.54735031e-01
956.00,2.54083235e-01
956.25,2.53029325e-01
956.50,2.51975248e-01
956.75,2.50921005e-01
957.00,2.49866595e-01
957.25,2.48914839e-01
957.50,2.47962926e-01
957.75,2.47010856e-01
958.00,2.46058629e-01
958.25,2.45129271e-01
958.50,2.44199824e-01
958.75,2.43270290e-01
959.00,2.42340668e-01
959.25,2.41314374e-01
959.50,2.40288043e-01
959.75,2.39261675e-01
960.00,2.38235271e-01
960.25,2.37333324e-01
960.50,2.36431382e-01
960.75,2.35529445e-01
961.00,2.34627513e-01
961.25,2.33539955e-01
961.50,2.32452401e-01
961.75,2.31364851e-01
962.00,2.30277306e-01
962.25,2.29212271e-01
962.50,2.28147216e-01
962.75,2.27082141e-01
963.00,2.26017045e-01
963.25,2.25207917e-01
963.50,2.24398804e-01
963.75,2.23589704e-01
964.00,2.22780617e-01
964.25,2.21571177e-01
964.50,2.20361847e-01
964.75,2.19152630e-01
965.00,2.17943524e-01
965.25,2.16864249e-01
965.50,2.15784870e-01
965.75,2.14705388e-01
966.00,2.13625802e-01
966.25,2.12871179e-01
966.50,2.12116617e-01
966.75,2.11362117e-01
967.00,2.10607679e-01
967.25,2.09381062e-01
967.50,2.08154501e-01
967.75,2.06927996e-01
968.00,2.05701548e-01
968.25,2.04565845e-01
968.50,2.03430279e-01
968.75,2.02294849e-01
969.00,2.01159555e-01
969.25,2.00444752e-01
969.50,1.99729962e-01
969.75,1.99015185e-01
970.00,1.98300422e-01
970.25,1.97119898e-01
970.50,1.95939514e-01
970.75,1.94759269e-01
971.00,1.93579165e-01
971.25,1.92397831e-01
971.50,1.91216460e-01
971.75,1.90035052e-01
972.00,1.88853606e-01
972.25,1.88178525e-01
972.50,1.87503464e-01
972.75,1.86828424e-01
973.00,1.86153404e-01
973.25,1.85055817e-01
973.50,1.83958244e-01
973.75,1.82860685e-01
974.00,1.81763140e-01
974.25,1.80445096e-01
974.50,1.79127221e-01
974.75,1.77809512e-01
975.00,1.76491972e-01
975.25,1.75796952e-01
975.50,1.75101928e-01
975.75,1.74406899e-01
976.00,1.73711865e-01
976.25,1.72773898e-01
976.50,1.71835913e-01
976.75,1.70897909e-01
977.00,1.69959887e-01
977.25,1.68611032e-01
977.50,1.67262197e-01
977.75,1.65913381e-01
978.00,1.64564585e-01
978.25,1.63743073e-01
978.50,1.62921577e-01
978.75,1.62100098e-01
979.00,1.61278636e-01
979.25,1.60488001e-01
979.50,1.59697379e-01
979.75,1.58906769e-01
980.00,1.58116173e-01
980.25,1.56858963e-01
980.50,1.55601664e-01
980.75,1.54344276e-01
981.00,1.53086798e-01
981.25,1.52126025e-01
981.50,1.51165188e-01
981.75,1.50204288e-01
982.00,1.49243326e-01
982.25,1.48582068e-01
982.50,1.47920828e-01
982.75,1.47259606e-01
983.00,1.46598402e-01
983.25,1.45489757e-01
983.50,1.44381030e-01
983.75,1.43272221e-01
984.00,1.42163330e-01
984.25,1.40971961e-01
984.50,1.39780622e-01
984.75,1.38589313e-01
985.00,1.37398034e-01
985.25,1.36768398e-01
985.50,1.36138737e-01
985.75,1.35509051e-01
986.00,1.34879340e-01
986.25,1.33953875e-01
986.50,1.33028345e-01
986.75,1.32102750e-01
987.00,1.31177089e-01
987.25,1.30049653e-01
987.50,1.28922142e-01
987.75,1.27794555e-01
988.00,1.26666891e-01
988.25,1.25903290e-01
988.50,1.25139657e-01
988.75,1.24375995e-01
989.00,1.23612302e-01
989.25,1.22883121e-01
989.50,1.22153819e-01
989.75,1.21424396e-01
990.00,1.20694851e-01
990.25,1.19676263e-01
990.50,1.18657618e-01
990.75,1.17638916e-01
991.00,1.16620156e-01
991.25,1.15693994e-01
991.50,1.14767770e-01
991.75,1.13841484e-01
992.00,1.12915135e-01
992.25,1.12284381e-01
992.50,1.11653572e-01
992.75,1.11022708e-01
993.00,1.10391790e-01
993.25,1.09488698e-01
993.50,1.08585533e-01
993.75,1.07682297e-01
994.00,1.06778987e-01
994.25,1.05852274e-01
994.50,1.04925462e-01
994.75,1.03998549e-01
995.00,1.03071537e-01
995.25,1.02488238e-01
995.50,1.01904929e-01
995.75,1.01321609e-01
996.00,1.00738278e-01
996.25,9.99568252e-02
996.50,9.91753287e-02
996.75,9.83937882e-02
997.00,9.76122037e-02
997.25,9.67559357e-02
997.50,9.58996517e-02
997.75,9.50433517e-02
998.00,9.41870357e-02
998.25,9.35427795e-02
998.50,9.28984899e-02
998.75,9.22541668e-02
999.00,9.16098103e-02
999.25,9.09042535e-02
999.50,9.01986276e-02
999.75,8.94929325e-02
1000.00,8.87871681e-02
1000.25,8.80146675e-02
1000.50,8.72421674e-02
1000.75,8.64696677e-02
1001.00,8.56971684e-02
1001.25,8.51122193e-02
1001.50,8.45272623e-02
1001.75,8.39422975e-02
1002.00,8.33573250e-02
1002.25,8.27115070e-02
1002.50,8.20656648e-02
1002.75,8.14197984e-02
1003.00,8.07739079e-02
1003.25,8.00524067e-02
1003.50,7.93308982e-02
1003.75,7.86093824e-02
1004.00,7.78878592e-02
1004.25,7.73397976e-02
1004.50,7.67917454e-02
1004.75,7.62437026e-02
1005.00,7.56956693e-02
1005.25,7.51817435e-02
1005.50,7.46678086e-02
1005.75,7.41538649e-02
1006.00,7.36399122e-02
1006.25,7.29363384e-02
1006.50,7.22328071e-02
1006.75,7.15293183e-02
1007.00,7.08258719e-02
1007.25,7.02588398e-02
1007.50,6.96917794e-02
1007.75,6.91246909e-02
1008.00,6.85575742e-02
1008.25,6.81799599e-02
1008.50,6.78023533e-02
1008.75,6.74247541e-02
1009.00,6.70471626e-02
1009.25,6.64016278e-02
1009.50,6.57561107e-02
1009.75,6.51106112e-02
1010.00,6.44651292e-02
1010.25,6.38690077e-02
1010.50,6.32729187e-02
1010.75,6.26768622e-02
1011.00,6.20808384e-02
1011.25,6.17592208e-02
1011.50,6.14376076e-02
1011.75,6.11159989e-02
1012.00,6.07943946e-02
1012.25,6.02929653e-02
1012.50,5.97915449e-02
1012.75,5.92901335e-02
1013.00,5.87887311e-02
1013.25,5.81780129e-02
1013.50,5.75673082e-02
1013.75,5.69566169e-02
1014.00,5.63459390e-02
1014.25,5.59650895e-02
1014.50,5.55842511e-02
1014.75,5.52034240e-02
1015.00,5.48226080e-02
1015.25,5.44815039e-02
1015.50,5.41404254e-02
1015.75,5.37993725e-02
1016.00,5.34583452e-02
1016.25,5.28659163e-02
1016.50,5.22735166e-02
1016.75,5.16811460e-02
1017.00,5.10888045e-02
1017.25,5.06408018e-02
1017.50,5.01928305e-02
1017.75,4.97448906e-02
1018.00,4.92969820e-02
1018.25,4.90517851e-02
1018.50,4.88065833e-02
1018.75,4.85613766e-02
1019.00,4.83161650e-02
1019.25,4.78731389e-02
1019.50,4.74301287e-02
1019.75,4.69871345e-02
1020.00,4.65441561e-02
1020.25,4.60208980e-02
1020.50,4.54976432e-02
1020.75,4.49743916e-02
1021.00,4.44511432e-02
1021.25,4.41693273e-02
1021.50,4.38875383e-02
1021.75,4.36057760e-02
1022.00,4.33240405e-02
1022.25,4.30058934e-02
1022.50,4.26877361e-02
1022.75,4.23695686e-02
1023.00,4.20513911e-02
1023.25,4.15710069e-02
1023.50,4.10906450e-02
1023.75,4.06103053e-02
1024.00,4.01299879e-02
1024.25,3.97196917e-02
1024.50,3.93093928e-02
1024.75,3.88990910e-02
1025.00,3.84887864e-02
1025.25,3.82603194e-02
1025.50,3.80318653e-02
1025.75,3.78034240e-02
1026.00,3.75749955e-02
1026.25,3.71895544e-02
1026.50,3.68041095e-02
1026.75,3.64186609e-02
1027.00,3.60332085e-02
1027.25,3.55983144e-02
1027.50,3.51634152e-02
1027.75,3.47285108e-02
1028.00,3.42936013e-02
1028.25,3.40272199e-02
1028.50,3.37608374e-02
1028.75,3.34944537e-02
1029.00,3.32280687e-02
1029.25,3.29436635e-02
1029.50,3.26592574e-02
1029.75,3.23748504e-02
1030.00,3.20904424e-02
1030.25,3.16885209e-02
1030.50,3.12865793e-02
1030.75,3.08846178e-02
1031.00,3.04826363e-02
1031.25,3.01386796e-02
1031.50,2.97947247e-02
1031.75,2.94507715e-02
1032.00,2.91068200e-02
1032.25,2.88939993e-02
1032.50,2.86811751e-02
1032.75,2.84683472e-02
1033.00,2.82555158e-02
1033.25,2.79227742e-02
1033.50,2.75900478e-02
1033.75,2.72573368e-02
1034.00,2.69246411e-02
1034.25,2.65676119e-02
1034.50,2.62105553e-02
1034.75,2.58534712e-02
1035.00,2.54963597e-02
1035.25,2.52434648e-02
1035.50,2.49905433e-02
1035.75,2.47375951e-02
1036.00,2.44846203e-02
1036.25,2.42342618e-02
1036.50,2.39839038e-02
1036.75,2.37335462e-02
1037.00,2.34831891e-02
1037.25,2.31498970e-02
1037.50,2.28165920e-02
1037.75,2.24832741e-02
1038.00,2.21499433e-02
1038.25,2.18622943e-02
1038.50,2.15746273e-02
1038.75,2.12869422e-02
1039.00,2.09992391e-02
1039.25,2.08115766e-02
1039.50,2.06238829e-02
1039.75,2.04361580e-02
1040.00,2.02484019e-02
1040.25,1.99744056e-02
1040.50,1.97004138e-02
1040.75,1.94264266e-02
1041.00,1.91524439e-02
1041.25,1.88599633e-02
1041.50,1.85674463e-02
1041.75,1.82748928e-02
1042.00,1.79823029e-02
1042.25,1.77668806e-02
1042.50,1.75514607e-02
1042.75,1.73360431e-02
1043.00,1.71206280e-02
1043.25,1.69258565e-02
1043.50,1.67310764e-02
1043.75,1.65362876e-02
1044.00,1.63414901e-02
1044.25,1.60727901e-02
1044.50,1.58040799e-02
1044.75,1.55353594e-02
1045.00,1.52666287e-02
1045.25,1.50241477e-02
1045.50,1.47816625e-02
1045.75,1.45391732e-02
1046.00,1.42966798e-02
1046.25,1.41530944e-02
1046.50,1.40094849e-02
1046.75,1.38658511e-02
1047.00,1.37221930e-02
1047.25,1.35143935e-02
1047.50,1.33065893e-02
1047.75,1.30987805e-02
1048.00,1.28909670e-02
1048.25,1.26544458e-02
1048.50,1.24179371e-02
1048.75,1.21814407e-02
1049.00,1.19449567e-02
1049.25,1.17672293e-02
1049.50,1.15894944e-02
1049.75,1.14117522e-02
1050.00,1.12340025e-02
1050.25,1.11076617e-02
1050.50,1.09813016e-02
1050.75,1.08549223e-02
1051.00,1.07285236e-02
1051.25,1.05329383e-02
1051.50,1.03373603e-02
1051.75,1.01417897e-02
1052.00,9.94622637e-03
1052.25,9.75732582e-03
1052.50,9.56842344e-03
1052.75,9.37951922e-03
1053.00,9.19061318e-03
1053.25,9.07143057e-03
1053.50,8.95224472e-03
1053.75,8.83305561e-03
1054.00,8.71386326e-03
1054.25,8.59330059e-03
1054.50,8.47273817e-03
1054.75,8.35217602e-03
1055.00,8.23161411e-03
1055.25,8.06043948e-03
1055.50,7.88925486e-03
1055.75,7.71806024e-03
1056.00,7.54685562e-03
1056.25,7.40081233e-03
1056.50,7.25476580e-03
1056.75,7.10871603e-03
1057.00,6.96266303e-03
1057.25,6.89075874e-03
1057.50,6.81884820e-03
1057.75,6.74693142e-03
1058.00,6.67500840e-03
1058.25,6.56390334e-03
1058.50,6.45281129e-03
1058.75,6.34173225e-03
1059.00,6.23066621e-03
1059.25,6.09076260e-03
1059.50,5.95086377e-03
1059.75,5.81096970e-03
1060.00,5.67108039e-03
1060.25,5.57198573e-03
1060.50,5.47288420e-03
1060.75,5.37377580e-03
1061.00,5.27466054e-03
1061.25,5.22390240e-03
1061.50,5.17314527e-03
1061.75,5.12238914e-03
1062.00,5.07163401e-03
1062.25,4.97154861e-03
1062.50,4.87145911e-03
1062.75,4.77136552e-03
1063.00,4.67126783e-03
1063.25,4.56663836e-03
1063.50,4.46201431e-03
1063.75,4.35739568e-03
1064.00,4.25278245e-03
1064.25,4.19271454e-03
1064.50,4.13264121e-03
1064.75,4.07256245e-03
1065.00,4.01247827e-03
1065.25,3.97114761e-03
1065.50,3.92981783e-03
1065.75,3.88848893e-03
1066.00,3.84716091e-03
1066.25,3.76868555e-03
1066.50,3.69021430e-03
1066.75,3.61174717e-03
1067.00,3.53328415e-03
1067.25,3.45982789e-03
1067.50,3.38637306e-03
1067.75,3.31291967e-03
1068.00,3.23946771e-03
1068.25,3.20891563e-03
1068.50,3.17836233e-03
1068.75,3.14780780e-03
1069.00,3.11725203e-03
1069.25,3.08457404e-03
1069.50,3.05189654e-03
1069.75,3.01921952e-03
1070.00,2.98654299e-03
1070.25,2.93136666e-03
1070.50,2.87618800e-03
1070.75,2.82100702e-03
1071.00,2.76582370e-03
1071.25,2.72055576e-03
1071.50,2.67528672e-03
1071.75,2.63001657e-03
1072.00,2.58474532e-03
1072.25,2.57443731e-03
1072.50,2.56412922e-03
1072.75,2.55382106e-03
1073.00,2.54351284e-03
1073.25,2.52170177e-03
1073.50,2.49989095e-03
1073.75,2.47808040e-03
1074.00,2.45627010e-03
1074.25,2.42040553e-03
1074.50,2.38453892e-03
1074.75,2.34867028e-03
1075.00,2.31279960e-03
1075.25,2.29025277e-03
1075.50,2.26770593e-03
1075.75,2.24515909e-03
1076.00,2.22261225e-03
1076.25,2.22684642e-03
1076.50,2.23108084e-03
1076.75,2.23531552e-03
1077.00,2.23955044e-03
1077.25,2.22824334e-03
1077.50,2.21693606e-03
1077.75,2.20562862e-03
1078.00,2.19432101e-03
1078.25,2.17709501e-03
1078.50,2.15986878e-03
1078.75,2.14264232e-03
1079.00,2.12541563e-03
1079.25,2.12126899e-03
1079.50,2.11712209e-03
1079.75,2.11297491e-03
1080.00,2.10882745e-03
1080.25,2.11182853e-03
1080.50,2.11482983e-03
1080.75,2.11783135e-03
1081.00,2.12083309e-03
1081.25,2.11125926e-03
1081.50,2.10168496e-03
1081.75,2.09211018e-03
1082.00,2.08253494e-03
1082.25,2.07120965e-03
1082.50,2.05988361e-03
1082.75,2.04855680e-03
1083.00,2.03722924e-03
1083.25,2.03965490e-03
1083.50,2.04208068e-03
1083.75,2.04450656e-03
1084.00,2.04693256e-03
1084.25,2.06029913e-03
1084.50,2.07366634e-03
1084.75,2.08703421e-03
1085.00,2.10040273e-03
1085.25,2.10203725e-03
1085.50,2.10367185e-03
1085.75,2.10530651e-03
1086.00,2.10694125e-03
1086.25,2.10891059e-03
1086.50,2.11088017e-03
1086.75,2.11284999e-03
1087.00,2.11482004e-03
1087.25,2.12903934e-03
1087.50,2.14325961e-03
1087.75,2.15748085e-03
1088.00,2.17170306e-03
1088.25,2.19403688e-03
1088.50,2.21637156e-03
1088.75,2.23870712e-03
1089.00,2.26104355e-03
1089.25,2.27188880e-03
1089.50,2.28273456e-03
1089.75,2.29358084e-03
1090.00,2.30442764e-03
1090.25,2.31473794e-03
1090.50,2.32504922e-03
1090.75,2.33536146e-03
1091.00,2.34567468e-03
1091.25,2.36725935e-03
1091.50,2.38884423e-03
1091.75,2.41042931e-03
1092.00,2.43201459e-03
1092.25,2.45779321e-03
1092.50,2.48357324e-03
1092.75,2.50935467e-03
1093.00,2.53513751e-03
1093.25,2.55137968e-03
1093.50,2.56762248e-03
1093.75,2.58386589e-03
1094.00,2.60010991e-03
1094.25,2.61515330e-03
1094.50,2.63019707e-03
1094.75,2.64524120e-03
1095.00,2.66028571e-03
1095.25,2.68419695e-03
1095.50,2.70810723e-03
1095.75,2.73201656e-03
1096.00,2.75592492e-03
1096.25,2.78229061e-03
1096.50,2.80865515e-03
1096.75,2.83501853e-03
1097.00,2.86138075e-03
1097.25,2.87763127e-03
1097.50,2.89388199e-03
1097.75,2.91013294e-03
1098.00,2.92638410e-03
1098.25,2.94064711e-03
1098.50,2.95490918e-03
1098.75,2.96917032e-03
1099.00,2.98343051e-03
1099.25,0.0
1099.50,0.0
1099.75,0.0
1100.00,0.0
