# NAME           	GaiaDR2_BP
# WAVELENGTH_UNIT	nm
# DETECTOR       	photon
# COMPNAME       	GaiaDR2_BP
#
## WAVELENGTH	None	nm
## THROUGHPUT	None	filter throughput definition
#
WAVELENGTH,THROUGHPUT
3.250000000000000000e+02,1.897636289999999996e-04
3.252500000000000000e+02,3.418695840000000137e-04
3.255000000000000000e+02,5.095031300000000402e-04
3.257500000000000000e+02,6.926642679999999667e-04
3.260000000000000000e+02,8.913529979999997932e-04
3.262500000000000000e+02,1.494038880000000003e-03
3.265000000000000000e+02,2.197608230000000148e-03
3.267500000000000000e+02,3.002061070000000033e-03
3.270000000000000000e+02,3.907397370000000210e-03
3.272500000000000000e+02,5.498155799999999635e-03
3.275000000000000000e+02,7.258861890000000046e-03
3.277500000000000000e+02,9.189515619999999788e-03
3.280000000000000000e+02,1.129011700000000055e-02
3.282500000000000000e+02,1.412319239999999983e-02
3.285000000000000000e+02,1.709176310000000074e-02
3.287500000000000000e+02,2.019582920000000115e-02
3.290000000000000000e+02,2.343539069999999933e-02
3.292500000000000000e+02,2.753898410000000033e-02
3.295000000000000000e+02,3.162610600000000105e-02
3.297500000000000000e+02,3.569675640000000150e-02
3.300000000000000000e+02,3.975093529999999820e-02
3.302500000000000000e+02,4.537474119999999889e-02
3.305000000000000000e+02,5.099515849999999850e-02
3.307500000000000000e+02,5.661218730000001226e-02
3.310000000000000000e+02,6.222582749999999718e-02
3.312500000000000000e+02,6.939599269999999209e-02
3.315000000000000000e+02,7.658004320000000309e-02
3.317500000000000000e+02,8.377797900000000242e-02
3.320000000000000000e+02,9.098979999999999568e-02
3.322500000000000000e+02,9.990669470000000663e-02
3.325000000000000000e+02,1.090101599999999948e-01
3.327500000000000000e+02,1.183001939999999974e-01
3.330000000000000000e+02,1.277767989999999965e-01
3.332500000000000000e+02,1.374747060000000021e-01
3.335000000000000000e+02,1.473482889999999934e-01
3.337500000000000000e+02,1.573975479999999982e-01
3.340000000000000000e+02,1.676224819999999616e-01
3.342500000000000000e+02,1.772646900000000025e-01
3.345000000000000000e+02,1.870306880000000005e-01
3.347500000000000000e+02,1.969204760000000110e-01
3.350000000000000000e+02,2.069340550000000056e-01
3.352500000000000000e+02,2.152943619999999891e-01
3.355000000000000000e+02,2.236505400000000088e-01
3.357500000000000000e+02,2.320025880000000096e-01
3.360000000000000000e+02,2.403505059999999915e-01
3.362500000000000000e+02,2.460910490000000062e-01
3.365000000000000000e+02,2.516506070000000261e-01
3.367500000000000000e+02,2.570291820000000227e-01
3.370000000000000000e+02,2.622267719999999969e-01
3.372500000000000000e+02,2.661961629999999857e-01
3.375000000000000000e+02,2.700495410000000041e-01
3.377500000000000000e+02,2.737869070000000238e-01
3.380000000000000000e+02,2.774082609999999893e-01
3.382500000000000000e+02,2.855613060000000147e-01
3.385000000000000000e+02,2.938098490000000118e-01
3.387500000000000000e+02,3.021538879999999816e-01
3.390000000000000000e+02,3.105934249999999786e-01
3.392500000000000000e+02,3.160126460000000082e-01
3.395000000000000000e+02,3.214142329999999936e-01
3.397500000000000000e+02,3.267981870000000177e-01
3.400000000000000000e+02,3.321645069999999977e-01
3.402500000000000000e+02,3.317324090000000059e-01
3.405000000000000000e+02,3.310613539999999744e-01
3.407500000000000000e+02,3.301513400000000154e-01
3.410000000000000000e+02,3.290023670000000178e-01
3.412500000000000000e+02,3.215489310000000378e-01
3.415000000000000000e+02,3.137623970000000262e-01
3.417500000000000000e+02,3.056427640000000112e-01
3.420000000000000000e+02,2.971900339999999918e-01
3.422500000000000000e+02,2.878921229999999998e-01
3.425000000000000000e+02,2.783550690000000105e-01
3.427500000000000000e+02,2.685788709999999968e-01
3.430000000000000000e+02,2.585635299999999859e-01
3.432500000000000000e+02,2.603904160000000134e-01
3.435000000000000000e+02,2.622122319999999895e-01
3.437500000000000000e+02,2.640289780000000253e-01
3.440000000000000000e+02,2.658406549999999813e-01
3.442500000000000000e+02,2.786584699999999915e-01
3.445000000000000000e+02,2.916373939999999942e-01
3.447500000000000000e+02,3.047774269999999897e-01
3.450000000000000000e+02,3.180785680000000060e-01
3.452500000000000000e+02,3.336778300000000086e-01
3.455000000000000000e+02,3.493858200000000136e-01
3.457500000000000000e+02,3.652025389999999927e-01
3.460000000000000000e+02,3.811279870000000569e-01
3.462500000000000000e+02,3.948932849999999828e-01
3.465000000000000000e+02,4.087271659999999751e-01
3.467500000000000000e+02,4.226296319999999773e-01
3.470000000000000000e+02,4.366006809999999905e-01
3.472500000000000000e+02,4.428420470000000164e-01
3.475000000000000000e+02,4.491040450000000073e-01
3.477500000000000000e+02,4.553866750000000185e-01
3.480000000000000000e+02,4.616899370000001057e-01
3.482500000000000000e+02,4.621242689999999764e-01
3.485000000000000000e+02,4.625586950000000197e-01
3.487500000000000000e+02,4.629932139999999863e-01
3.490000000000000000e+02,4.634278270000000144e-01
3.492500000000000000e+02,4.620414480000000212e-01
3.495000000000000000e+02,4.606564180000000119e-01
3.497500000000000000e+02,4.592727340000000158e-01
3.500000000000000000e+02,4.578903990000000035e-01
3.502500000000000000e+02,4.574098170000001073e-01
3.505000000000000000e+02,4.569271360000000115e-01
3.507500000000000000e+02,4.564423530000000229e-01
3.510000000000000000e+02,4.559554699999999738e-01
3.512500000000000000e+02,4.567608120000000160e-01
3.515000000000000000e+02,4.575474889999999739e-01
3.517500000000000000e+02,4.583155010000000140e-01
3.520000000000000000e+02,4.590648470000001091e-01
3.522500000000000000e+02,4.590778240000000232e-01
3.525000000000000000e+02,4.590692009999999823e-01
3.527500000000000000e+02,4.590389799999999854e-01
3.530000000000000000e+02,4.589871600000000051e-01
3.532500000000000000e+02,4.569466569999999783e-01
3.535000000000000000e+02,4.549072969999999883e-01
3.537500000000000000e+02,4.528690799999999794e-01
3.540000000000000000e+02,4.508320049999999801e-01
3.542500000000000000e+02,4.469500320000000526e-01
3.545000000000000000e+02,4.430823720000000021e-01
3.547500000000000000e+02,4.392290240000000234e-01
3.550000000000000000e+02,4.353899900000000045e-01
3.552500000000000000e+02,4.321859750000000000e-01
3.555000000000000000e+02,4.289865520000000210e-01
3.557500000000000000e+02,4.257917190000000129e-01
3.560000000000000000e+02,4.226014770000000031e-01
3.562500000000000000e+02,4.197478789999999904e-01
3.565000000000000000e+02,4.168828489999999998e-01
3.567500000000000000e+02,4.140063869999999757e-01
3.570000000000000000e+02,4.111184940000000010e-01
3.572500000000000000e+02,4.094456020000000196e-01
3.575000000000000000e+02,4.077536460000000251e-01
3.577500000000000000e+02,4.060426249999999904e-01
3.580000000000000000e+02,4.043125399999999980e-01
3.582500000000000000e+02,4.018895650000000042e-01
3.585000000000000000e+02,3.994365799999999855e-01
3.587500000000000000e+02,3.969535849999999977e-01
3.590000000000000000e+02,3.944405790000000134e-01
3.592500000000000000e+02,3.915406040000000143e-01
3.595000000000000000e+02,3.886262090000000002e-01
3.597500000000000000e+02,3.856973929999999995e-01
3.600000000000000000e+02,3.827541580000000110e-01
3.602500000000000000e+02,3.794893240000000167e-01
3.605000000000000000e+02,3.762229939999999773e-01
3.607500000000000000e+02,3.729551669999999763e-01
3.610000000000000000e+02,3.696858419999999867e-01
3.612500000000000000e+02,3.652483129999999911e-01
3.615000000000000000e+02,3.608085429999999816e-01
3.617500000000000000e+02,3.563665300000000147e-01
3.620000000000000000e+02,3.519222770000000056e-01
3.622500000000000000e+02,3.486227359999999886e-01
3.625000000000000000e+02,3.453221009999999924e-01
3.627500000000000000e+02,3.420203709999999897e-01
3.630000000000000000e+02,3.387175470000000077e-01
3.632500000000000000e+02,3.347088440000000054e-01
3.635000000000000000e+02,3.306994469999999797e-01
3.637500000000000000e+02,3.266893550000000146e-01
3.640000000000000000e+02,3.226785699999999979e-01
3.642500000000000000e+02,3.193057080000000214e-01
3.645000000000000000e+02,3.159279039999999816e-01
3.647500000000000000e+02,3.125451579999999896e-01
3.650000000000000000e+02,3.091574690000000181e-01
3.652500000000000000e+02,3.053092809999999879e-01
3.655000000000000000e+02,3.014610930000000133e-01
3.657500000000000000e+02,2.976129049999999832e-01
3.660000000000000000e+02,2.937647170000000085e-01
3.662500000000000000e+02,2.892656639999999779e-01
3.665000000000000000e+02,2.847666110000000028e-01
3.667500000000000000e+02,2.802675589999999994e-01
3.670000000000000000e+02,2.757685060000000243e-01
3.672500000000000000e+02,2.719459880000000274e-01
3.675000000000000000e+02,2.681234690000000032e-01
3.677500000000000000e+02,2.643009499999999790e-01
3.680000000000000000e+02,2.604784310000000103e-01
3.682500000000000000e+02,2.568632570000000115e-01
3.685000000000000000e+02,2.532480830000000127e-01
3.687500000000000000e+02,2.496329089999999862e-01
3.690000000000000000e+02,2.460177349999999874e-01
3.692500000000000000e+02,2.418942709999999940e-01
3.695000000000000000e+02,2.377708070000000007e-01
3.697500000000000000e+02,2.336473430000000073e-01
3.700000000000000000e+02,2.295238789999999862e-01
3.702500000000000000e+02,2.265773769999999965e-01
3.705000000000000000e+02,2.236308760000000062e-01
3.707500000000000000e+02,2.206843749999999882e-01
3.710000000000000000e+02,2.177378729999999984e-01
3.712500000000000000e+02,2.139512990000000114e-01
3.715000000000000000e+02,2.101647239999999972e-01
3.717500000000000000e+02,2.063781500000000102e-01
3.720000000000000000e+02,2.025915749999999960e-01
3.722500000000000000e+02,1.989231499999999930e-01
3.725000000000000000e+02,1.952547249999999901e-01
3.727500000000000000e+02,1.915862999999999872e-01
3.730000000000000000e+02,1.879178750000000120e-01
3.732500000000000000e+02,1.846164580000000111e-01
3.735000000000000000e+02,1.813150410000000101e-01
3.737500000000000000e+02,1.780136239999999814e-01
3.740000000000000000e+02,1.747122060000000088e-01
3.742500000000000000e+02,1.719742780000000082e-01
3.745000000000000000e+02,1.692363489999999804e-01
3.747500000000000000e+02,1.664984210000000076e-01
3.750000000000000000e+02,1.637604919999999797e-01
3.752500000000000000e+02,1.617670209999999831e-01
3.755000000000000000e+02,1.597735489999999869e-01
3.757500000000000000e+02,1.577800769999999908e-01
3.760000000000000000e+02,1.557866059999999941e-01
3.762500000000000000e+02,1.534577560000000007e-01
3.765000000000000000e+02,1.511289069999999790e-01
3.767500000000000000e+02,1.488000580000000128e-01
3.770000000000000000e+02,1.464712079999999916e-01
3.772500000000000000e+02,1.438680360000000047e-01
3.775000000000000000e+02,1.412648629999999905e-01
3.777500000000000000e+02,1.386616900000000041e-01
3.780000000000000000e+02,1.360585179999999894e-01
3.782500000000000000e+02,1.347029399999999932e-01
3.785000000000000000e+02,1.333473629999999965e-01
3.787500000000000000e+02,1.319917860000000276e-01
3.790000000000000000e+02,1.306362090000000031e-01
3.792500000000000000e+02,1.299661249999999879e-01
3.795000000000000000e+02,1.292960420000000277e-01
3.797500000000000000e+02,1.286259580000000124e-01
3.800000000000000000e+02,1.279558749999999967e-01
3.802500000000000000e+02,1.278906169999999842e-01
3.805000000000000000e+02,1.278253590000000273e-01
3.807500000000000000e+02,1.277601009999999870e-01
3.810000000000000000e+02,1.276948430000000023e-01
3.812500000000000000e+02,1.285951609999999856e-01
3.815000000000000000e+02,1.294954799999999961e-01
3.817500000000000000e+02,1.303957990000000067e-01
3.820000000000000000e+02,1.312961169999999900e-01
3.822500000000000000e+02,1.322604930000000067e-01
3.825000000000000000e+02,1.332248689999999958e-01
3.827500000000000000e+02,1.341892440000000131e-01
3.830000000000000000e+02,1.351536200000000021e-01
3.832500000000000000e+02,1.368499250000000111e-01
3.835000000000000000e+02,1.385462289999999930e-01
3.837500000000000000e+02,1.402425340000000020e-01
3.840000000000000000e+02,1.419388380000000116e-01
3.842500000000000000e+02,1.440937870000000010e-01
3.845000000000000000e+02,1.462487359999999903e-01
3.847500000000000000e+02,1.484036850000000074e-01
3.850000000000000000e+02,1.505586339999999967e-01
3.852500000000000000e+02,1.538730779999999965e-01
3.855000000000000000e+02,1.571875219999999962e-01
3.857500000000000000e+02,1.605019659999999959e-01
3.860000000000000000e+02,1.638164099999999956e-01
3.862500000000000000e+02,1.671874760000000015e-01
3.865000000000000000e+02,1.705585430000000069e-01
3.867500000000000000e+02,1.739296100000000123e-01
3.870000000000000000e+02,1.773006769999999621e-01
3.872500000000000000e+02,1.807206610000000047e-01
3.875000000000000000e+02,1.841406449999999917e-01
3.877500000000000000e+02,1.875606300000000060e-01
3.880000000000000000e+02,1.909806139999999930e-01
3.882500000000000000e+02,1.950347819999999899e-01
3.885000000000000000e+02,1.990889499999999868e-01
3.887500000000000000e+02,2.031431170000000119e-01
3.890000000000000000e+02,2.071972850000000088e-01
3.892500000000000000e+02,2.116504630000000109e-01
3.895000000000000000e+02,2.161036410000000130e-01
3.897500000000000000e+02,2.205568189999999873e-01
3.900000000000000000e+02,2.250099969999999894e-01
3.902500000000000000e+02,2.297381099999999954e-01
3.905000000000000000e+02,2.344662230000000014e-01
3.907500000000000000e+02,2.391943360000000074e-01
3.910000000000000000e+02,2.439224490000000134e-01
3.912500000000000000e+02,2.489781110000000020e-01
3.915000000000000000e+02,2.540337739999999900e-01
3.917500000000000000e+02,2.590894360000000063e-01
3.920000000000000000e+02,2.641450989999999943e-01
3.922500000000000000e+02,2.685800990000000166e-01
3.925000000000000000e+02,2.730150989999999833e-01
3.927500000000000000e+02,2.774500990000000056e-01
3.930000000000000000e+02,2.818850989999999723e-01
3.932500000000000000e+02,2.870925850000000112e-01
3.935000000000000000e+02,2.923000700000000229e-01
3.937500000000000000e+02,2.975075560000000063e-01
3.940000000000000000e+02,3.027150410000000180e-01
3.942500000000000000e+02,3.069489710000000149e-01
3.945000000000000000e+02,3.111829019999999835e-01
3.947500000000000000e+02,3.154168319999999803e-01
3.950000000000000000e+02,3.196507619999999772e-01
3.952500000000000000e+02,3.239028230000000064e-01
3.955000000000000000e+02,3.281548839999999800e-01
3.957500000000000000e+02,3.324069450000000092e-01
3.960000000000000000e+02,3.366590060000000384e-01
3.962500000000000000e+02,3.402281589999999745e-01
3.965000000000000000e+02,3.437973120000000216e-01
3.967500000000000000e+02,3.473664650000000131e-01
3.970000000000000000e+02,3.509356179999999492e-01
3.972500000000000000e+02,3.541284220000000538e-01
3.975000000000000000e+02,3.573212259999999918e-01
3.977500000000000000e+02,3.605140299999999853e-01
3.980000000000000000e+02,3.637068339999999789e-01
3.982500000000000000e+02,3.680483270000000084e-01
3.985000000000000000e+02,3.723898210000000097e-01
3.987500000000000000e+02,3.767313139999999838e-01
3.990000000000000000e+02,3.810728070000000134e-01
3.992500000000000000e+02,3.848020170000000517e-01
3.995000000000000000e+02,3.885312269999999790e-01
3.997500000000000000e+02,3.922604370000000173e-01
4.000000000000000000e+02,3.959896459999999729e-01
4.002500000000000000e+02,3.984629659999999740e-01
4.005000000000000000e+02,4.009362859999999751e-01
4.007500000000000000e+02,4.034096059999999762e-01
4.010000000000000000e+02,4.058829259999999772e-01
4.012500000000000000e+02,4.088452129999999851e-01
4.015000000000000000e+02,4.118074990000000213e-01
4.017500000000000000e+02,4.147697859999999737e-01
4.020000000000000000e+02,4.177320720000000098e-01
4.022500000000000000e+02,4.216208650000000113e-01
4.025000000000000000e+02,4.255096580000000128e-01
4.027500000000000000e+02,4.293984510000000143e-01
4.030000000000000000e+02,4.332872449999999875e-01
4.032500000000000000e+02,4.352343379999999984e-01
4.035000000000000000e+02,4.371814319999999809e-01
4.037500000000000000e+02,4.391285260000000190e-01
4.040000000000000000e+02,4.410756200000000016e-01
4.042500000000000000e+02,4.427076289999999914e-01
4.045000000000000000e+02,4.443396379999999812e-01
4.047500000000000000e+02,4.459716470000000266e-01
4.050000000000000000e+02,4.476036569999999881e-01
4.052500000000000000e+02,4.498474259999999947e-01
4.055000000000000000e+02,4.520911950000000012e-01
4.057500000000000000e+02,4.543349640000000078e-01
4.060000000000000000e+02,4.565787319999999871e-01
4.062500000000000000e+02,4.576957580000000081e-01
4.065000000000000000e+02,4.588127839999999735e-01
4.067500000000000000e+02,4.599298099999999945e-01
4.070000000000000000e+02,4.610468360000000154e-01
4.072500000000000000e+02,4.623080769999999839e-01
4.075000000000000000e+02,4.635693180000000080e-01
4.077500000000000000e+02,4.648305600000000037e-01
4.080000000000000000e+02,4.660918009999999723e-01
4.082500000000000000e+02,4.678282180000000179e-01
4.085000000000000000e+02,4.695646350000000080e-01
4.087500000000000000e+02,4.713010520000001091e-01
4.090000000000000000e+02,4.730374689999999882e-01
4.092500000000000000e+02,4.748223890000000114e-01
4.095000000000000000e+02,4.766073080000000073e-01
4.097500000000000000e+02,4.783922279999999749e-01
4.100000000000000000e+02,4.801771470000000264e-01
4.102500000000000000e+02,4.830869850000000243e-01
4.105000000000000000e+02,4.859968220000001060e-01
4.107500000000000000e+02,4.889066590000000212e-01
4.110000000000000000e+02,4.918164970000000191e-01
4.112500000000000000e+02,4.944353049999999916e-01
4.115000000000000000e+02,4.970541130000000196e-01
4.117500000000000000e+02,4.996729209999999921e-01
4.120000000000000000e+02,5.022917289999999646e-01
4.122500000000000000e+02,5.035299870000000677e-01
4.125000000000000000e+02,5.047682439999999771e-01
4.127500000000000000e+02,5.060065009999999974e-01
4.130000000000000000e+02,5.072447580000000178e-01
4.132500000000000000e+02,5.078921290000000255e-01
4.135000000000000000e+02,5.085395000000000332e-01
4.137500000000000000e+02,5.091868710000000409e-01
4.140000000000000000e+02,5.098342420000000486e-01
4.142500000000000000e+02,5.112506370000000633e-01
4.145000000000000000e+02,5.126670309999999953e-01
4.147500000000000000e+02,5.140834260000000100e-01
4.150000000000000000e+02,5.154998210000000247e-01
4.152500000000000000e+02,5.167597149999999528e-01
4.155000000000000000e+02,5.180196089999999920e-01
4.157500000000000000e+02,5.192795040000000029e-01
4.160000000000000000e+02,5.205393979999999310e-01
4.162500000000000000e+02,5.216456520000000152e-01
4.165000000000000000e+02,5.227519070000000712e-01
4.167500000000000000e+02,5.238581620000000161e-01
4.170000000000000000e+02,5.249644170000000720e-01
4.172500000000000000e+02,5.263573350000000373e-01
4.175000000000000000e+02,5.277502539999999742e-01
4.177500000000000000e+02,5.291431720000000505e-01
4.180000000000000000e+02,5.305360909999999874e-01
4.182500000000000000e+02,5.313410619999999751e-01
4.185000000000000000e+02,5.321460329999999628e-01
4.187500000000000000e+02,5.329510039999999504e-01
4.190000000000000000e+02,5.337559750000000491e-01
4.192500000000000000e+02,5.347188820000000620e-01
4.195000000000000000e+02,5.356817879999999921e-01
4.197500000000000000e+02,5.366446950000000049e-01
4.200000000000000000e+02,5.376076010000000460e-01
4.202500000000000000e+02,5.388562220000000513e-01
4.205000000000000000e+02,5.401048420000000849e-01
4.207500000000000000e+02,5.413534629999999792e-01
4.210000000000000000e+02,5.426020839999999845e-01
4.212500000000000000e+02,5.432853159999999626e-01
4.215000000000000000e+02,5.439685490000000234e-01
4.217500000000000000e+02,5.446517820000000842e-01
4.220000000000000000e+02,5.453350139999999513e-01
4.222500000000000000e+02,5.471374490000000534e-01
4.225000000000000000e+02,5.489398829999999618e-01
4.227500000000000000e+02,5.507423169999999812e-01
4.230000000000000000e+02,5.525447520000000834e-01
4.232500000000000000e+02,5.531335840000000115e-01
4.235000000000000000e+02,5.537224160000000506e-01
4.237500000000000000e+02,5.543112479999999787e-01
4.240000000000000000e+02,5.549000809999999895e-01
4.242500000000000000e+02,5.546979520000000496e-01
4.245000000000000000e+02,5.544958229999999988e-01
4.247500000000000000e+02,5.542936939999999479e-01
4.250000000000000000e+02,5.540915650000000081e-01
4.252500000000000000e+02,5.550711420000000729e-01
4.255000000000000000e+02,5.560507190000000266e-01
4.257500000000000000e+02,5.570302970000000631e-01
4.260000000000000000e+02,5.580098740000000168e-01
4.262500000000000000e+02,5.596077790000000274e-01
4.265000000000000000e+02,5.612056840000000379e-01
4.267500000000000000e+02,5.628035889999999375e-01
4.270000000000000000e+02,5.644014939999999481e-01
4.272500000000000000e+02,5.653481930000000544e-01
4.275000000000000000e+02,5.662948930000000214e-01
4.277500000000000000e+02,5.672415929999999884e-01
4.280000000000000000e+02,5.681882919999999837e-01
4.282500000000000000e+02,5.686130689999999710e-01
4.285000000000000000e+02,5.690378470000000410e-01
4.287500000000000000e+02,5.694626240000000283e-01
4.290000000000000000e+02,5.698874010000000156e-01
4.292500000000000000e+02,5.707550799999999702e-01
4.295000000000000000e+02,5.716227590000000358e-01
4.297500000000000000e+02,5.724904370000000187e-01
4.300000000000000000e+02,5.733581159999999732e-01
4.302500000000000000e+02,5.738379839999999676e-01
4.305000000000000000e+02,5.743178520000000731e-01
4.307500000000000000e+02,5.747977199999999565e-01
4.310000000000000000e+02,5.752775879999999509e-01
4.312500000000000000e+02,5.757480010000000092e-01
4.315000000000000000e+02,5.762184150000000393e-01
4.317500000000000000e+02,5.766888279999999867e-01
4.320000000000000000e+02,5.771592420000000168e-01
4.322500000000000000e+02,5.783716520000000694e-01
4.325000000000000000e+02,5.795840620000000110e-01
4.327500000000000000e+02,5.807964720000000636e-01
4.330000000000000000e+02,5.820088829999999769e-01
4.332500000000000000e+02,5.831880770000000824e-01
4.335000000000000000e+02,5.843672720000000487e-01
4.337500000000000000e+02,5.855464660000000432e-01
4.340000000000000000e+02,5.867256610000000094e-01
4.342500000000000000e+02,5.881291950000000490e-01
4.345000000000000000e+02,5.895327289999999776e-01
4.347500000000000000e+02,5.909362630000000172e-01
4.350000000000000000e+02,5.923397970000000567e-01
4.352500000000000000e+02,5.932448869999999985e-01
4.355000000000000000e+02,5.941499759999999686e-01
4.357500000000000000e+02,5.950550650000000497e-01
4.360000000000000000e+02,5.959601549999999914e-01
4.362500000000000000e+02,5.954179109999999664e-01
4.365000000000000000e+02,5.948756670000000524e-01
4.367500000000000000e+02,5.943334239999999991e-01
4.370000000000000000e+02,5.937911799999999740e-01
4.372500000000000000e+02,5.940960820000000808e-01
4.375000000000000000e+02,5.944009839999999656e-01
4.377500000000000000e+02,5.947058859999999614e-01
4.380000000000000000e+02,5.950107879999999572e-01
4.382500000000000000e+02,5.955076510000000267e-01
4.385000000000000000e+02,5.960045130000000135e-01
4.387500000000000000e+02,5.965013759999999721e-01
4.390000000000000000e+02,5.969982379999999589e-01
4.392500000000000000e+02,5.979389149999999598e-01
4.395000000000000000e+02,5.988795909999999889e-01
4.397500000000000000e+02,5.998202679999999898e-01
4.400000000000000000e+02,6.007609449999999907e-01
4.402500000000000000e+02,6.016116579999999381e-01
4.405000000000000000e+02,6.024623709999999965e-01
4.407500000000000000e+02,6.033130840000000550e-01
4.410000000000000000e+02,6.041637970000000024e-01
4.412500000000000000e+02,6.051940139999999468e-01
4.415000000000000000e+02,6.062242300000000306e-01
4.417500000000000000e+02,6.072544460000000033e-01
4.420000000000000000e+02,6.082846629999999477e-01
4.422500000000000000e+02,6.095692460000000645e-01
4.425000000000000000e+02,6.108538279999999876e-01
4.427500000000000000e+02,6.121384109999999934e-01
4.430000000000000000e+02,6.134229939999999992e-01
4.432500000000000000e+02,6.141536890000000026e-01
4.435000000000000000e+02,6.148843829999999233e-01
4.437500000000000000e+02,6.156150779999999267e-01
4.440000000000000000e+02,6.163457720000000695e-01
4.442500000000000000e+02,6.174127520000000091e-01
4.445000000000000000e+02,6.184797309999999770e-01
4.447500000000000000e+02,6.195467099999999450e-01
4.450000000000000000e+02,6.206136890000000239e-01
4.452500000000000000e+02,6.209353100000000181e-01
4.455000000000000000e+02,6.212569310000000122e-01
4.457500000000000000e+02,6.215785510000000347e-01
4.460000000000000000e+02,6.219001720000000288e-01
4.462500000000000000e+02,6.217159840000000548e-01
4.465000000000000000e+02,6.215317970000000525e-01
4.467500000000000000e+02,6.213476100000000502e-01
4.470000000000000000e+02,6.211634229999999368e-01
4.472500000000000000e+02,6.222050579999999220e-01
4.475000000000000000e+02,6.232466939999999900e-01
4.477500000000000000e+02,6.242883289999999752e-01
4.480000000000000000e+02,6.253299639999999604e-01
4.482500000000000000e+02,6.266848420000000752e-01
4.485000000000000000e+02,6.280397199999999680e-01
4.487500000000000000e+02,6.293945970000000001e-01
4.490000000000000000e+02,6.307494750000000039e-01
4.492500000000000000e+02,6.306218620000000330e-01
4.495000000000000000e+02,6.304942489999999511e-01
4.497500000000000000e+02,6.303666359999999802e-01
4.500000000000000000e+02,6.302390239999999810e-01
4.502500000000000000e+02,6.299624729999999673e-01
4.505000000000000000e+02,6.296859229999999252e-01
4.507500000000000000e+02,6.294093729999999942e-01
4.510000000000000000e+02,6.291328219999999805e-01
4.512500000000000000e+02,6.305358170000000539e-01
4.515000000000000000e+02,6.319388110000000447e-01
4.517500000000000000e+02,6.333418050000000354e-01
4.520000000000000000e+02,6.347447999999999979e-01
4.522500000000000000e+02,6.353730770000000083e-01
4.525000000000000000e+02,6.360013549999999904e-01
4.527500000000000000e+02,6.366296329999999726e-01
4.530000000000000000e+02,6.372579110000000657e-01
4.532500000000000000e+02,6.371994120000000761e-01
4.535000000000000000e+02,6.371409139999999471e-01
4.537500000000000000e+02,6.370824160000000402e-01
4.540000000000000000e+02,6.370239180000000223e-01
4.542500000000000000e+02,6.377004520000000287e-01
4.545000000000000000e+02,6.383769849999999524e-01
4.547500000000000000e+02,6.390535189999999588e-01
4.550000000000000000e+02,6.397300519999999935e-01
4.552500000000000000e+02,6.403812269999999973e-01
4.555000000000000000e+02,6.410324020000000012e-01
4.557500000000000000e+02,6.416835770000000050e-01
4.560000000000000000e+02,6.423347510000000371e-01
4.562500000000000000e+02,6.421325020000000494e-01
4.565000000000000000e+02,6.419302519999999790e-01
4.567500000000000000e+02,6.417280020000000196e-01
4.570000000000000000e+02,6.415257520000000602e-01
4.572500000000000000e+02,6.417973710000000054e-01
4.575000000000000000e+02,6.420689899999999506e-01
4.577500000000000000e+02,6.423406090000000068e-01
4.580000000000000000e+02,6.426122279999999520e-01
4.582500000000000000e+02,6.435757309999999842e-01
4.585000000000000000e+02,6.445392349999999881e-01
4.587500000000000000e+02,6.455027389999999921e-01
4.590000000000000000e+02,6.464662429999999960e-01
4.592500000000000000e+02,6.468547209999999659e-01
4.595000000000000000e+02,6.472432000000000185e-01
4.597500000000000000e+02,6.476316779999999884e-01
4.600000000000000000e+02,6.480201560000000693e-01
4.602500000000000000e+02,6.485171760000000285e-01
4.605000000000000000e+02,6.490141950000000159e-01
4.607500000000000000e+02,6.495112140000000034e-01
4.610000000000000000e+02,6.500082329999999908e-01
4.612500000000000000e+02,6.502269310000000635e-01
4.615000000000000000e+02,6.504456280000000534e-01
4.617500000000000000e+02,6.506643250000000434e-01
4.620000000000000000e+02,6.508830230000000050e-01
4.622500000000000000e+02,6.506703010000000065e-01
4.625000000000000000e+02,6.504575790000000080e-01
4.627500000000000000e+02,6.502448570000000094e-01
4.630000000000000000e+02,6.500321359999999826e-01
4.632500000000000000e+02,6.503930520000000826e-01
4.635000000000000000e+02,6.507539679999999604e-01
4.637500000000000000e+02,6.511148829999999776e-01
4.640000000000000000e+02,6.514757989999999666e-01
4.642500000000000000e+02,6.526383129999999699e-01
4.645000000000000000e+02,6.538008270000000843e-01
4.647500000000000000e+02,6.549633400000000050e-01
4.650000000000000000e+02,6.561258540000000083e-01
4.652500000000000000e+02,6.568228729999999738e-01
4.655000000000000000e+02,6.575198930000000219e-01
4.657500000000000000e+02,6.582169129999999591e-01
4.660000000000000000e+02,6.589139320000000355e-01
4.662500000000000000e+02,6.583486549999999493e-01
4.665000000000000000e+02,6.577833770000000024e-01
4.667500000000000000e+02,6.572181000000000273e-01
4.670000000000000000e+02,6.566528220000000804e-01
4.672500000000000000e+02,6.562094000000000538e-01
4.675000000000000000e+02,6.557659779999999161e-01
4.677500000000000000e+02,6.553225560000000005e-01
4.680000000000000000e+02,6.548791339999999739e-01
4.682500000000000000e+02,6.558072629999999181e-01
4.685000000000000000e+02,6.567353910000000017e-01
4.687500000000000000e+02,6.576635189999999742e-01
4.690000000000000000e+02,6.585916470000000578e-01
4.692500000000000000e+02,6.585212169999999920e-01
4.695000000000000000e+02,6.584507860000000656e-01
4.697500000000000000e+02,6.583803550000000282e-01
4.700000000000000000e+02,6.583099239999999908e-01
4.702500000000000000e+02,6.577310610000000057e-01
4.705000000000000000e+02,6.571521980000000207e-01
4.707500000000000000e+02,6.565733360000000074e-01
4.710000000000000000e+02,6.559944730000000224e-01
4.712500000000000000e+02,6.570221750000000416e-01
4.715000000000000000e+02,6.580498779999999215e-01
4.717500000000000000e+02,6.590775800000000517e-01
4.720000000000000000e+02,6.601052820000000709e-01
4.722500000000000000e+02,6.604819859999999654e-01
4.725000000000000000e+02,6.608586899999999709e-01
4.727500000000000000e+02,6.612353930000000046e-01
4.730000000000000000e+02,6.616120970000000101e-01
4.732500000000000000e+02,6.610965279999999611e-01
4.735000000000000000e+02,6.605809580000000514e-01
4.737500000000000000e+02,6.600653879999999196e-01
4.740000000000000000e+02,6.595498189999999816e-01
4.742500000000000000e+02,6.594179020000000557e-01
4.745000000000000000e+02,6.592859859999999905e-01
4.747500000000000000e+02,6.591540689999999536e-01
4.750000000000000000e+02,6.590221520000000277e-01
4.752500000000000000e+02,6.596150859999999616e-01
4.755000000000000000e+02,6.602080190000000348e-01
4.757500000000000000e+02,6.608009519999999970e-01
4.760000000000000000e+02,6.613938849999999592e-01
4.762500000000000000e+02,6.622761950000000120e-01
4.765000000000000000e+02,6.631585039999999820e-01
4.767500000000000000e+02,6.640408129999999520e-01
4.770000000000000000e+02,6.649231230000000048e-01
4.772500000000000000e+02,6.650841829999999399e-01
4.775000000000000000e+02,6.652452429999999861e-01
4.777500000000000000e+02,6.654063029999999213e-01
4.780000000000000000e+02,6.655673639999999391e-01
4.782500000000000000e+02,6.649392060000000049e-01
4.785000000000000000e+02,6.643110479999999596e-01
4.787500000000000000e+02,6.636828909999999970e-01
4.790000000000000000e+02,6.630547329999999517e-01
4.792500000000000000e+02,6.624619769999999797e-01
4.795000000000000000e+02,6.618692200000000359e-01
4.797500000000000000e+02,6.612764629999999810e-01
4.800000000000000000e+02,6.606837070000000089e-01
4.802500000000000000e+02,6.620438060000000124e-01
4.805000000000000000e+02,6.634039059999999877e-01
4.807500000000000000e+02,6.647640049999999912e-01
4.810000000000000000e+02,6.661241049999999664e-01
4.812500000000000000e+02,6.654714110000000682e-01
4.815000000000000000e+02,6.648187170000000590e-01
4.817500000000000000e+02,6.641660240000000215e-01
4.820000000000000000e+02,6.635133300000000123e-01
4.822500000000000000e+02,6.622084729999999642e-01
4.825000000000000000e+02,6.609036150000000553e-01
4.827500000000000000e+02,6.595987570000000355e-01
4.830000000000000000e+02,6.582938999999999874e-01
4.832500000000000000e+02,6.579269260000000230e-01
4.835000000000000000e+02,6.575599509999999759e-01
4.837500000000000000e+02,6.571929770000000115e-01
4.840000000000000000e+02,6.568260029999999361e-01
4.842500000000000000e+02,6.572602560000000427e-01
4.845000000000000000e+02,6.576945090000000382e-01
4.847500000000000000e+02,6.581287620000000338e-01
4.850000000000000000e+02,6.585630150000000294e-01
4.852500000000000000e+02,6.589788100000000259e-01
4.855000000000000000e+02,6.593946050000000225e-01
4.857500000000000000e+02,6.598104000000000191e-01
4.860000000000000000e+02,6.602261959999999874e-01
4.862500000000000000e+02,6.606155500000000513e-01
4.865000000000000000e+02,6.610049040000000042e-01
4.867500000000000000e+02,6.613942590000000399e-01
4.870000000000000000e+02,6.617836129999999928e-01
4.872500000000000000e+02,6.615215989999999602e-01
4.875000000000000000e+02,6.612595839999999559e-01
4.877500000000000000e+02,6.609975700000000343e-01
4.880000000000000000e+02,6.607355560000000017e-01
4.882500000000000000e+02,6.604651879999999808e-01
4.885000000000000000e+02,6.601948210000000428e-01
4.887500000000000000e+02,6.599244530000000220e-01
4.890000000000000000e+02,6.596540859999999729e-01
4.892500000000000000e+02,6.595485879999999357e-01
4.895000000000000000e+02,6.594430900000000095e-01
4.897500000000000000e+02,6.593375910000000006e-01
4.900000000000000000e+02,6.592320929999999635e-01
4.902500000000000000e+02,6.588619850000000389e-01
4.905000000000000000e+02,6.584918770000000032e-01
4.907500000000000000e+02,6.581217689999999676e-01
4.910000000000000000e+02,6.577516610000000430e-01
4.912500000000000000e+02,6.567918670000000292e-01
4.915000000000000000e+02,6.558320720000000437e-01
4.917500000000000000e+02,6.548722779999999188e-01
4.920000000000000000e+02,6.539124840000000161e-01
4.922500000000000000e+02,6.536883359999999810e-01
4.925000000000000000e+02,6.534641879999999459e-01
4.927500000000000000e+02,6.532400400000000218e-01
4.930000000000000000e+02,6.530158919999999867e-01
4.932500000000000000e+02,6.535480740000000344e-01
4.935000000000000000e+02,6.540802559999999710e-01
4.937500000000000000e+02,6.546124380000000187e-01
4.940000000000000000e+02,6.551446199999999553e-01
4.942500000000000000e+02,6.563080669999999950e-01
4.945000000000000000e+02,6.574715129999999519e-01
4.947500000000000000e+02,6.586349599999999915e-01
4.950000000000000000e+02,6.597984070000000312e-01
4.952500000000000000e+02,6.597569469999999825e-01
4.955000000000000000e+02,6.597154859999999621e-01
4.957500000000000000e+02,6.596740260000000244e-01
4.960000000000000000e+02,6.596325659999999758e-01
4.962500000000000000e+02,6.593628249999999857e-01
4.965000000000000000e+02,6.590930849999999674e-01
4.967500000000000000e+02,6.588233439999999774e-01
4.970000000000000000e+02,6.585536039999999591e-01
4.972500000000000000e+02,6.582319389999999881e-01
4.975000000000000000e+02,6.579102740000000171e-01
4.977500000000000000e+02,6.575886089999999351e-01
4.980000000000000000e+02,6.572669439999999641e-01
4.982500000000000000e+02,6.558988759999999640e-01
4.985000000000000000e+02,6.545308089999999357e-01
4.987500000000000000e+02,6.531627420000000184e-01
4.990000000000000000e+02,6.517946749999999900e-01
4.992500000000000000e+02,6.510444810000000082e-01
4.995000000000000000e+02,6.502942879999999981e-01
4.997500000000000000e+02,6.495440940000000163e-01
5.000000000000000000e+02,6.487939010000000062e-01
5.002500000000000000e+02,6.488845020000000297e-01
5.005000000000000000e+02,6.489751030000000531e-01
5.007500000000000000e+02,6.490657029999999938e-01
5.010000000000000000e+02,6.491563040000000173e-01
5.012500000000000000e+02,6.504406200000000249e-01
5.015000000000000000e+02,6.517249349999999497e-01
5.017500000000000000e+02,6.530092499999999855e-01
5.020000000000000000e+02,6.542935659999999931e-01
5.022500000000000000e+02,6.536340400000000272e-01
5.025000000000000000e+02,6.529745150000000331e-01
5.027500000000000000e+02,6.523149900000000390e-01
5.030000000000000000e+02,6.516554639999999621e-01
5.032500000000000000e+02,6.509497419999999979e-01
5.035000000000000000e+02,6.502440200000000337e-01
5.037500000000000000e+02,6.495382979999999584e-01
5.040000000000000000e+02,6.488325750000000225e-01
5.042500000000000000e+02,6.489304949999999961e-01
5.045000000000000000e+02,6.490284139999999979e-01
5.047500000000000000e+02,6.491263329999999998e-01
5.050000000000000000e+02,6.492242520000000017e-01
5.052500000000000000e+02,6.490061929999999535e-01
5.055000000000000000e+02,6.487881349999999880e-01
5.057500000000000000e+02,6.485700760000000509e-01
5.060000000000000000e+02,6.483520170000000027e-01
5.062500000000000000e+02,6.489026740000000126e-01
5.065000000000000000e+02,6.494533300000000509e-01
5.067500000000000000e+02,6.500039859999999781e-01
5.070000000000000000e+02,6.505546429999999880e-01
5.072500000000000000e+02,6.498392389999999574e-01
5.075000000000000000e+02,6.491238360000000096e-01
5.077500000000000000e+02,6.484084329999999508e-01
5.080000000000000000e+02,6.476930300000000029e-01
5.082500000000000000e+02,6.462426159999999919e-01
5.085000000000000000e+02,6.447922019999999810e-01
5.087500000000000000e+02,6.433417879999999700e-01
5.090000000000000000e+02,6.418913739999999590e-01
5.092500000000000000e+02,6.423351560000000182e-01
5.095000000000000000e+02,6.427789389999999381e-01
5.097500000000000000e+02,6.432227209999999973e-01
5.100000000000000000e+02,6.436665029999999454e-01
5.102500000000000000e+02,6.441668510000000403e-01
5.105000000000000000e+02,6.446671990000000241e-01
5.107500000000000000e+02,6.451675470000000079e-01
5.110000000000000000e+02,6.456678949999999917e-01
5.112500000000000000e+02,6.449114660000000443e-01
5.115000000000000000e+02,6.441550360000000142e-01
5.117500000000000000e+02,6.433986070000000668e-01
5.120000000000000000e+02,6.426421780000000084e-01
5.122500000000000000e+02,6.409560850000000087e-01
5.125000000000000000e+02,6.392699929999999808e-01
5.127500000000000000e+02,6.375839010000000640e-01
5.130000000000000000e+02,6.358978079999999533e-01
5.132500000000000000e+02,6.368559339999999569e-01
5.135000000000000000e+02,6.378140589999999888e-01
5.137500000000000000e+02,6.387721840000000206e-01
5.140000000000000000e+02,6.397303090000000525e-01
5.142500000000000000e+02,6.394605610000000384e-01
5.145000000000000000e+02,6.391908130000000243e-01
5.147500000000000000e+02,6.389210640000000385e-01
5.150000000000000000e+02,6.386513160000000244e-01
5.152500000000000000e+02,6.376129849999999655e-01
5.155000000000000000e+02,6.365746540000000175e-01
5.157500000000000000e+02,6.355363229999999586e-01
5.160000000000000000e+02,6.344979920000000106e-01
5.162500000000000000e+02,6.339536900000000141e-01
5.165000000000000000e+02,6.334093880000000176e-01
5.167500000000000000e+02,6.328650850000000494e-01
5.170000000000000000e+02,6.323207830000000529e-01
5.172500000000000000e+02,6.315280469999999813e-01
5.175000000000000000e+02,6.307353110000000207e-01
5.177500000000000000e+02,6.299425739999999774e-01
5.180000000000000000e+02,6.291498380000000168e-01
5.182500000000000000e+02,6.293341540000000345e-01
5.185000000000000000e+02,6.295184710000000239e-01
5.187500000000000000e+02,6.297027870000000416e-01
5.190000000000000000e+02,6.298871040000000310e-01
5.192500000000000000e+02,6.308503450000000345e-01
5.195000000000000000e+02,6.318135870000000098e-01
5.197500000000000000e+02,6.327768280000000134e-01
5.200000000000000000e+02,6.337400699999999887e-01
5.202500000000000000e+02,6.337738090000000213e-01
5.205000000000000000e+02,6.338075480000000539e-01
5.207500000000000000e+02,6.338412869999999755e-01
5.210000000000000000e+02,6.338750260000000081e-01
5.212500000000000000e+02,6.330194649999999479e-01
5.215000000000000000e+02,6.321639039999999987e-01
5.217500000000000000e+02,6.313083420000000778e-01
5.220000000000000000e+02,6.304527810000000176e-01
5.222500000000000000e+02,6.293335370000000539e-01
5.225000000000000000e+02,6.282142939999999509e-01
5.227500000000000000e+02,6.270950510000000699e-01
5.230000000000000000e+02,6.259758069999999952e-01
5.232500000000000000e+02,6.255322239999999701e-01
5.235000000000000000e+02,6.250886399999999732e-01
5.237500000000000000e+02,6.246450570000000591e-01
5.240000000000000000e+02,6.242014729999999512e-01
5.242500000000000000e+02,6.242705090000000290e-01
5.245000000000000000e+02,6.243395440000000240e-01
5.247500000000000000e+02,6.244085799999999908e-01
5.250000000000000000e+02,6.244776149999999859e-01
5.252500000000000000e+02,6.239864820000000645e-01
5.255000000000000000e+02,6.234953479999999493e-01
5.257500000000000000e+02,6.230042150000000278e-01
5.260000000000000000e+02,6.225130810000000237e-01
5.262500000000000000e+02,6.220530290000000351e-01
5.265000000000000000e+02,6.215929770000000465e-01
5.267500000000000000e+02,6.211329249999999469e-01
5.270000000000000000e+02,6.206728729999999583e-01
5.272500000000000000e+02,6.200478959999999873e-01
5.275000000000000000e+02,6.194229179999999335e-01
5.277500000000000000e+02,6.187979409999999625e-01
5.280000000000000000e+02,6.181729639999999915e-01
5.282500000000000000e+02,6.172867189999999837e-01
5.285000000000000000e+02,6.164004749999999477e-01
5.287500000000000000e+02,6.155142300000000510e-01
5.290000000000000000e+02,6.146279850000000433e-01
5.292500000000000000e+02,6.138290670000000615e-01
5.295000000000000000e+02,6.130301489999999687e-01
5.297500000000000000e+02,6.122312309999999869e-01
5.300000000000000000e+02,6.114323120000000333e-01
5.302500000000000000e+02,6.119100600000000334e-01
5.305000000000000000e+02,6.123878079999999224e-01
5.307500000000000000e+02,6.128655560000000335e-01
5.310000000000000000e+02,6.133433040000000336e-01
5.312500000000000000e+02,6.135512149999999831e-01
5.315000000000000000e+02,6.137591270000000154e-01
5.317500000000000000e+02,6.139670379999999650e-01
5.320000000000000000e+02,6.141749499999999973e-01
5.322500000000000000e+02,6.143990089999999960e-01
5.325000000000000000e+02,6.146230689999999663e-01
5.327500000000000000e+02,6.148471279999999650e-01
5.330000000000000000e+02,6.150711879999999354e-01
5.332500000000000000e+02,6.154403050000000208e-01
5.335000000000000000e+02,6.158094229999999669e-01
5.337500000000000000e+02,6.161785410000000240e-01
5.340000000000000000e+02,6.165476589999999701e-01
5.342500000000000000e+02,6.154370209999999730e-01
5.345000000000000000e+02,6.143263839999999476e-01
5.347500000000000000e+02,6.132157470000000332e-01
5.350000000000000000e+02,6.121051100000000078e-01
5.352500000000000000e+02,6.116023449999999917e-01
5.355000000000000000e+02,6.110995810000000583e-01
5.357500000000000000e+02,6.105968170000000139e-01
5.360000000000000000e+02,6.100940529999999695e-01
5.362500000000000000e+02,6.094827689999999798e-01
5.365000000000000000e+02,6.088714859999999618e-01
5.367500000000000000e+02,6.082602020000000831e-01
5.370000000000000000e+02,6.076489189999999541e-01
5.372500000000000000e+02,6.072821409999999975e-01
5.375000000000000000e+02,6.069153640000000127e-01
5.377500000000000000e+02,6.065485870000000279e-01
5.380000000000000000e+02,6.061818089999999604e-01
5.382500000000000000e+02,6.064927580000000207e-01
5.385000000000000000e+02,6.068037059999999983e-01
5.387500000000000000e+02,6.071146539999999758e-01
5.390000000000000000e+02,6.074256029999999251e-01
5.392500000000000000e+02,6.077647649999999846e-01
5.395000000000000000e+02,6.081039270000000441e-01
5.397500000000000000e+02,6.084430889999999925e-01
5.400000000000000000e+02,6.087822510000000520e-01
5.402500000000000000e+02,6.086527079999999312e-01
5.405000000000000000e+02,6.085231660000000042e-01
5.407500000000000000e+02,6.083936229999999945e-01
5.410000000000000000e+02,6.082640810000000675e-01
5.412500000000000000e+02,6.078751270000000151e-01
5.415000000000000000e+02,6.074861729999999627e-01
5.417500000000000000e+02,6.070972190000000213e-01
5.420000000000000000e+02,6.067082649999999688e-01
5.422500000000000000e+02,6.055509660000000238e-01
5.425000000000000000e+02,6.043936659999999961e-01
5.427500000000000000e+02,6.032363659999999683e-01
5.430000000000000000e+02,6.020790660000000516e-01
5.432500000000000000e+02,6.011633060000000084e-01
5.435000000000000000e+02,6.002475459999999652e-01
5.437500000000000000e+02,5.993317860000000330e-01
5.440000000000000000e+02,5.984160259999999898e-01
5.442500000000000000e+02,5.984091889999999525e-01
5.445000000000000000e+02,5.984023520000000262e-01
5.447500000000000000e+02,5.983955149999999890e-01
5.450000000000000000e+02,5.983886779999999517e-01
5.452500000000000000e+02,5.992267740000000176e-01
5.455000000000000000e+02,6.000648690000000007e-01
5.457500000000000000e+02,6.009029649999999556e-01
5.460000000000000000e+02,6.017410600000000498e-01
5.462500000000000000e+02,6.025263299999999989e-01
5.465000000000000000e+02,6.033115989999999762e-01
5.467500000000000000e+02,6.040968690000000363e-01
5.470000000000000000e+02,6.048821380000000136e-01
5.472500000000000000e+02,6.040824270000000329e-01
5.475000000000000000e+02,6.032827149999999694e-01
5.477500000000000000e+02,6.024830030000000169e-01
5.480000000000000000e+02,6.016832910000000645e-01
5.482500000000000000e+02,6.011643650000000338e-01
5.485000000000000000e+02,6.006454379999999205e-01
5.487500000000000000e+02,6.001265120000000008e-01
5.490000000000000000e+02,5.996075859999999702e-01
5.492500000000000000e+02,5.993532979999999233e-01
5.495000000000000000e+02,5.990990090000000157e-01
5.497500000000000000e+02,5.988447209999999687e-01
5.500000000000000000e+02,5.985904329999999218e-01
5.502500000000000000e+02,5.977928139999999502e-01
5.505000000000000000e+02,5.969951949999999785e-01
5.507500000000000000e+02,5.961975769999999786e-01
5.510000000000000000e+02,5.953999580000000069e-01
5.512500000000000000e+02,5.945794789999999663e-01
5.515000000000000000e+02,5.937590000000000368e-01
5.517500000000000000e+02,5.929385200000000244e-01
5.520000000000000000e+02,5.921180409999999839e-01
5.522500000000000000e+02,5.937657939999999579e-01
5.525000000000000000e+02,5.954135470000000430e-01
5.527500000000000000e+02,5.970612989999999343e-01
5.530000000000000000e+02,5.987090520000000193e-01
5.532500000000000000e+02,5.990765040000000097e-01
5.535000000000000000e+02,5.994439550000000283e-01
5.537500000000000000e+02,5.998114070000000186e-01
5.540000000000000000e+02,6.001788579999999262e-01
5.542500000000000000e+02,5.996697100000000225e-01
5.545000000000000000e+02,5.991605620000000076e-01
5.547500000000000000e+02,5.986514130000000211e-01
5.550000000000000000e+02,5.981422650000000063e-01
5.552500000000000000e+02,5.980697849999999649e-01
5.555000000000000000e+02,5.979973039999999518e-01
5.557500000000000000e+02,5.979248229999999387e-01
5.560000000000000000e+02,5.978523430000000083e-01
5.562500000000000000e+02,5.977265550000000482e-01
5.565000000000000000e+02,5.976007669999999772e-01
5.567500000000000000e+02,5.974749799999999889e-01
5.570000000000000000e+02,5.973491920000000288e-01
5.572500000000000000e+02,5.968626339999999475e-01
5.575000000000000000e+02,5.963760759999999772e-01
5.577500000000000000e+02,5.958895170000000352e-01
5.580000000000000000e+02,5.954029589999999539e-01
5.582500000000000000e+02,5.948839940000000270e-01
5.585000000000000000e+02,5.943650289999999892e-01
5.587500000000000000e+02,5.938460639999999513e-01
5.590000000000000000e+02,5.933270990000000245e-01
5.592500000000000000e+02,5.940053730000000032e-01
5.595000000000000000e+02,5.946836469999999819e-01
5.597500000000000000e+02,5.953619209999999606e-01
5.600000000000000000e+02,5.960401950000000504e-01
5.602500000000000000e+02,5.954779999999999518e-01
5.605000000000000000e+02,5.949158049999999642e-01
5.607500000000000000e+02,5.943536099999999767e-01
5.610000000000000000e+02,5.937914140000000174e-01
5.612500000000000000e+02,5.945967140000000262e-01
5.615000000000000000e+02,5.954020150000000067e-01
5.617500000000000000e+02,5.962073150000000155e-01
5.620000000000000000e+02,5.970126150000000242e-01
5.622500000000000000e+02,5.967688880000000529e-01
5.625000000000000000e+02,5.965251609999999705e-01
5.627500000000000000e+02,5.962814339999999991e-01
5.630000000000000000e+02,5.960377070000000277e-01
5.632500000000000000e+02,5.964535410000000315e-01
5.635000000000000000e+02,5.968693750000000353e-01
5.637500000000000000e+02,5.972852090000000391e-01
5.640000000000000000e+02,5.977010429999999319e-01
5.642500000000000000e+02,5.977384999999999504e-01
5.645000000000000000e+02,5.977759559999999972e-01
5.647500000000000000e+02,5.978134120000000440e-01
5.650000000000000000e+02,5.978508689999999515e-01
5.652500000000000000e+02,5.976393320000000786e-01
5.655000000000000000e+02,5.974277960000000665e-01
5.657500000000000000e+02,5.972162600000000543e-01
5.660000000000000000e+02,5.970047229999999594e-01
5.662500000000000000e+02,5.978971610000000103e-01
5.665000000000000000e+02,5.987895979999999785e-01
5.667500000000000000e+02,5.996820349999999467e-01
5.670000000000000000e+02,6.005744729999999976e-01
5.672500000000000000e+02,6.007010560000000110e-01
5.675000000000000000e+02,6.008276380000000527e-01
5.677500000000000000e+02,6.009542210000000662e-01
5.680000000000000000e+02,6.010808039999999686e-01
5.682500000000000000e+02,5.998976510000000317e-01
5.685000000000000000e+02,5.987144970000000122e-01
5.687500000000000000e+02,5.975313439999999643e-01
5.690000000000000000e+02,5.963481899999999447e-01
5.692500000000000000e+02,5.971630289999999563e-01
5.695000000000000000e+02,5.979778669999999963e-01
5.697500000000000000e+02,5.987927050000000362e-01
5.700000000000000000e+02,5.996075429999999651e-01
5.702500000000000000e+02,5.990022970000000724e-01
5.705000000000000000e+02,5.983970520000000404e-01
5.707500000000000000e+02,5.977918060000000366e-01
5.710000000000000000e+02,5.971865600000000329e-01
5.712500000000000000e+02,5.971628580000000186e-01
5.715000000000000000e+02,5.971391550000000326e-01
5.717500000000000000e+02,5.971154530000000182e-01
5.720000000000000000e+02,5.970917510000000039e-01
5.722500000000000000e+02,5.971272659999999899e-01
5.725000000000000000e+02,5.971627820000000586e-01
5.727500000000000000e+02,5.971982970000000446e-01
5.730000000000000000e+02,5.972338130000000023e-01
5.732500000000000000e+02,5.980270670000000788e-01
5.735000000000000000e+02,5.988203210000000443e-01
5.737500000000000000e+02,5.996135750000000098e-01
5.740000000000000000e+02,6.004068299999999470e-01
5.742500000000000000e+02,5.999179820000000163e-01
5.745000000000000000e+02,5.994291339999999746e-01
5.747500000000000000e+02,5.989402860000000439e-01
5.750000000000000000e+02,5.984514380000000022e-01
5.752500000000000000e+02,5.984183770000000013e-01
5.755000000000000000e+02,5.983853170000000832e-01
5.757500000000000000e+02,5.983522570000000540e-01
5.760000000000000000e+02,5.983191960000000531e-01
5.762500000000000000e+02,5.985039149999999974e-01
5.765000000000000000e+02,5.986886329999999701e-01
5.767500000000000000e+02,5.988733510000000537e-01
5.770000000000000000e+02,5.990580699999999981e-01
5.772500000000000000e+02,6.002182499999999532e-01
5.775000000000000000e+02,6.013784300000000194e-01
5.777500000000000000e+02,6.025386099999999745e-01
5.780000000000000000e+02,6.036987900000000407e-01
5.782500000000000000e+02,6.031967379999999546e-01
5.785000000000000000e+02,6.026946870000000622e-01
5.787500000000000000e+02,6.021926360000000589e-01
5.790000000000000000e+02,6.016905849999999445e-01
5.792500000000000000e+02,6.017584099999999658e-01
5.795000000000000000e+02,6.018262349999999872e-01
5.797500000000000000e+02,6.018940590000000368e-01
5.800000000000000000e+02,6.019618839999999471e-01
5.802500000000000000e+02,6.027303229999999568e-01
5.805000000000000000e+02,6.034987629999999381e-01
5.807500000000000000e+02,6.042672020000000588e-01
5.810000000000000000e+02,6.050356410000000684e-01
5.812500000000000000e+02,6.042939349999999488e-01
5.815000000000000000e+02,6.035522290000000512e-01
5.817500000000000000e+02,6.028105229999999315e-01
5.820000000000000000e+02,6.020688160000000622e-01
5.822500000000000000e+02,6.029783650000000161e-01
5.825000000000000000e+02,6.038879129999999984e-01
5.827500000000000000e+02,6.047974620000000634e-01
5.830000000000000000e+02,6.057070100000000457e-01
5.832500000000000000e+02,6.051999989999999885e-01
5.835000000000000000e+02,6.046929879999999313e-01
5.837500000000000000e+02,6.041859769999999852e-01
5.840000000000000000e+02,6.036789649999999563e-01
5.842500000000000000e+02,6.030745239999999452e-01
5.845000000000000000e+02,6.024700820000000734e-01
5.847500000000000000e+02,6.018656399999999795e-01
5.850000000000000000e+02,6.012611989999999684e-01
5.852500000000000000e+02,6.002720929999999511e-01
5.855000000000000000e+02,5.992829870000000447e-01
5.857500000000000000e+02,5.982938810000000274e-01
5.860000000000000000e+02,5.973047750000000100e-01
5.862500000000000000e+02,5.989027620000000329e-01
5.865000000000000000e+02,6.005007500000000276e-01
5.867500000000000000e+02,6.020987370000000505e-01
5.870000000000000000e+02,6.036967239999999624e-01
5.872500000000000000e+02,6.039588000000000179e-01
5.875000000000000000e+02,6.042208759999999623e-01
5.877500000000000000e+02,6.044829529999999895e-01
5.880000000000000000e+02,6.047450289999999340e-01
5.882500000000000000e+02,6.056782290000000124e-01
5.885000000000000000e+02,6.066114299999999515e-01
5.887500000000000000e+02,6.075446300000000299e-01
5.890000000000000000e+02,6.084778309999999690e-01
5.892500000000000000e+02,6.089980979999999322e-01
5.895000000000000000e+02,6.095183650000000064e-01
5.897500000000000000e+02,6.100386320000000806e-01
5.900000000000000000e+02,6.105588989999999328e-01
5.902500000000000000e+02,6.094178639999999758e-01
5.905000000000000000e+02,6.082768279999999361e-01
5.907500000000000000e+02,6.071357920000000075e-01
5.910000000000000000e+02,6.059947570000000505e-01
5.912500000000000000e+02,6.043263560000000645e-01
5.915000000000000000e+02,6.026579560000000502e-01
5.917500000000000000e+02,6.009895560000000359e-01
5.920000000000000000e+02,5.993211560000000215e-01
5.922500000000000000e+02,6.006547989999999615e-01
5.925000000000000000e+02,6.019884420000000125e-01
5.927500000000000000e+02,6.033220849999999524e-01
5.930000000000000000e+02,6.046557280000000034e-01
5.932500000000000000e+02,6.047954190000000008e-01
5.935000000000000000e+02,6.049351099999999981e-01
5.937500000000000000e+02,6.050748000000000237e-01
5.940000000000000000e+02,6.052144910000000211e-01
5.942500000000000000e+02,6.054566779999999149e-01
5.945000000000000000e+02,6.056988660000000024e-01
5.947500000000000000e+02,6.059410530000000072e-01
5.950000000000000000e+02,6.061832409999999838e-01
5.952500000000000000e+02,6.077301529999999952e-01
5.955000000000000000e+02,6.092770659999999783e-01
5.957500000000000000e+02,6.108239789999999614e-01
5.960000000000000000e+02,6.123708920000000555e-01
5.962500000000000000e+02,6.109128999999999809e-01
5.965000000000000000e+02,6.094549080000000174e-01
5.967500000000000000e+02,6.079969149999999711e-01
5.970000000000000000e+02,6.065389230000000076e-01
5.972500000000000000e+02,6.064660880000000143e-01
5.975000000000000000e+02,6.063932530000000209e-01
5.977500000000000000e+02,6.063204179999999166e-01
5.980000000000000000e+02,6.062475840000000060e-01
5.982500000000000000e+02,6.054634220000000289e-01
5.985000000000000000e+02,6.046792610000000234e-01
5.987500000000000000e+02,6.038951000000000180e-01
5.990000000000000000e+02,6.031109390000000126e-01
5.992500000000000000e+02,6.032605500000000065e-01
5.995000000000000000e+02,6.034101620000000832e-01
5.997500000000000000e+02,6.035597729999999661e-01
6.000000000000000000e+02,6.037093850000000428e-01
6.002500000000000000e+02,6.059275320000000464e-01
6.005000000000000000e+02,6.081456789999999391e-01
6.007500000000000000e+02,6.103638260000000537e-01
6.010000000000000000e+02,6.125819729999999463e-01
6.012500000000000000e+02,6.111113350000000333e-01
6.015000000000000000e+02,6.096406970000000092e-01
6.017500000000000000e+02,6.081700589999999851e-01
6.020000000000000000e+02,6.066994209999999610e-01
6.022500000000000000e+02,6.065367189999999464e-01
6.025000000000000000e+02,6.063740159999999602e-01
6.027500000000000000e+02,6.062113139999999456e-01
6.030000000000000000e+02,6.060486120000000421e-01
6.032500000000000000e+02,6.067032359999999791e-01
6.035000000000000000e+02,6.073578609999999989e-01
6.037500000000000000e+02,6.080124850000000469e-01
6.040000000000000000e+02,6.086671089999999840e-01
6.042500000000000000e+02,6.077046660000000600e-01
6.045000000000000000e+02,6.067422230000000249e-01
6.047500000000000000e+02,6.057797799999999899e-01
6.050000000000000000e+02,6.048173370000000659e-01
6.052500000000000000e+02,6.048442769999999857e-01
6.055000000000000000e+02,6.048712170000000166e-01
6.057500000000000000e+02,6.048981580000000191e-01
6.060000000000000000e+02,6.049250979999999389e-01
6.062500000000000000e+02,6.042189399999999821e-01
6.065000000000000000e+02,6.035127820000000254e-01
6.067500000000000000e+02,6.028066239999999576e-01
6.070000000000000000e+02,6.021004660000000008e-01
6.072500000000000000e+02,6.027168290000000095e-01
6.075000000000000000e+02,6.033331910000000464e-01
6.077500000000000000e+02,6.039495540000000551e-01
6.080000000000000000e+02,6.045659159999999810e-01
6.082500000000000000e+02,6.048429379999999966e-01
6.085000000000000000e+02,6.051199600000000123e-01
6.087500000000000000e+02,6.053969820000000279e-01
6.090000000000000000e+02,6.056740039999999325e-01
6.092500000000000000e+02,6.052394060000000353e-01
6.095000000000000000e+02,6.048048089999999988e-01
6.097500000000000000e+02,6.043702120000000733e-01
6.100000000000000000e+02,6.039356150000000367e-01
6.102500000000000000e+02,6.046701760000000592e-01
6.105000000000000000e+02,6.054047370000000816e-01
6.107500000000000000e+02,6.061392979999999930e-01
6.110000000000000000e+02,6.068738599999999872e-01
6.112500000000000000e+02,6.057764639999999590e-01
6.115000000000000000e+02,6.046790679999999307e-01
6.117500000000000000e+02,6.035816720000000135e-01
6.120000000000000000e+02,6.024842759999999853e-01
6.122500000000000000e+02,6.027259740000000532e-01
6.125000000000000000e+02,6.029676729999999818e-01
6.127500000000000000e+02,6.032093710000000497e-01
6.130000000000000000e+02,6.034510690000000066e-01
6.132500000000000000e+02,6.032549839999999941e-01
6.135000000000000000e+02,6.030588980000000099e-01
6.137500000000000000e+02,6.028628129999999974e-01
6.140000000000000000e+02,6.026667279999999849e-01
6.142500000000000000e+02,6.030286620000000486e-01
6.145000000000000000e+02,6.033905970000000840e-01
6.147500000000000000e+02,6.037525310000000367e-01
6.150000000000000000e+02,6.041144659999999611e-01
6.152500000000000000e+02,6.040800400000000403e-01
6.155000000000000000e+02,6.040456140000000085e-01
6.157500000000000000e+02,6.040111889999999484e-01
6.160000000000000000e+02,6.039767629999999166e-01
6.162500000000000000e+02,6.034311770000000408e-01
6.165000000000000000e+02,6.028855910000000540e-01
6.167500000000000000e+02,6.023400049999999561e-01
6.170000000000000000e+02,6.017944189999999693e-01
6.172500000000000000e+02,6.004341300000000103e-01
6.175000000000000000e+02,5.990738420000000231e-01
6.177500000000000000e+02,5.977135540000000358e-01
6.180000000000000000e+02,5.963532649999999657e-01
6.182500000000000000e+02,5.969054710000000208e-01
6.185000000000000000e+02,5.974576759999999931e-01
6.187500000000000000e+02,5.980098820000000481e-01
6.190000000000000000e+02,5.985620870000000204e-01
6.192500000000000000e+02,5.991595330000000219e-01
6.195000000000000000e+02,5.997569790000000234e-01
6.197500000000000000e+02,6.003544250000000249e-01
6.200000000000000000e+02,6.009518710000000263e-01
6.202500000000000000e+02,6.009885130000000020e-01
6.205000000000000000e+02,6.010251549999999776e-01
6.207500000000000000e+02,6.010617970000000643e-01
6.210000000000000000e+02,6.010984390000000399e-01
6.212500000000000000e+02,6.022395849999999662e-01
6.215000000000000000e+02,6.033807310000000035e-01
6.217500000000000000e+02,6.045218780000000125e-01
6.220000000000000000e+02,6.056630239999999388e-01
6.222500000000000000e+02,6.043952329999999762e-01
6.225000000000000000e+02,6.031274429999999853e-01
6.227500000000000000e+02,6.018596520000000227e-01
6.230000000000000000e+02,6.005918610000000601e-01
6.232500000000000000e+02,5.991586709999999760e-01
6.235000000000000000e+02,5.977254810000000029e-01
6.237500000000000000e+02,5.962922910000000298e-01
6.240000000000000000e+02,5.948590999999999740e-01
6.242500000000000000e+02,5.950734239999999620e-01
6.245000000000000000e+02,5.952877469999999782e-01
6.247500000000000000e+02,5.955020709999999662e-01
6.250000000000000000e+02,5.957163939999999824e-01
6.252500000000000000e+02,5.956872450000000319e-01
6.255000000000000000e+02,5.956580949999999985e-01
6.257500000000000000e+02,5.956289460000000480e-01
6.260000000000000000e+02,5.955997969999999864e-01
6.262500000000000000e+02,5.960318989999999761e-01
6.265000000000000000e+02,5.964640009999999659e-01
6.267500000000000000e+02,5.968961029999999557e-01
6.270000000000000000e+02,5.973282060000000282e-01
6.272500000000000000e+02,5.968886970000000236e-01
6.275000000000000000e+02,5.964491889999999907e-01
6.277500000000000000e+02,5.960096810000000689e-01
6.280000000000000000e+02,5.955701729999999250e-01
6.282500000000000000e+02,5.957790880000000122e-01
6.285000000000000000e+02,5.959880029999999884e-01
6.287500000000000000e+02,5.961969189999999363e-01
6.290000000000000000e+02,5.964058340000000236e-01
6.292500000000000000e+02,5.955880810000000469e-01
6.295000000000000000e+02,5.947703279999999593e-01
6.297500000000000000e+02,5.939525749999999826e-01
6.300000000000000000e+02,5.931348220000000060e-01
6.302500000000000000e+02,5.934520960000000400e-01
6.305000000000000000e+02,5.937693710000000458e-01
6.307500000000000000e+02,5.940866449999999688e-01
6.310000000000000000e+02,5.944039199999999745e-01
6.312500000000000000e+02,5.953264429999999274e-01
6.315000000000000000e+02,5.962489659999999914e-01
6.317500000000000000e+02,5.971714900000000270e-01
6.320000000000000000e+02,5.980940129999999799e-01
6.322500000000000000e+02,5.974004739999999591e-01
6.325000000000000000e+02,5.967069350000000494e-01
6.327500000000000000e+02,5.960133960000000286e-01
6.330000000000000000e+02,5.953198570000000078e-01
6.332500000000000000e+02,5.950812819999999892e-01
6.335000000000000000e+02,5.948427070000000816e-01
6.337500000000000000e+02,5.946041320000000630e-01
6.340000000000000000e+02,5.943655559999999616e-01
6.342500000000000000e+02,5.935873900000000480e-01
6.345000000000000000e+02,5.928092240000000235e-01
6.347500000000000000e+02,5.920310570000000272e-01
6.350000000000000000e+02,5.912528900000000309e-01
6.352500000000000000e+02,5.920958990000000366e-01
6.355000000000000000e+02,5.929389070000000705e-01
6.357500000000000000e+02,5.937819129999999390e-01
6.360000000000000000e+02,5.946249160000000034e-01
6.362500000000000000e+02,5.944996430000000220e-01
6.365000000000000000e+02,5.943743649999999601e-01
6.367500000000000000e+02,5.942490830000000113e-01
6.370000000000000000e+02,5.941237929999999556e-01
6.372500000000000000e+02,5.948894339999999392e-01
6.375000000000000000e+02,5.956550640000000119e-01
6.377500000000000000e+02,5.964206779999999819e-01
6.380000000000000000e+02,5.971862720000000735e-01
6.382500000000000000e+02,5.960783579999999748e-01
6.385000000000000000e+02,5.949704120000000040e-01
6.387500000000000000e+02,5.938624270000000260e-01
6.390000000000000000e+02,5.927543899999999644e-01
6.392500000000000000e+02,5.924218700000000171e-01
6.395000000000000000e+02,5.920892669999999747e-01
6.397500000000000000e+02,5.917565620000000415e-01
6.400000000000000000e+02,5.914237270000000102e-01
6.402500000000000000e+02,5.913582279999999303e-01
6.405000000000000000e+02,5.912925260000000405e-01
6.407500000000000000e+02,5.912265709999999785e-01
6.410000000000000000e+02,5.911603029999999981e-01
6.412500000000000000e+02,5.919793269999999996e-01
6.415000000000000000e+02,5.927978660000000621e-01
6.417500000000000000e+02,5.936158070000000508e-01
6.420000000000000000e+02,5.944330140000000373e-01
6.422500000000000000e+02,5.948316319999999990e-01
6.425000000000000000e+02,5.952291619999999783e-01
6.427500000000000000e+02,5.956253679999999884e-01
6.430000000000000000e+02,5.960199689999999828e-01
6.432500000000000000e+02,5.957815020000000183e-01
6.435000000000000000e+02,5.955407240000000213e-01
6.437500000000000000e+02,5.952971740000000400e-01
6.440000000000000000e+02,5.950503070000000561e-01
6.442500000000000000e+02,5.943092700000000006e-01
6.445000000000000000e+02,5.935635740000000382e-01
6.447500000000000000e+02,5.928123589999999554e-01
6.450000000000000000e+02,5.920546290000000544e-01
6.452500000000000000e+02,5.921490120000000301e-01
6.455000000000000000e+02,5.922342299999999726e-01
6.457500000000000000e+02,5.923087059999999626e-01
6.460000000000000000e+02,5.923706329999999243e-01
6.462500000000000000e+02,5.938807959999999886e-01
6.465000000000000000e+02,5.953734360000000336e-01
6.467500000000000000e+02,5.968457369999999873e-01
6.470000000000000000e+02,5.982944999999999514e-01
6.472500000000000000e+02,5.978621570000000052e-01
6.475000000000000000e+02,5.973998990000000120e-01
6.477500000000000000e+02,5.969034739999999895e-01
6.480000000000000000e+02,5.963681520000000402e-01
6.482500000000000000e+02,5.950365699999999869e-01
6.485000000000000000e+02,5.936560079999999573e-01
6.487500000000000000e+02,5.922203079999999176e-01
6.490000000000000000e+02,5.907227390000000522e-01
6.492500000000000000e+02,5.908754649999999886e-01
6.495000000000000000e+02,5.909472929999999291e-01
6.497500000000000000e+02,5.909288879999999855e-01
6.500000000000000000e+02,5.908101709999999951e-01
6.502500000000000000e+02,5.902270979999999501e-01
6.505000000000000000e+02,5.895225510000000613e-01
6.507500000000000000e+02,5.886844110000000185e-01
6.510000000000000000e+02,5.876998469999999974e-01
6.512500000000000000e+02,5.862699439999999873e-01
6.515000000000000000e+02,5.846675780000000211e-01
6.517500000000000000e+02,5.828782679999999772e-01
6.520000000000000000e+02,5.808870339999999688e-01
6.522500000000000000e+02,5.789639520000000594e-01
6.525000000000000000e+02,5.768053250000000354e-01
6.527500000000000000e+02,5.743948250000000533e-01
6.530000000000000000e+02,5.717159860000000648e-01
6.532500000000000000e+02,5.682361360000000028e-01
6.535000000000000000e+02,5.644617039999999530e-01
6.537500000000000000e+02,5.603774999999999729e-01
6.540000000000000000e+02,5.559688520000000134e-01
6.542500000000000000e+02,5.509284089999999523e-01
6.545000000000000000e+02,5.455416840000000267e-01
6.547500000000000000e+02,5.397972030000000032e-01
6.550000000000000000e+02,5.336847489999999583e-01
6.552500000000000000e+02,5.279833310000000557e-01
6.555000000000000000e+02,5.218787570000000819e-01
6.557500000000000000e+02,5.153638680000000027e-01
6.560000000000000000e+02,5.084334240000000227e-01
6.562500000000000000e+02,5.005376990000000026e-01
6.565000000000000000e+02,4.922400109999999773e-01
6.567500000000000000e+02,4.835431350000000128e-01
6.570000000000000000e+02,4.744522990000000218e-01
6.572500000000000000e+02,4.660075770000000062e-01
6.575000000000000000e+02,4.571440949999999726e-01
6.577500000000000000e+02,4.478723079999999968e-01
6.580000000000000000e+02,4.382053929999999986e-01
6.582500000000000000e+02,4.270379229999999859e-01
6.585000000000000000e+02,4.155681629999999904e-01
6.587500000000000000e+02,4.038196150000000206e-01
6.590000000000000000e+02,3.918180119999999933e-01
6.592500000000000000e+02,3.806082760000000231e-01
6.595000000000000000e+02,3.691380400000000006e-01
6.597500000000000000e+02,3.574371359999999886e-01
6.600000000000000000e+02,3.455371579999999554e-01
6.602500000000000000e+02,3.327556979999999887e-01
6.605000000000000000e+02,3.198974829999999825e-01
6.607500000000000000e+02,3.069981720000000136e-01
6.610000000000000000e+02,2.940937940000000195e-01
6.612500000000000000e+02,2.814093420000000068e-01
6.615000000000000000e+02,2.687746939999999807e-01
6.617500000000000000e+02,2.562253580000000142e-01
6.620000000000000000e+02,2.437960999999999878e-01
6.622500000000000000e+02,2.311677709999999941e-01
6.625000000000000000e+02,2.187627789999999905e-01
6.627500000000000000e+02,2.066109819999999986e-01
6.630000000000000000e+02,1.947402729999999915e-01
6.632500000000000000e+02,1.835595800000000000e-01
6.635000000000000000e+02,1.726629980000000120e-01
6.637500000000000000e+02,1.620735379999999892e-01
6.640000000000000000e+02,1.518118199999999862e-01
6.642500000000000000e+02,1.419242149999999925e-01
6.645000000000000000e+02,1.323941919999999939e-01
6.647500000000000000e+02,1.232349529999999943e-01
6.650000000000000000e+02,1.144571010000000055e-01
6.652500000000000000e+02,1.061254380000000025e-01
6.655000000000000000e+02,9.818000699999997194e-02
6.657500000000000000e+02,9.062450499999999409e-02
6.660000000000000000e+02,8.346026619999999396e-02
6.662500000000000000e+02,7.664656730000000973e-02
6.665000000000000000e+02,7.022691709999999421e-02
6.667500000000000000e+02,6.419567049999999608e-02
6.670000000000000000e+02,5.854538339999999785e-02
6.672500000000000000e+02,5.320421239999999913e-02
6.675000000000000000e+02,4.823613129999999860e-02
6.677500000000000000e+02,4.362809460000000028e-02
6.680000000000000000e+02,3.936604779999999804e-02
6.682500000000000000e+02,3.541453499999999699e-02
6.685000000000000000e+02,3.178282140000000117e-02
6.687500000000000000e+02,2.845441300000000132e-02
6.690000000000000000e+02,2.541255950000000097e-02
6.692500000000000000e+02,2.264068430000000173e-02
6.695000000000000000e+02,2.012164710000000079e-02
6.697500000000000000e+02,1.783882640000000047e-02
6.700000000000000000e+02,1.577589249999999943e-02
6.702500000000000000e+02,1.394999300000000081e-02
6.705000000000000000e+02,1.230469359999999956e-02
6.707500000000000000e+02,1.082632849999999938e-02
6.710000000000000000e+02,9.501720479999999774e-03
6.712500000000000000e+02,8.294937879999998709e-03
6.715000000000000000e+02,7.223212090000000196e-03
6.717500000000000000e+02,6.274106520000000305e-03
6.720000000000000000e+02,5.435957029999999822e-03
6.722500000000000000e+02,4.717729589999999744e-03
6.725000000000000000e+02,4.084011640000000283e-03
6.727500000000000000e+02,3.526448860000000202e-03
6.730000000000000000e+02,3.037283620000000121e-03
6.732500000000000000e+02,2.601900969999999900e-03
6.735000000000000000e+02,2.223313790000000078e-03
6.737500000000000000e+02,1.895040910000000012e-03
6.740000000000000000e+02,1.611197759999999542e-03
6.742500000000000000e+02,1.366101729999999893e-03
6.745000000000000000e+02,1.155431489999999943e-03
6.747500000000000000e+02,9.748618009999997702e-04
6.750000000000000000e+02,8.205279399999997536e-04
6.752500000000000000e+02,6.885422220000000839e-04
6.755000000000000000e+02,5.764460629999999548e-04
6.757500000000000000e+02,4.815102390000000100e-04
6.760000000000000000e+02,4.013340880000000176e-04
6.762500000000000000e+02,3.342138350000000585e-04
6.765000000000000000e+02,2.777760279999999743e-04
6.767500000000000000e+02,2.304543640000000088e-04
6.770000000000000000e+02,1.908882829999999865e-04
6.772500000000000000e+02,1.580239890000000068e-04
6.775000000000000000e+02,1.306784420000000073e-04
6.777500000000000000e+02,1.079893490000000003e-04
6.780000000000000000e+02,8.921716679999998313e-05
6.782500000000000000e+02,7.373714600000000167e-05
6.785000000000000000e+02,6.100089229999998674e-05
6.787500000000000000e+02,5.055194390000000172e-05
6.790000000000000000e+02,4.200400990000000212e-05
6.792500000000000000e+02,3.498926299999999934e-05
6.795000000000000000e+02,2.928949350000000025e-05
6.797500000000000000e+02,2.467128609999999871e-05
6.800000000000000000e+02,2.093999220000000076e-05
6.802500000000000000e+02,1.793549139999999978e-05
6.805000000000000000e+02,1.552160989999999967e-05
6.807500000000000000e+02,1.358777669999999950e-05
6.810000000000000000e+02,1.204295859999999947e-05
6.812500000000000000e+02,1.080827570000000071e-05
6.815000000000000000e+02,9.827540849999998399e-06
6.817500000000000000e+02,9.050681169999999682e-06
6.820000000000000000e+02,8.437012189999998550e-06
6.822500000000000000e+02,7.957876089999999951e-06
6.825000000000000000e+02,7.581963860000001884e-06
6.827500000000000000e+02,7.287994569999999929e-06
6.830000000000000000e+02,7.058882689999999973e-06
6.832500000000000000e+02,6.880665719999998507e-06
6.835000000000000000e+02,6.742733209999999813e-06
6.837500000000000000e+02,6.636403330000000540e-06
6.840000000000000000e+02,6.554792440000000010e-06
6.842500000000000000e+02,6.494963799999999623e-06
6.845000000000000000e+02,6.450087269999999224e-06
6.847500000000000000e+02,6.416808230000000545e-06
6.850000000000000000e+02,6.392498320000000888e-06
6.852500000000000000e+02,6.373285150000000164e-06
6.855000000000000000e+02,6.359399080000000523e-06
6.857500000000000000e+02,6.349595510000000177e-06
6.860000000000000000e+02,6.342911500000000503e-06
6.862500000000000000e+02,6.337085740000000220e-06
6.865000000000000000e+02,6.333068180000000595e-06
6.867500000000000000e+02,6.330419910000000848e-06
6.870000000000000000e+02,6.328805539999999634e-06
6.872500000000000000e+02,6.327700120000000855e-06
6.875000000000000000e+02,6.327179169999999784e-06
6.877500000000000000e+02,6.327095650000000053e-06
6.880000000000000000e+02,6.327338589999999132e-06
6.882500000000000000e+02,6.336369250000000066e-06
6.885000000000000000e+02,6.345578789999999364e-06
6.887500000000000000e+02,6.354920880000000278e-06
6.890000000000000000e+02,6.364360870000000146e-06
6.892500000000000000e+02,6.356946649999999676e-06
6.895000000000000000e+02,6.349586140000000280e-06
6.897500000000000000e+02,6.342264860000000254e-06
6.900000000000000000e+02,6.334972150000000316e-06
6.902500000000000000e+02,6.341779190000000953e-06
6.905000000000000000e+02,6.348601070000000365e-06
6.907500000000000000e+02,6.355433690000000197e-06
6.910000000000000000e+02,6.362274060000000401e-06
6.912500000000000000e+02,6.377704250000000746e-06
6.915000000000000000e+02,6.393138419999999859e-06
6.917500000000000000e+02,6.408575419999999284e-06
6.920000000000000000e+02,6.424014459999999333e-06
6.922500000000000000e+02,6.403541449999999985e-06
6.925000000000000000e+02,6.383069489999999998e-06
6.927500000000000000e+02,6.362598269999999731e-06
6.930000000000000000e+02,6.342127570000000503e-06
6.932500000000000000e+02,6.354242019999999619e-06
6.935000000000000000e+02,6.366356720000000277e-06
6.937500000000000000e+02,6.378471600000000318e-06
6.940000000000000000e+02,6.390586590000000123e-06
6.942500000000000000e+02,6.385037820000000250e-06
6.945000000000000000e+02,6.379489100000000347e-06
6.947500000000000000e+02,6.373940430000000413e-06
6.950000000000000000e+02,6.368391780000000976e-06
6.952500000000000000e+02,6.374538599999999961e-06
6.955000000000000000e+02,6.380685429999999618e-06
6.957500000000000000e+02,6.386832269999999946e-06
6.960000000000000000e+02,6.392979120000000099e-06
6.962500000000000000e+02,6.393885250000000380e-06
6.965000000000000000e+02,6.394791380000000661e-06
6.967500000000000000e+02,6.395697519999999920e-06
6.970000000000000000e+02,6.396603660000000873e-06
6.972500000000000000e+02,6.396594879999999940e-06
6.975000000000000000e+02,6.396586110000000526e-06
6.977500000000000000e+02,6.396577329999999594e-06
6.980000000000000000e+02,6.396568559999999332e-06
6.982500000000000000e+02,6.407646859999999589e-06
6.985000000000000000e+02,6.418725170000000516e-06
6.987500000000000000e+02,6.429803480000000597e-06
6.990000000000000000e+02,6.440881780000000006e-06
6.992500000000000000e+02,6.442169499999999815e-06
6.995000000000000000e+02,6.443457210000000647e-06
6.997500000000000000e+02,6.444744919999999785e-06
7.000000000000000000e+02,6.446032629999999770e-06
7.002500000000000000e+02,6.449168460000000380e-06
7.005000000000000000e+02,6.452304289999999296e-06
7.007500000000000000e+02,6.455440120000000753e-06
7.010000000000000000e+02,6.458575940000000692e-06
7.012500000000000000e+02,6.440299489999999618e-06
7.015000000000000000e+02,6.422023040000000237e-06
7.017500000000000000e+02,6.403746579999999339e-06
7.020000000000000000e+02,6.385470129999999959e-06
7.022500000000000000e+02,6.385093249999999940e-06
7.025000000000000000e+02,6.384716379999999746e-06
7.027500000000000000e+02,6.384339499999999727e-06
7.030000000000000000e+02,6.383962630000000380e-06
7.032500000000000000e+02,6.398569820000000242e-06
7.035000000000000000e+02,6.413177019999999081e-06
7.037500000000000000e+02,6.427784219999999614e-06
7.040000000000000000e+02,6.442391410000000323e-06
7.042500000000000000e+02,6.446167700000000363e-06
7.045000000000000000e+02,6.449943980000000578e-06
7.047500000000000000e+02,6.453720269999999771e-06
7.050000000000000000e+02,6.457496549999999986e-06
7.052500000000000000e+02,6.462027050000000636e-06
7.055000000000000000e+02,6.466557539999999768e-06
7.057500000000000000e+02,6.471088030000000594e-06
7.060000000000000000e+02,6.475618519999999726e-06
7.062500000000000000e+02,6.468014149999999609e-06
7.065000000000000000e+02,6.460409780000000338e-06
7.067500000000000000e+02,6.452805409999999373e-06
7.070000000000000000e+02,6.445201040000000950e-06
7.072500000000000000e+02,6.438203699999999908e-06
7.075000000000000000e+02,6.431206359999999714e-06
7.077500000000000000e+02,6.424209030000001039e-06
7.080000000000000000e+02,6.417211689999999998e-06
7.082500000000000000e+02,6.414688380000000380e-06
7.085000000000000000e+02,6.412165060000000090e-06
7.087500000000000000e+02,6.409641749999999625e-06
7.090000000000000000e+02,6.407118429999999336e-06
7.092500000000000000e+02,6.412117790000000355e-06
7.095000000000000000e+02,6.417117150000000526e-06
7.097500000000000000e+02,6.422116500000000026e-06
7.100000000000000000e+02,6.427115860000000198e-06
7.102500000000000000e+02,6.430211410000000382e-06
7.105000000000000000e+02,6.433306970000000391e-06
7.107500000000000000e+02,6.436402519999998881e-06
7.110000000000000000e+02,6.439498079999999737e-06
7.112500000000000000e+02,6.440591159999999916e-06
7.115000000000000000e+02,6.441684249999999920e-06
7.117500000000000000e+02,6.442777330000000100e-06
7.120000000000000000e+02,6.443870410000000280e-06
7.122500000000000000e+02,6.443571759999999648e-06
7.125000000000000000e+02,6.443273100000000040e-06
7.127500000000000000e+02,6.442974450000000256e-06
7.130000000000000000e+02,6.442675799999999625e-06
7.132500000000000000e+02,6.446263650000000502e-06
7.135000000000000000e+02,6.449851499999999685e-06
7.137500000000000000e+02,6.453439349999999716e-06
7.140000000000000000e+02,6.457027199999999746e-06
7.142500000000000000e+02,6.448994109999999602e-06
7.145000000000000000e+02,6.440961020000000304e-06
7.147500000000000000e+02,6.432927929999999313e-06
7.150000000000000000e+02,6.424894839999999169e-06
7.152500000000000000e+02,6.428007430000000179e-06
7.155000000000000000e+02,6.431120020000000342e-06
7.157500000000000000e+02,6.434232620000000330e-06
7.160000000000000000e+02,6.437345209999999646e-06
7.162500000000000000e+02,6.440631490000000312e-06
7.165000000000000000e+02,6.443917769999999283e-06
7.167500000000000000e+02,6.447204059999998926e-06
7.170000000000000000e+02,6.450490339999999591e-06
7.172500000000000000e+02,6.443259810000000323e-06
7.175000000000000000e+02,6.436029280000000208e-06
7.177500000000000000e+02,6.428798750000000093e-06
7.180000000000000000e+02,6.421568219999999130e-06
7.182500000000000000e+02,6.420292929999999730e-06
7.185000000000000000e+02,6.419017650000001000e-06
7.187500000000000000e+02,6.417742360000000753e-06
7.190000000000000000e+02,6.416467069999999658e-06
7.192500000000000000e+02,6.433332410000000348e-06
7.195000000000000000e+02,6.450197740000000366e-06
7.197500000000000000e+02,6.467063080000000209e-06
7.200000000000000000e+02,6.483928409999999380e-06
7.202500000000000000e+02,6.468909329999999768e-06
7.205000000000000000e+02,6.453890249999999308e-06
7.207500000000000000e+02,6.438871180000000368e-06
7.210000000000000000e+02,6.423852099999999061e-06
7.212500000000000000e+02,6.421479290000000316e-06
7.215000000000000000e+02,6.419106490000000547e-06
7.217500000000000000e+02,6.416733680000000107e-06
7.220000000000000000e+02,6.414360880000000339e-06
7.222500000000000000e+02,6.409218030000000796e-06
7.225000000000000000e+02,6.404075169999999733e-06
7.227500000000000000e+02,6.398932320000000190e-06
7.230000000000000000e+02,6.393789469999998952e-06
7.232500000000000000e+02,6.409449370000000147e-06
7.235000000000000000e+02,6.425109269999999648e-06
7.237500000000000000e+02,6.440769160000000171e-06
7.240000000000000000e+02,6.456429059999999672e-06
7.242500000000000000e+02,6.446783789999999694e-06
7.245000000000000000e+02,6.437138530000000387e-06
7.247500000000000000e+02,6.427493260000000409e-06
7.250000000000000000e+02,6.417847989999999584e-06
7.252500000000000000e+02,6.435806159999999758e-06
7.255000000000000000e+02,6.453764320000000108e-06
7.257500000000000000e+02,6.471722479999999611e-06
7.260000000000000000e+02,6.489680650000000632e-06
7.262500000000000000e+02,6.481729939999999894e-06
7.265000000000000000e+02,6.473779230000000004e-06
7.267500000000000000e+02,6.465828520000000113e-06
7.270000000000000000e+02,6.457877820000000047e-06
7.272500000000000000e+02,6.444138259999999298e-06
7.275000000000000000e+02,6.430398700000000243e-06
7.277500000000000000e+02,6.416659150000000166e-06
7.280000000000000000e+02,6.402919590000000264e-06
7.282500000000000000e+02,6.401476400000000400e-06
7.285000000000000000e+02,6.400033200000000712e-06
7.287500000000000000e+02,6.398590009999999154e-06
7.290000000000000000e+02,6.397146820000000137e-06
7.292500000000000000e+02,6.390131420000000075e-06
7.295000000000000000e+02,6.383116020000000014e-06
7.297500000000000000e+02,6.376100629999999777e-06
7.300000000000000000e+02,6.369085230000000562e-06
7.302500000000000000e+02,6.379534349999999955e-06
7.305000000000000000e+02,6.389983480000000866e-06
7.307500000000000000e+02,6.400432610000000084e-06
7.310000000000000000e+02,6.410881730000001171e-06
7.312500000000000000e+02,6.406657170000000279e-06
7.315000000000000000e+02,6.402432619999999211e-06
7.317500000000000000e+02,6.398208059999999167e-06
7.320000000000000000e+02,6.393983500000000816e-06
7.322500000000000000e+02,6.397678570000000574e-06
7.325000000000000000e+02,6.401373640000000333e-06
7.327500000000000000e+02,6.405068710000000092e-06
7.330000000000000000e+02,6.408763769999999179e-06
7.332500000000000000e+02,6.409342690000001107e-06
7.335000000000000000e+02,6.409921599999999822e-06
7.337500000000000000e+02,6.410500509999999385e-06
7.340000000000000000e+02,6.411079419999999794e-06
7.342500000000000000e+02,6.410062140000000140e-06
7.345000000000000000e+02,6.409044849999998967e-06
7.347500000000000000e+02,6.408027570000000160e-06
7.350000000000000000e+02,6.407010289999999658e-06
7.352500000000000000e+02,6.395709000000000906e-06
7.355000000000000000e+02,6.384407720000000285e-06
7.357500000000000000e+02,6.373106429999998991e-06
7.360000000000000000e+02,6.361805150000000064e-06
7.362500000000000000e+02,6.357244599999999039e-06
7.365000000000000000e+02,6.352684050000000555e-06
7.367500000000000000e+02,6.348123490000000553e-06
7.370000000000000000e+02,6.343562940000000375e-06
7.372500000000000000e+02,6.351872860000000349e-06
7.375000000000000000e+02,6.360182780000000323e-06
7.377500000000000000e+02,6.368492700000000298e-06
7.380000000000000000e+02,6.376802620000000272e-06
7.382500000000000000e+02,6.383341170000000416e-06
7.385000000000000000e+02,6.389879719999999713e-06
7.387500000000000000e+02,6.396418269999999010e-06
7.390000000000000000e+02,6.402956820000000849e-06
7.392500000000000000e+02,6.401551170000000365e-06
7.395000000000000000e+02,6.400145519999999882e-06
7.397500000000000000e+02,6.398739870000000245e-06
7.400000000000000000e+02,6.397334220000000609e-06
7.402500000000000000e+02,6.390901179999999707e-06
7.405000000000000000e+02,6.384468140000000500e-06
7.407500000000000000e+02,6.378035110000001117e-06
7.410000000000000000e+02,6.371602070000000215e-06
7.412500000000000000e+02,6.368395730000001117e-06
7.415000000000000000e+02,6.365189390000000325e-06
7.417500000000000000e+02,6.361983050000000379e-06
7.420000000000000000e+02,6.358776709999999587e-06
7.422500000000000000e+02,6.362913880000000051e-06
7.425000000000000000e+02,6.367051039999999843e-06
7.427500000000000000e+02,6.371188199999999635e-06
7.430000000000000000e+02,6.375325370000000099e-06
7.432500000000000000e+02,6.369692230000000165e-06
7.435000000000000000e+02,6.364059099999999209e-06
7.437500000000000000e+02,6.358425969999999947e-06
7.440000000000000000e+02,6.352792830000000013e-06
7.442500000000000000e+02,6.358825030000000379e-06
7.445000000000000000e+02,6.364857229999999897e-06
7.447500000000000000e+02,6.370889419999999591e-06
7.450000000000000000e+02,6.376921620000000804e-06
7.452500000000000000e+02,6.369124229999999733e-06
7.455000000000000000e+02,6.361326840000000356e-06
7.457500000000000000e+02,6.353529440000001155e-06
7.460000000000000000e+02,6.345732050000000084e-06
7.462500000000000000e+02,6.345629809999999362e-06
7.465000000000000000e+02,6.345527570000000335e-06
7.467500000000000000e+02,6.345425320000000636e-06
7.470000000000000000e+02,6.345323080000000761e-06
7.472500000000000000e+02,6.358030480000000395e-06
7.475000000000000000e+02,6.370737870000000204e-06
7.477500000000000000e+02,6.383445260000000013e-06
7.480000000000000000e+02,6.396152659999999647e-06
7.482500000000000000e+02,6.395024230000000620e-06
7.485000000000000000e+02,6.393895799999999898e-06
7.487500000000000000e+02,6.392767370000000024e-06
7.490000000000000000e+02,6.391638940000000150e-06
7.492500000000000000e+02,6.387757549999999602e-06
7.495000000000000000e+02,6.383876150000000077e-06
7.497500000000000000e+02,6.379994749999999704e-06
7.500000000000000000e+02,6.376113360000000850e-06
