# NAME           	GaiaDR2_RP
# WAVELENGTH_UNIT	nm
# DETECTOR       	photon
# COMPNAME       	GaiaDR2_RP
#
## WAVELENGTH	None	nm
## THROUGHPUT	None	filter throughput definition
#
WAVELENGTH,THROUGHPUT
6.100000000000000000e+02,1.037768870000000070e-05
6.102500000000000000e+02,1.065076069999999821e-05
6.105000000000000000e+02,1.097670249999999962e-05
6.107500000000000000e+02,1.136523110000000063e-05
6.110000000000000000e+02,1.182773529999999915e-05
6.112500000000000000e+02,1.237282590000000071e-05
6.115000000000000000e+02,1.302029560000000065e-05
6.117500000000000000e+02,1.378816639999999964e-05
6.120000000000000000e+02,1.469741430000000072e-05
6.122500000000000000e+02,1.577672909999999849e-05
6.125000000000000000e+02,1.705076660000000280e-05
6.127500000000000000e+02,1.855246269999999962e-05
6.130000000000000000e+02,2.031991300000000062e-05
6.132500000000000000e+02,2.239502800000000150e-05
6.135000000000000000e+02,2.483014890000000043e-05
6.137500000000000000e+02,2.768352470000000039e-05
6.140000000000000000e+02,3.102207500000000063e-05
6.142500000000000000e+02,3.492639549999999583e-05
6.145000000000000000e+02,3.948152399999999696e-05
6.147500000000000000e+02,4.478816350000000275e-05
6.150000000000000000e+02,5.096124640000000152e-05
6.152500000000000000e+02,5.812662670000001268e-05
6.155000000000000000e+02,6.643689590000001856e-05
6.157500000000000000e+02,7.606084139999999376e-05
6.160000000000000000e+02,8.718977380000000909e-05
6.162500000000000000e+02,1.000286700000000046e-04
6.165000000000000000e+02,1.148301329999999937e-04
6.167500000000000000e+02,1.318691030000000025e-04
6.170000000000000000e+02,1.514550170000000058e-04
6.172500000000000000e+02,1.739044159999999714e-04
6.175000000000000000e+02,1.996291260000000072e-04
6.177500000000000000e+02,2.290637020000000127e-04
6.180000000000000000e+02,2.626936889999999985e-04
6.182500000000000000e+02,3.011784500000000268e-04
6.185000000000000000e+02,3.450373580000000028e-04
6.187500000000000000e+02,3.949475880000000204e-04
6.190000000000000000e+02,4.516607759999999847e-04
6.192500000000000000e+02,5.160100759999999278e-04
6.195000000000000000e+02,5.889162120000000040e-04
6.197500000000000000e+02,6.713959070000000400e-04
6.200000000000000000e+02,7.645694719999998395e-04
6.202500000000000000e+02,8.695629949999997580e-04
6.205000000000000000e+02,9.878064249999997468e-04
6.207500000000000000e+02,1.120776549999999948e-03
6.210000000000000000e+02,1.270088219999999934e-03
6.212500000000000000e+02,1.437835799999999560e-03
6.215000000000000000e+02,1.625693519999999543e-03
6.217500000000000000e+02,1.835763769999999981e-03
6.220000000000000000e+02,2.070328570000000076e-03
6.222500000000000000e+02,2.330681340000000188e-03
6.225000000000000000e+02,2.620380209999999873e-03
6.227500000000000000e+02,2.942259999999999927e-03
6.230000000000000000e+02,3.299370710000000019e-03
6.232500000000000000e+02,3.694851949999999972e-03
6.235000000000000000e+02,4.132315709999999885e-03
6.237500000000000000e+02,4.615508579999998487e-03
6.240000000000000000e+02,5.148427560000000056e-03
6.242500000000000000e+02,5.737321020000001742e-03
6.245000000000000000e+02,6.385163910000001691e-03
6.247500000000000000e+02,7.096811940000000325e-03
6.250000000000000000e+02,7.877402679999997645e-03
6.252500000000000000e+02,8.731918659999999069e-03
6.255000000000000000e+02,9.666417910000000766e-03
6.257500000000000000e+02,1.068688790000000069e-02
6.260000000000000000e+02,1.179960329999999932e-02
6.262500000000000000e+02,1.301240909999999695e-02
6.265000000000000000e+02,1.433111760000000019e-02
6.267500000000000000e+02,1.576287330000000070e-02
6.270000000000000000e+02,1.731508780000000011e-02
6.272500000000000000e+02,1.899197810000000097e-02
6.275000000000000000e+02,2.080424490000000112e-02
6.277500000000000000e+02,2.275994350000000097e-02
6.280000000000000000e+02,2.486732960000000159e-02
6.282500000000000000e+02,2.713862909999999878e-02
6.285000000000000000e+02,2.957931570000000079e-02
6.287500000000000000e+02,3.219817540000000089e-02
6.290000000000000000e+02,3.500409339999999841e-02
6.292500000000000000e+02,3.799784470000000525e-02
6.295000000000000000e+02,4.119521300000000136e-02
6.297500000000000000e+02,4.460503469999999721e-02
6.300000000000000000e+02,4.823608900000000282e-02
6.302500000000000000e+02,5.210946150000000249e-02
6.305000000000000000e+02,5.622322690000001316e-02
6.307500000000000000e+02,6.058589690000001221e-02
6.310000000000000000e+02,6.520574619999999766e-02
6.312500000000000000e+02,7.009946240000000661e-02
6.315000000000000000e+02,7.526726300000000092e-02
6.317500000000000000e+02,8.071649949999998297e-02
6.320000000000000000e+02,8.645407650000000443e-02
6.322500000000000000e+02,9.245404240000000551e-02
6.325000000000000000e+02,9.875019369999998853e-02
6.327500000000000000e+02,1.053474490000000097e-01
6.330000000000000000e+02,1.122500550000000014e-01
6.332500000000000000e+02,1.194721259999999979e-01
6.335000000000000000e+02,1.270071619999999790e-01
6.337500000000000000e+02,1.348571819999999921e-01
6.340000000000000000e+02,1.430233479999999946e-01
6.342500000000000000e+02,1.514872849999999993e-01
6.345000000000000000e+02,1.602647899999999903e-01
6.347500000000000000e+02,1.693541000000000074e-01
6.350000000000000000e+02,1.787524550000000045e-01
6.352500000000000000e+02,1.885195390000000137e-01
6.355000000000000000e+02,1.985938050000000121e-01
6.357500000000000000e+02,2.089696839999999889e-01
6.360000000000000000e+02,2.196405439999999931e-01
6.362500000000000000e+02,2.305491990000000102e-01
6.365000000000000000e+02,2.417315929999999946e-01
6.367500000000000000e+02,2.531777550000000043e-01
6.370000000000000000e+02,2.648766869999999995e-01
6.372500000000000000e+02,2.768674239999999731e-01
6.375000000000000000e+02,2.890904559999999957e-01
6.377500000000000000e+02,3.015320189999999845e-01
6.380000000000000000e+02,3.141774569999999933e-01
6.382500000000000000e+02,3.268772080000000302e-01
6.385000000000000000e+02,3.397384770000000387e-01
6.387500000000000000e+02,3.527440729999999913e-01
6.390000000000000000e+02,3.658761739999999985e-01
6.392500000000000000e+02,3.791764309999999805e-01
6.395000000000000000e+02,3.925701830000000170e-01
6.397500000000000000e+02,4.060381969999999896e-01
6.400000000000000000e+02,4.195609089999999819e-01
6.402500000000000000e+02,4.331415209999999738e-01
6.405000000000000000e+02,4.467384839999999913e-01
6.407500000000000000e+02,4.603317470000000133e-01
6.410000000000000000e+02,4.739012699999999856e-01
6.412500000000000000e+02,4.875177900000000064e-01
6.415000000000000000e+02,5.010758539999999872e-01
6.417500000000000000e+02,5.145559280000000513e-01
6.420000000000000000e+02,5.279388189999999481e-01
6.422500000000000000e+02,5.411559639999999893e-01
6.425000000000000000e+02,5.542365009999999925e-01
6.427500000000000000e+02,5.671627849999999471e-01
6.430000000000000000e+02,5.799178220000000827e-01
6.432500000000000000e+02,5.924042039999999343e-01
6.435000000000000000e+02,6.046842260000000469e-01
6.437500000000000000e+02,6.167433270000000078e-01
6.440000000000000000e+02,6.285678390000000171e-01
6.442500000000000000e+02,6.400749460000000335e-01
6.445000000000000000e+02,6.513205149999999888e-01
6.447500000000000000e+02,6.622938879999999973e-01
6.450000000000000000e+02,6.729854390000000741e-01
6.452500000000000000e+02,6.835119670000000536e-01
6.455000000000000000e+02,6.937442990000000087e-01
6.457500000000000000e+02,7.036758190000000912e-01
6.460000000000000000e+02,7.133009719999999776e-01
6.462500000000000000e+02,7.228425389999999506e-01
6.465000000000000000e+02,7.320753570000000376e-01
6.467500000000000000e+02,7.409966799999998521e-01
6.470000000000000000e+02,7.496047540000000398e-01
6.472500000000000000e+02,7.575937859999999358e-01
6.475000000000000000e+02,7.652628000000000208e-01
6.477500000000000000e+02,7.726132309999999004e-01
6.480000000000000000e+02,7.796473659999999528e-01
6.482500000000000000e+02,7.862386489999999561e-01
6.485000000000000000e+02,7.925185000000000146e-01
6.487500000000000000e+02,7.984916459999999994e-01
6.490000000000000000e+02,8.041634669999999652e-01
6.492500000000000000e+02,8.098421470000000122e-01
6.495000000000000000e+02,8.152358769999999977e-01
6.497500000000000000e+02,8.203513719999999676e-01
6.500000000000000000e+02,8.251957930000000108e-01
6.502500000000000000e+02,8.297092400000000145e-01
6.505000000000000000e+02,8.339664059999999379e-01
6.507500000000000000e+02,8.379755399999998522e-01
6.510000000000000000e+02,8.417451270000000374e-01
6.512500000000000000e+02,8.452264729999998671e-01
6.515000000000000000e+02,8.484853240000000962e-01
6.517500000000000000e+02,8.515306229999999310e-01
6.520000000000000000e+02,8.543713600000000241e-01
6.522500000000000000e+02,8.570680609999999922e-01
6.525000000000000000e+02,8.595784349999998630e-01
6.527500000000000000e+02,8.619113409999999975e-01
6.530000000000000000e+02,8.640755340000000340e-01
6.532500000000000000e+02,8.659727179999998636e-01
6.535000000000000000e+02,8.677178669999998650e-01
6.537500000000000000e+02,8.693193190000000348e-01
6.540000000000000000e+02,8.707852040000000349e-01
6.542500000000000000e+02,8.720617400000000297e-01
6.545000000000000000e+02,8.732181049999998557e-01
6.547500000000000000e+02,8.742617240000000178e-01
6.550000000000000000e+02,8.751997500000000541e-01
6.552500000000000000e+02,8.762046770000000429e-01
6.555000000000000000e+02,8.771177620000000230e-01
6.557500000000000000e+02,8.779452570000000344e-01
6.560000000000000000e+02,8.786931270000000183e-01
6.562500000000000000e+02,8.792397640000000347e-01
6.565000000000000000e+02,8.797177140000000950e-01
6.567500000000000000e+02,8.801321100000000230e-01
6.570000000000000000e+02,8.804878029999998468e-01
6.572500000000000000e+02,8.810421219999999831e-01
6.575000000000000000e+02,8.815467340000000540e-01
6.577500000000000000e+02,8.820056359999999263e-01
6.580000000000000000e+02,8.824225709999999889e-01
6.582500000000000000e+02,8.824932679999999419e-01
6.585000000000000000e+02,8.825287269999999573e-01
6.587500000000000000e+02,8.825320220000000271e-01
6.590000000000000000e+02,8.825060070000000367e-01
6.592500000000000000e+02,8.827631569999999650e-01
6.595000000000000000e+02,8.829960519999998647e-01
6.597500000000000000e+02,8.832069270000000305e-01
6.600000000000000000e+02,8.833978430000000159e-01
6.602500000000000000e+02,8.833169349999998587e-01
6.605000000000000000e+02,8.832197790000000381e-01
6.607500000000000000e+02,8.831079840000000125e-01
6.610000000000000000e+02,8.829830180000000084e-01
6.612500000000000000e+02,8.829246469999999514e-01
6.615000000000000000e+02,8.828556359999999437e-01
6.617500000000000000e+02,8.827770909999999027e-01
6.620000000000000000e+02,8.826900190000001034e-01
6.622500000000000000e+02,8.824165099999999873e-01
6.625000000000000000e+02,8.821362940000000430e-01
6.627500000000000000e+02,8.818501190000000989e-01
6.630000000000000000e+02,8.815586559999999405e-01
6.632500000000000000e+02,8.815043579999999324e-01
6.635000000000000000e+02,8.814457909999998675e-01
6.637500000000000000e+02,8.813834390000000463e-01
6.640000000000000000e+02,8.813177329999999365e-01
6.642500000000000000e+02,8.812695499999998461e-01
6.645000000000000000e+02,8.812187309999999218e-01
6.647500000000000000e+02,8.811655840000001128e-01
6.650000000000000000e+02,8.811103799999998598e-01
6.652500000000000000e+02,8.811150920000000442e-01
6.655000000000000000e+02,8.811181659999999249e-01
6.657500000000000000e+02,8.811197909999999300e-01
6.660000000000000000e+02,8.811201319999999448e-01
6.662500000000000000e+02,8.810557959999999467e-01
6.665000000000000000e+02,8.809904899999998484e-01
6.667500000000000000e+02,8.809243259999999243e-01
6.670000000000000000e+02,8.808574029999999278e-01
6.672500000000000000e+02,8.806437249999999883e-01
6.675000000000000000e+02,8.804295380000000115e-01
6.677500000000000000e+02,8.802149090000001008e-01
6.680000000000000000e+02,8.799998940000000047e-01
6.682500000000000000e+02,8.797095700000000518e-01
6.685000000000000000e+02,8.794189990000000900e-01
6.687500000000000000e+02,8.791282190000000440e-01
6.690000000000000000e+02,8.788372639999999514e-01
6.692500000000000000e+02,8.785448599999999830e-01
6.695000000000000000e+02,8.782523340000000234e-01
6.697500000000000000e+02,8.779597049999998681e-01
6.700000000000000000e+02,8.776669919999998681e-01
6.702500000000000000e+02,8.776521969999999673e-01
6.705000000000000000e+02,8.776371779999998513e-01
6.707500000000000000e+02,8.776219459999999861e-01
6.710000000000000000e+02,8.776065119999999498e-01
6.712500000000000000e+02,8.772461550000000274e-01
6.715000000000000000e+02,8.768858189999999553e-01
6.717500000000000000e+02,8.765255090000000360e-01
6.720000000000000000e+02,8.761652309999999888e-01
6.722500000000000000e+02,8.763064359999999109e-01
6.725000000000000000e+02,8.764473769999999719e-01
6.727500000000000000e+02,8.765880560000000044e-01
6.730000000000000000e+02,8.767284759999999233e-01
6.732500000000000000e+02,8.765193470000000042e-01
6.735000000000000000e+02,8.763101749999998580e-01
6.737500000000000000e+02,8.761009619999999831e-01
6.740000000000000000e+02,8.758917079999999356e-01
6.742500000000000000e+02,8.756454350000000275e-01
6.745000000000000000e+02,8.753991459999999059e-01
6.747500000000000000e+02,8.751528419999999864e-01
6.750000000000000000e+02,8.749065229999999360e-01
6.752500000000000000e+02,8.745764029999999467e-01
6.755000000000000000e+02,8.742463190000000495e-01
6.757500000000000000e+02,8.739162729999998547e-01
6.760000000000000000e+02,8.735862650000000285e-01
6.762500000000000000e+02,8.733973790000000292e-01
6.765000000000000000e+02,8.732084459999999160e-01
6.767500000000000000e+02,8.730194639999999673e-01
6.770000000000000000e+02,8.728304359999999873e-01
6.772500000000000000e+02,8.727309159999998567e-01
6.775000000000000000e+02,8.726312950000000290e-01
6.777500000000000000e+02,8.725315729999999492e-01
6.780000000000000000e+02,8.724317480000000069e-01
6.782500000000000000e+02,8.723374290000001086e-01
6.785000000000000000e+02,8.722430049999998491e-01
6.787500000000000000e+02,8.721484750000000341e-01
6.790000000000000000e+02,8.720538409999999407e-01
6.792500000000000000e+02,8.718104110000000073e-01
6.795000000000000000e+02,8.715669659999999430e-01
6.797500000000000000e+02,8.713235070000000526e-01
6.800000000000000000e+02,8.710800340000001141e-01
6.802500000000000000e+02,8.708480509999998453e-01
6.805000000000000000e+02,8.706160469999999485e-01
6.807500000000000000e+02,8.703840210000000077e-01
6.810000000000000000e+02,8.701519749999998554e-01
6.812500000000000000e+02,8.698773429999998585e-01
6.815000000000000000e+02,8.696027170000000250e-01
6.817500000000000000e+02,8.693280949999998564e-01
6.820000000000000000e+02,8.690534779999999904e-01
6.822500000000000000e+02,8.688525000000000276e-01
6.825000000000000000e+02,8.686514810000000031e-01
6.827500000000000000e+02,8.684504229999998604e-01
6.830000000000000000e+02,8.682493240000001000e-01
6.832500000000000000e+02,8.680513050000000508e-01
6.835000000000000000e+02,8.678532429999999964e-01
6.837500000000000000e+02,8.676551399999999914e-01
6.840000000000000000e+02,8.674569949999999530e-01
6.842500000000000000e+02,8.673094709999999985e-01
6.845000000000000000e+02,8.671618740000001102e-01
6.847500000000000000e+02,8.670142039999999550e-01
6.850000000000000000e+02,8.668664609999998660e-01
6.852500000000000000e+02,8.666881459999999926e-01
6.855000000000000000e+02,8.665097769999999811e-01
6.857500000000000000e+02,8.663313540000000534e-01
6.860000000000000000e+02,8.661528759999999050e-01
6.862500000000000000e+02,8.659536669999999825e-01
6.865000000000000000e+02,8.657544169999999983e-01
6.867500000000000000e+02,8.655551240000000091e-01
6.870000000000000000e+02,8.653557899999998471e-01
6.872500000000000000e+02,8.651536530000000225e-01
6.875000000000000000e+02,8.649514759999999969e-01
6.877500000000000000e+02,8.647492580000000206e-01
6.880000000000000000e+02,8.645470009999999261e-01
6.882500000000000000e+02,8.645173919999999956e-01
6.885000000000000000e+02,8.644876369999998644e-01
6.887500000000000000e+02,8.644577350000000049e-01
6.890000000000000000e+02,8.644276859999998619e-01
6.892500000000000000e+02,8.640704129999999816e-01
6.895000000000000000e+02,8.637131949999999891e-01
6.897500000000000000e+02,8.633560329999998562e-01
6.900000000000000000e+02,8.629989270000000268e-01
6.902500000000000000e+02,8.629175249999998520e-01
6.905000000000000000e+02,8.628360069999999604e-01
6.907500000000000000e+02,8.627543749999998512e-01
6.910000000000000000e+02,8.626726270000000252e-01
6.912500000000000000e+02,8.627559369999999728e-01
6.915000000000000000e+02,8.628390299999999513e-01
6.917500000000000000e+02,8.629219049999999891e-01
6.920000000000000000e+02,8.630045629999999468e-01
6.922500000000000000e+02,8.623741019999998647e-01
6.925000000000000000e+02,8.617438659999998585e-01
6.927500000000000000e+02,8.611138560000000108e-01
6.930000000000000000e+02,8.604840700000000453e-01
6.932500000000000000e+02,8.604959469999999833e-01
6.935000000000000000e+02,8.605076499999998463e-01
6.937500000000000000e+02,8.605191800000000502e-01
6.940000000000000000e+02,8.605305349999999853e-01
6.942500000000000000e+02,8.601906990000001141e-01
6.945000000000000000e+02,8.598509079999998583e-01
6.947500000000000000e+02,8.595111609999999125e-01
6.950000000000000000e+02,8.591714590000000262e-01
6.952500000000000000e+02,8.590611519999999945e-01
6.955000000000000000e+02,8.589507479999999306e-01
6.957500000000000000e+02,8.588402450000000021e-01
6.960000000000000000e+02,8.587296439999999587e-01
6.962500000000000000e+02,8.585104070000000309e-01
6.965000000000000000e+02,8.582911409999999242e-01
6.967500000000000000e+02,8.580718429999999453e-01
6.970000000000000000e+02,8.578525160000000094e-01
6.972500000000000000e+02,8.576133339999999494e-01
6.975000000000000000e+02,8.573741339999999544e-01
6.977500000000000000e+02,8.571349169999999962e-01
6.980000000000000000e+02,8.568956809999999091e-01
6.982500000000000000e+02,8.568728749999998673e-01
6.985000000000000000e+02,8.568499149999998510e-01
6.987500000000000000e+02,8.568268020000000540e-01
6.990000000000000000e+02,8.568035349999999495e-01
6.992500000000000000e+02,8.565768900000000352e-01
6.995000000000000000e+02,8.563502179999999964e-01
6.997500000000000000e+02,8.561235209999999984e-01
7.000000000000000000e+02,8.558967969999999870e-01
7.002500000000000000e+02,8.557104229999999978e-01
7.005000000000000000e+02,8.555239970000000360e-01
7.007500000000000000e+02,8.553375199999998513e-01
7.010000000000000000e+02,8.551509909999999159e-01
7.012500000000000000e+02,8.545411279999999277e-01
7.015000000000000000e+02,8.539314799999998540e-01
7.017500000000000000e+02,8.533220459999999452e-01
7.020000000000000000e+02,8.527128269999999510e-01
7.022500000000000000e+02,8.524605100000000046e-01
7.025000000000000000e+02,8.522081840000000907e-01
7.027500000000000000e+02,8.519558470000000439e-01
7.030000000000000000e+02,8.517035009999999184e-01
7.032500000000000000e+02,8.517562890000001108e-01
7.035000000000000000e+02,8.518088759999999926e-01
7.037500000000000000e+02,8.518612599999999535e-01
7.040000000000000000e+02,8.519134419999999652e-01
7.042500000000000000e+02,8.517530150000000022e-01
7.045000000000000000e+02,8.515925190000001033e-01
7.047500000000000000e+02,8.514319550000000181e-01
7.050000000000000000e+02,8.512713240000000514e-01
7.052500000000000000e+02,8.511301430000000057e-01
7.055000000000000000e+02,8.509888829999998627e-01
7.057500000000000000e+02,8.508475420000000122e-01
7.060000000000000000e+02,8.507061209999999818e-01
7.062500000000000000e+02,8.503245099999998668e-01
7.065000000000000000e+02,8.499429699999998533e-01
7.067500000000000000e+02,8.495615020000000239e-01
7.070000000000000000e+02,8.491801049999998519e-01
7.072500000000000000e+02,8.488115219999999850e-01
7.075000000000000000e+02,8.484430020000000017e-01
7.077500000000000000e+02,8.480745450000000130e-01
7.080000000000000000e+02,8.477061509999999078e-01
7.082500000000000000e+02,8.474350539999999654e-01
7.085000000000000000e+02,8.471639579999999947e-01
7.087500000000000000e+02,8.468928629999999957e-01
7.090000000000000000e+02,8.466217709999999119e-01
7.092500000000000000e+02,8.465020390000000949e-01
7.095000000000000000e+02,8.463822140000000216e-01
7.097500000000000000e+02,8.462622929999999988e-01
7.100000000000000000e+02,8.461422790000000527e-01
7.102500000000000000e+02,8.459791190000001126e-01
7.105000000000000000e+02,8.458158909999999864e-01
7.107500000000000000e+02,8.456525969999999504e-01
7.110000000000000000e+02,8.454892359999999218e-01
7.112500000000000000e+02,8.452892400000000528e-01
7.115000000000000000e+02,8.450891999999999848e-01
7.117500000000000000e+02,8.448891170000000228e-01
7.120000000000000000e+02,8.446889890000001122e-01
7.122500000000000000e+02,8.444575619999999949e-01
7.125000000000000000e+02,8.442261110000000013e-01
7.127500000000000000e+02,8.439946359999999093e-01
7.130000000000000000e+02,8.437631370000000519e-01
7.132500000000000000e+02,8.436028429999999911e-01
7.135000000000000000e+02,8.434424799999999944e-01
7.137500000000000000e+02,8.432820479999999508e-01
7.140000000000000000e+02,8.431215469999999712e-01
7.142500000000000000e+02,8.427191790000000404e-01
7.145000000000000000e+02,8.423168959999999261e-01
7.147500000000000000e+02,8.419146990000000441e-01
7.150000000000000000e+02,8.415125860000000069e-01
7.152500000000000000e+02,8.413358859999998662e-01
7.155000000000000000e+02,8.411591269999999509e-01
7.157500000000000000e+02,8.409823090000000390e-01
7.160000000000000000e+02,8.408054329999999910e-01
7.162500000000000000e+02,8.406317700000000004e-01
7.165000000000000000e+02,8.404580459999998476e-01
7.167500000000000000e+02,8.402842609999998658e-01
7.170000000000000000e+02,8.401104150000000548e-01
7.172500000000000000e+02,8.397113750000000376e-01
7.175000000000000000e+02,8.393124170000000328e-01
7.177500000000000000e+02,8.389135429999999838e-01
7.180000000000000000e+02,8.385147520000000299e-01
7.182500000000000000e+02,8.382370259999999407e-01
7.185000000000000000e+02,8.379593059999999038e-01
7.187500000000000000e+02,8.376815909999999477e-01
7.190000000000000000e+02,8.374038820000000438e-01
7.192500000000000000e+02,8.374955990000000350e-01
7.195000000000000000e+02,8.375870840000000372e-01
7.197500000000000000e+02,8.376783380000000223e-01
7.200000000000000000e+02,8.377693600000000185e-01
7.202500000000000000e+02,8.372115609999999375e-01
7.205000000000000000e+02,8.366539479999999251e-01
7.207500000000000000e+02,8.360965200000000097e-01
7.210000000000000000e+02,8.355392779999999409e-01
7.212500000000000000e+02,8.352356969999999992e-01
7.215000000000000000e+02,8.349321379999999904e-01
7.217500000000000000e+02,8.346286009999999145e-01
7.220000000000000000e+02,8.343250869999999653e-01
7.222500000000000000e+02,8.339689109999999239e-01
7.225000000000000000e+02,8.336127909999998531e-01
7.227500000000000000e+02,8.332567279999999466e-01
7.230000000000000000e+02,8.329007210000000105e-01
7.232500000000000000e+02,8.329794569999998677e-01
7.235000000000000000e+02,8.330579689999999538e-01
7.237500000000000000e+02,8.331362559999998529e-01
7.240000000000000000e+02,8.332143190000000921e-01
7.242500000000000000e+02,8.327777769999999968e-01
7.245000000000000000e+02,8.323413440000000385e-01
7.247500000000000000e+02,8.319050190000000233e-01
7.250000000000000000e+02,8.314688019999999513e-01
7.252500000000000000e+02,8.315966129999999845e-01
7.255000000000000000e+02,8.317241659999999870e-01
7.257500000000000000e+02,8.318514630000000132e-01
7.260000000000000000e+02,8.319785029999999804e-01
7.262500000000000000e+02,8.315847549999999533e-01
7.265000000000000000e+02,8.311910879999998558e-01
7.267500000000000000e+02,8.307975009999999383e-01
7.270000000000000000e+02,8.304039949999999504e-01
7.272500000000000000e+02,8.298977920000000230e-01
7.275000000000000000e+02,8.293917429999998481e-01
7.277500000000000000e+02,8.288858470000000089e-01
7.280000000000000000e+02,8.283801060000000049e-01
7.282500000000000000e+02,8.281295300000000026e-01
7.285000000000000000e+02,8.278789420000000066e-01
7.287500000000000000e+02,8.276283420000000168e-01
7.290000000000000000e+02,8.273777300000000334e-01
7.292500000000000000e+02,8.270033719999999589e-01
7.295000000000000000e+02,8.266290819999999595e-01
7.297500000000000000e+02,8.262548610000000071e-01
7.300000000000000000e+02,8.258807080000000189e-01
7.302500000000000000e+02,8.258628049999998666e-01
7.305000000000000000e+02,8.258447380000000226e-01
7.307500000000000000e+02,8.258265080000000147e-01
7.310000000000000000e+02,8.258081140000000930e-01
7.312500000000000000e+02,8.254860009999999138e-01
7.315000000000000000e+02,8.251639219999999941e-01
7.317500000000000000e+02,8.248418779999998618e-01
7.320000000000000000e+02,8.245198689999999608e-01
7.322500000000000000e+02,8.243532859999999074e-01
7.325000000000000000e+02,8.241866370000000552e-01
7.327500000000000000e+02,8.240199209999999885e-01
7.330000000000000000e+02,8.238531369999999576e-01
7.332500000000000000e+02,8.236053179999999196e-01
7.335000000000000000e+02,8.233574849999999445e-01
7.337500000000000000e+02,8.231096379999999213e-01
7.340000000000000000e+02,8.228617769999999609e-01
7.342500000000000000e+02,8.225743639999999468e-01
7.345000000000000000e+02,8.222869619999999546e-01
7.347500000000000000e+02,8.219995719999999562e-01
7.350000000000000000e+02,8.217121939999999514e-01
7.352500000000000000e+02,8.212189479999999486e-01
7.355000000000000000e+02,8.207258490000000073e-01
7.357500000000000000e+02,8.202328959999999336e-01
7.360000000000000000e+02,8.197400910000000041e-01
7.362500000000000000e+02,8.193668469999999537e-01
7.365000000000000000e+02,8.189936719999999504e-01
7.367500000000000000e+02,8.186205640000000505e-01
7.370000000000000000e+02,8.182475259999999473e-01
7.372500000000000000e+02,8.181332790000001021e-01
7.375000000000000000e+02,8.180189300000000330e-01
7.377500000000000000e+02,8.179044789999999621e-01
7.380000000000000000e+02,8.177899269999999721e-01
7.382500000000000000e+02,8.176229050000000109e-01
7.385000000000000000e+02,8.174558159999999463e-01
7.387500000000000000e+02,8.172886600000000001e-01
7.390000000000000000e+02,8.171214359999998678e-01
7.392500000000000000e+02,8.167963480000000054e-01
7.395000000000000000e+02,8.164712969999999848e-01
7.397500000000000000e+02,8.161462829999999169e-01
7.400000000000000000e+02,8.158213050000000521e-01
7.402500000000000000e+02,8.153806350000000203e-01
7.405000000000000000e+02,8.149400780000000122e-01
7.407500000000000000e+02,8.144996340000000279e-01
7.410000000000000000e+02,8.140593040000000391e-01
7.412500000000000000e+02,8.136739149999998588e-01
7.415000000000000000e+02,8.132886019999999716e-01
7.417500000000000000e+02,8.129033669999999878e-01
7.420000000000000000e+02,8.125182079999998530e-01
7.422500000000000000e+02,8.122787240000000075e-01
7.425000000000000000e+02,8.120392199999999505e-01
7.427500000000000000e+02,8.117996969999999868e-01
7.430000000000000000e+02,8.115601540000000336e-01
7.432500000000000000e+02,8.111229140000000282e-01
7.435000000000000000e+02,8.106857849999999921e-01
7.437500000000000000e+02,8.102487680000000081e-01
7.440000000000000000e+02,8.098118619999999934e-01
7.442500000000000000e+02,8.096165269999998637e-01
7.445000000000000000e+02,8.094211430000000096e-01
7.447500000000000000e+02,8.092257099999999870e-01
7.450000000000000000e+02,8.090302280000000179e-01
7.452500000000000000e+02,8.085290709999999326e-01
7.455000000000000000e+02,8.080280669999999610e-01
7.457500000000000000e+02,8.075272190000000183e-01
7.460000000000000000e+02,8.070265239999999674e-01
7.462500000000000000e+02,8.066850620000000083e-01
7.465000000000000000e+02,8.063436490000001067e-01
7.467500000000000000e+02,8.060022839999999578e-01
7.470000000000000000e+02,8.056609679999998663e-01
7.472500000000000000e+02,8.055737690000001061e-01
7.475000000000000000e+02,8.054864480000000215e-01
7.477500000000000000e+02,8.053990070000000001e-01
7.480000000000000000e+02,8.053114449999998481e-01
7.482500000000000000e+02,8.049518590000001028e-01
7.485000000000000000e+02,8.045923339999999646e-01
7.487500000000000000e+02,8.042328699999999886e-01
7.490000000000000000e+02,8.038734669999999527e-01
7.492500000000000000e+02,8.034233729999999962e-01
7.495000000000000000e+02,8.029734009999999200e-01
7.497500000000000000e+02,8.025235499999998634e-01
7.500000000000000000e+02,8.020738209999999091e-01
7.502500000000000000e+02,8.017662989999999601e-01
7.505000000000000000e+02,8.014588000000000267e-01
7.507500000000000000e+02,8.011513229999999153e-01
7.510000000000000000e+02,8.008438690000000415e-01
7.512500000000000000e+02,8.006242579999999220e-01
7.515000000000000000e+02,8.004046139999999587e-01
7.517500000000000000e+02,8.001849390000000950e-01
7.520000000000000000e+02,7.999652329999999978e-01
7.522500000000000000e+02,7.994062890000001032e-01
7.525000000000000000e+02,7.988475120000000373e-01
7.527500000000000000e+02,7.982889020000000224e-01
7.530000000000000000e+02,7.977304589999999473e-01
7.532500000000000000e+02,7.973800599999999461e-01
7.535000000000000000e+02,7.970297090000000306e-01
7.537500000000000000e+02,7.966794040000000354e-01
7.540000000000000000e+02,7.963291449999998495e-01
7.542500000000000000e+02,7.964158249999998551e-01
7.545000000000000000e+02,7.965023449999999450e-01
7.547500000000000000e+02,7.965887040000000363e-01
7.550000000000000000e+02,7.966749020000000181e-01
7.552500000000000000e+02,7.963397179999999187e-01
7.555000000000000000e+02,7.960045599999998611e-01
7.557500000000000000e+02,7.956694300000000108e-01
7.560000000000000000e+02,7.953343269999999521e-01
7.562500000000000000e+02,7.950684510000000094e-01
7.565000000000000000e+02,7.948025699999999860e-01
7.567500000000000000e+02,7.945366830000000213e-01
7.570000000000000000e+02,7.942707900000000043e-01
7.572500000000000000e+02,7.938942929999999176e-01
7.575000000000000000e+02,7.935178569999999931e-01
7.577500000000000000e+02,7.931414809999999260e-01
7.580000000000000000e+02,7.927651659999999101e-01
7.582500000000000000e+02,7.925857750000000479e-01
7.585000000000000000e+02,7.924063179999999429e-01
7.587500000000000000e+02,7.922267960000000109e-01
7.590000000000000000e+02,7.920472069999998643e-01
7.592500000000000000e+02,7.915112129999999357e-01
7.595000000000000000e+02,7.909753309999999482e-01
7.597500000000000000e+02,7.904395600000000410e-01
7.600000000000000000e+02,7.899039020000000466e-01
7.602500000000000000e+02,7.896517039999999543e-01
7.605000000000000000e+02,7.893994869999999553e-01
7.607500000000000000e+02,7.891472499999998558e-01
7.610000000000000000e+02,7.888949929999999888e-01
7.612500000000000000e+02,7.888063770000000030e-01
7.615000000000000000e+02,7.887176590000000154e-01
7.617500000000000000e+02,7.886288399999999976e-01
7.620000000000000000e+02,7.885399189999999781e-01
7.622500000000000000e+02,7.882094520000000326e-01
7.625000000000000000e+02,7.878790199999999855e-01
7.627500000000000000e+02,7.875486229999999477e-01
7.630000000000000000e+02,7.872182609999999192e-01
7.632500000000000000e+02,7.870757529999999891e-01
7.635000000000000000e+02,7.869331649999999900e-01
7.637500000000000000e+02,7.867904959999999503e-01
7.640000000000000000e+02,7.866477459999999811e-01
7.642500000000000000e+02,7.863052429999999315e-01
7.645000000000000000e+02,7.859627759999998631e-01
7.647500000000000000e+02,7.856203449999999977e-01
7.650000000000000000e+02,7.852779500000000024e-01
7.652500000000000000e+02,7.848806290000001074e-01
7.655000000000000000e+02,7.844833839999999503e-01
7.657500000000000000e+02,7.840862140000001146e-01
7.660000000000000000e+02,7.836891190000000451e-01
7.662500000000000000e+02,7.830299829999999295e-01
7.665000000000000000e+02,7.823711409999999367e-01
7.667500000000000000e+02,7.817125919999999839e-01
7.670000000000000000e+02,7.810543380000000147e-01
7.672500000000000000e+02,7.808930920000000109e-01
7.675000000000000000e+02,7.807317590000000251e-01
7.677500000000000000e+02,7.805703389999999464e-01
7.680000000000000000e+02,7.804088309999999140e-01
7.682500000000000000e+02,7.797632220000000336e-01
7.685000000000000000e+02,7.791178059999999128e-01
7.687500000000000000e+02,7.784725839999999675e-01
7.690000000000000000e+02,7.778275550000000038e-01
7.692500000000000000e+02,7.773764890000001149e-01
7.695000000000000000e+02,7.769255480000000214e-01
7.697500000000000000e+02,7.764747309999998626e-01
7.700000000000000000e+02,7.760240400000000260e-01
7.702500000000000000e+02,7.756599250000000279e-01
7.705000000000000000e+02,7.752958740000001070e-01
7.707500000000000000e+02,7.749318880000000132e-01
7.710000000000000000e+02,7.745679659999999966e-01
7.712500000000000000e+02,7.740851380000000059e-01
7.715000000000000000e+02,7.736024620000000462e-01
7.717500000000000000e+02,7.731199370000000348e-01
7.720000000000000000e+02,7.726375629999998607e-01
7.722500000000000000e+02,7.722341919999999860e-01
7.725000000000000000e+02,7.718308919999999906e-01
7.727500000000000000e+02,7.714276639999999574e-01
7.730000000000000000e+02,7.710245059999999429e-01
7.732500000000000000e+02,7.707790639999999582e-01
7.735000000000000000e+02,7.705335979999999862e-01
7.737500000000000000e+02,7.702881079999999159e-01
7.740000000000000000e+02,7.700425950000000519e-01
7.742500000000000000e+02,7.694411500000000181e-01
7.745000000000000000e+02,7.688400059999999092e-01
7.747500000000000000e+02,7.682391610000000037e-01
7.750000000000000000e+02,7.676386159999999403e-01
7.752500000000000000e+02,7.671577450000000020e-01
7.755000000000000000e+02,7.666770379999998664e-01
7.757500000000000000e+02,7.661964949999998664e-01
7.760000000000000000e+02,7.657161160000000022e-01
7.762500000000000000e+02,7.649142620000000115e-01
7.765000000000000000e+02,7.641128799999999943e-01
7.767500000000000000e+02,7.633119720000000052e-01
7.770000000000000000e+02,7.625115359999999898e-01
7.772500000000000000e+02,7.621864090000000092e-01
7.775000000000000000e+02,7.618613260000000054e-01
7.777500000000000000e+02,7.615362860000000067e-01
7.780000000000000000e+02,7.612112909999998456e-01
7.782500000000000000e+02,7.608872119999998684e-01
7.785000000000000000e+02,7.605631609999999876e-01
7.787500000000000000e+02,7.602391359999999265e-01
7.790000000000000000e+02,7.599151379999999900e-01
7.792500000000000000e+02,7.590266879999999494e-01
7.795000000000000000e+02,7.581388199999999911e-01
7.797500000000000000e+02,7.572515319999999495e-01
7.800000000000000000e+02,7.563648259999999901e-01
7.802500000000000000e+02,7.557647259999999978e-01
7.805000000000000000e+02,7.551649309999999282e-01
7.807500000000000000e+02,7.545654419999998641e-01
7.810000000000000000e+02,7.539662579999999448e-01
7.812500000000000000e+02,7.538587820000000050e-01
7.815000000000000000e+02,7.537511959999998457e-01
7.817500000000000000e+02,7.536434990000000500e-01
7.820000000000000000e+02,7.535356930000000064e-01
7.822500000000000000e+02,7.530970019999999598e-01
7.825000000000000000e+02,7.526584409999999004e-01
7.827500000000000000e+02,7.522200109999999107e-01
7.830000000000000000e+02,7.517817100000000474e-01
7.832500000000000000e+02,7.509097350000000226e-01
7.835000000000000000e+02,7.500383400000000256e-01
7.837500000000000000e+02,7.491675249999999453e-01
7.840000000000000000e+02,7.482972879999999494e-01
7.842500000000000000e+02,7.476766919999998651e-01
7.845000000000000000e+02,7.470563940000000125e-01
7.847500000000000000e+02,7.464363950000000303e-01
7.850000000000000000e+02,7.458166939999999467e-01
7.852500000000000000e+02,7.452358900000000119e-01
7.855000000000000000e+02,7.446553769999999517e-01
7.857500000000000000e+02,7.440751570000000426e-01
7.860000000000000000e+02,7.434952290000000907e-01
7.862500000000000000e+02,7.429664429999999209e-01
7.865000000000000000e+02,7.424378640000001139e-01
7.867500000000000000e+02,7.419094909999999210e-01
7.870000000000000000e+02,7.413813259999999516e-01
7.872500000000000000e+02,7.408237650000000230e-01
7.875000000000000000e+02,7.402664729999999249e-01
7.877500000000000000e+02,7.397094479999999361e-01
7.880000000000000000e+02,7.391526909999999173e-01
7.882500000000000000e+02,7.386491079999999432e-01
7.885000000000000000e+02,7.381457309999999161e-01
7.887500000000000000e+02,7.376425609999999189e-01
7.890000000000000000e+02,7.371395969999998687e-01
7.892500000000000000e+02,7.366105579999998598e-01
7.895000000000000000e+02,7.360816999999999499e-01
7.897500000000000000e+02,7.355530209999998625e-01
7.900000000000000000e+02,7.350245209999999307e-01
7.902500000000000000e+02,7.344690870000000205e-01
7.905000000000000000e+02,7.339138929999999839e-01
7.907500000000000000e+02,7.333589400000000147e-01
7.910000000000000000e+02,7.328042270000000302e-01
7.912500000000000000e+02,7.324332099999999457e-01
7.915000000000000000e+02,7.320622799999999541e-01
7.917500000000000000e+02,7.316914359999998618e-01
7.920000000000000000e+02,7.313206789999999735e-01
7.922500000000000000e+02,7.307746779999999553e-01
7.925000000000000000e+02,7.302289180000000046e-01
7.927500000000000000e+02,7.296833979999999276e-01
7.930000000000000000e+02,7.291381190000000290e-01
7.932500000000000000e+02,7.285648679999998656e-01
7.935000000000000000e+02,7.279918450000000263e-01
7.937500000000000000e+02,7.274190499999998449e-01
7.940000000000000000e+02,7.268464829999999877e-01
7.942500000000000000e+02,7.259991449999998459e-01
7.945000000000000000e+02,7.251523920000000345e-01
7.947500000000000000e+02,7.243062259999999419e-01
7.950000000000000000e+02,7.234606449999998468e-01
7.952500000000000000e+02,7.230668329999998534e-01
7.955000000000000000e+02,7.226730850000000483e-01
7.957500000000000000e+02,7.222794040000000138e-01
7.960000000000000000e+02,7.218857879999999172e-01
7.962500000000000000e+02,7.213122549999998467e-01
7.965000000000000000e+02,7.207389559999999307e-01
7.967500000000000000e+02,7.201658899999999752e-01
7.970000000000000000e+02,7.195930579999999521e-01
7.972500000000000000e+02,7.192638799999999666e-01
7.975000000000000000e+02,7.189347340000000752e-01
7.977500000000000000e+02,7.186056199999999450e-01
7.980000000000000000e+02,7.182765359999999655e-01
7.982500000000000000e+02,7.177704670000000231e-01
7.985000000000000000e+02,7.172643279999999510e-01
7.987500000000000000e+02,7.167581179999999996e-01
7.990000000000000000e+02,7.162518379999999185e-01
7.992500000000000000e+02,7.156423750000000528e-01
7.995000000000000000e+02,7.150331859999999873e-01
7.997500000000000000e+02,7.144242729999999986e-01
8.000000000000000000e+02,7.138156340000000322e-01
8.002500000000000000e+02,7.132042450000000144e-01
8.005000000000000000e+02,7.125930620000000548e-01
8.007500000000000000e+02,7.119820850000000423e-01
8.010000000000000000e+02,7.113713140000000879e-01
8.012500000000000000e+02,7.111023149999999848e-01
8.015000000000000000e+02,7.108332429999999480e-01
8.017500000000000000e+02,7.105641009999998925e-01
8.020000000000000000e+02,7.102948859999999032e-01
8.022500000000000000e+02,7.099918950000000395e-01
8.025000000000000000e+02,7.096888890000000449e-01
8.027500000000000000e+02,7.093858690000001133e-01
8.030000000000000000e+02,7.090828340000000507e-01
8.032500000000000000e+02,7.084937900000000122e-01
8.035000000000000000e+02,7.079049720000000212e-01
8.037500000000000000e+02,7.073163809999999385e-01
8.040000000000000000e+02,7.067280179999999579e-01
8.042500000000000000e+02,7.062234219999999896e-01
8.045000000000000000e+02,7.057188140000000276e-01
8.047500000000000000e+02,7.052141929999999892e-01
8.050000000000000000e+02,7.047095590000000964e-01
8.052500000000000000e+02,7.040567300000000195e-01
8.055000000000000000e+02,7.034040580000000542e-01
8.057500000000000000e+02,7.027515450000000330e-01
8.060000000000000000e+02,7.020991909999999558e-01
8.062500000000000000e+02,7.017181099999999505e-01
8.065000000000000000e+02,7.013370930000000225e-01
8.067500000000000000e+02,7.009561399999999498e-01
8.070000000000000000e+02,7.005752499999999827e-01
8.072500000000000000e+02,7.000095290000000192e-01
8.075000000000000000e+02,6.994437959999999510e-01
8.077500000000000000e+02,6.988780509999998891e-01
8.080000000000000000e+02,6.983122940000000556e-01
8.082500000000000000e+02,6.982078229999999497e-01
8.085000000000000000e+02,6.981030890000000655e-01
8.087500000000000000e+02,6.979980929999999306e-01
8.090000000000000000e+02,6.978928349999999892e-01
8.092500000000000000e+02,6.971957829999999579e-01
8.095000000000000000e+02,6.964990749999999675e-01
8.097500000000000000e+02,6.958027129999999616e-01
8.100000000000000000e+02,6.951066949999999967e-01
8.102500000000000000e+02,6.948421930000000524e-01
8.105000000000000000e+02,6.945775390000000771e-01
8.107500000000000000e+02,6.943127340000000425e-01
8.110000000000000000e+02,6.940477759999998941e-01
8.112500000000000000e+02,6.934364229999999685e-01
8.115000000000000000e+02,6.928251720000000446e-01
8.117500000000000000e+02,6.922140240000000944e-01
8.120000000000000000e+02,6.916029790000000066e-01
8.122500000000000000e+02,6.914241049999999555e-01
8.125000000000000000e+02,6.912451779999999602e-01
8.127500000000000000e+02,6.910661959999999659e-01
8.130000000000000000e+02,6.908871609999999164e-01
8.132500000000000000e+02,6.905366990000000316e-01
8.135000000000000000e+02,6.901862540000001101e-01
8.137500000000000000e+02,6.898358249999999581e-01
8.140000000000000000e+02,6.894854129999999914e-01
8.142500000000000000e+02,6.888110069999999752e-01
8.145000000000000000e+02,6.881366990000000738e-01
8.147500000000000000e+02,6.874624919999999806e-01
8.150000000000000000e+02,6.867883830000000023e-01
8.152500000000000000e+02,6.860538629999999305e-01
8.155000000000000000e+02,6.853195309999999818e-01
8.157500000000000000e+02,6.845853870000000452e-01
8.160000000000000000e+02,6.838514300000000379e-01
8.162500000000000000e+02,6.833058370000000270e-01
8.165000000000000000e+02,6.827602470000000423e-01
8.167500000000000000e+02,6.822146579999999183e-01
8.170000000000000000e+02,6.816690730000000142e-01
8.172500000000000000e+02,6.811238670000000495e-01
8.175000000000000000e+02,6.805789079999999824e-01
8.177500000000000000e+02,6.800341949999999525e-01
8.180000000000000000e+02,6.794897269999999878e-01
8.182500000000000000e+02,6.789522529999999501e-01
8.185000000000000000e+02,6.784148399999999635e-01
8.187500000000000000e+02,6.778774879999999170e-01
8.190000000000000000e+02,6.773401970000000327e-01
8.192500000000000000e+02,6.765438120000000222e-01
8.195000000000000000e+02,6.757476709999999942e-01
8.197500000000000000e+02,6.749517729999999771e-01
8.200000000000000000e+02,6.741561200000000253e-01
8.202500000000000000e+02,6.735111830000000133e-01
8.205000000000000000e+02,6.728666140000000295e-01
8.207500000000000000e+02,6.722224109999999087e-01
8.210000000000000000e+02,6.715785749999999554e-01
8.212500000000000000e+02,6.710813420000000251e-01
8.215000000000000000e+02,6.705842210000000359e-01
8.217500000000000000e+02,6.700872119999999876e-01
8.220000000000000000e+02,6.695903149999999915e-01
8.222500000000000000e+02,6.688719859999999739e-01
8.225000000000000000e+02,6.681540979999999186e-01
8.227500000000000000e+02,6.674366510000000474e-01
8.230000000000000000e+02,6.667196429999999729e-01
8.232500000000000000e+02,6.661356370000000027e-01
8.235000000000000000e+02,6.655519140000000222e-01
8.237500000000000000e+02,6.649684750000000033e-01
8.240000000000000000e+02,6.643853199999999459e-01
8.242500000000000000e+02,6.634166579999999369e-01
8.245000000000000000e+02,6.624485559999999662e-01
8.247500000000000000e+02,6.614810119999999793e-01
8.250000000000000000e+02,6.605140279999999198e-01
8.252500000000000000e+02,6.598319160000000183e-01
8.255000000000000000e+02,6.591502169999999827e-01
8.257500000000000000e+02,6.584689299999999523e-01
8.260000000000000000e+02,6.577880569999999816e-01
8.262500000000000000e+02,6.569590979999999636e-01
8.265000000000000000e+02,6.561307149999999755e-01
8.267500000000000000e+02,6.553029070000000456e-01
8.270000000000000000e+02,6.544756750000000345e-01
8.272500000000000000e+02,6.537447610000000076e-01
8.275000000000000000e+02,6.530142520000000728e-01
8.277500000000000000e+02,6.522841480000000081e-01
8.280000000000000000e+02,6.515544500000000072e-01
8.282500000000000000e+02,6.507252350000000130e-01
8.285000000000000000e+02,6.498966019999999899e-01
8.287500000000000000e+02,6.490685489999999946e-01
8.290000000000000000e+02,6.482410769999999989e-01
8.292500000000000000e+02,6.476368869999999944e-01
8.295000000000000000e+02,6.470330100000000195e-01
8.297500000000000000e+02,6.464294449999999914e-01
8.300000000000000000e+02,6.458261939999999646e-01
8.302500000000000000e+02,6.451656529999999501e-01
8.305000000000000000e+02,6.445055050000000341e-01
8.307500000000000000e+02,6.438457499999999945e-01
8.310000000000000000e+02,6.431863890000000250e-01
8.312500000000000000e+02,6.422486400000000373e-01
8.315000000000000000e+02,6.413116229999999973e-01
8.317500000000000000e+02,6.403753370000000444e-01
8.320000000000000000e+02,6.394397809999999849e-01
8.322500000000000000e+02,6.387128450000000290e-01
8.325000000000000000e+02,6.379864120000000582e-01
8.327500000000000000e+02,6.372604800000000180e-01
8.330000000000000000e+02,6.365350509999999629e-01
8.332500000000000000e+02,6.360182389999999852e-01
8.335000000000000000e+02,6.355016340000000374e-01
8.337500000000000000e+02,6.349852350000000367e-01
8.340000000000000000e+02,6.344690419999999831e-01
8.342500000000000000e+02,6.337264790000000092e-01
8.345000000000000000e+02,6.329843000000000552e-01
8.347500000000000000e+02,6.322425059999999819e-01
8.350000000000000000e+02,6.315010949999999568e-01
8.352500000000000000e+02,6.307958200000000071e-01
8.355000000000000000e+02,6.300909999999999567e-01
8.357500000000000000e+02,6.293866339999999449e-01
8.360000000000000000e+02,6.286827240000000261e-01
8.362500000000000000e+02,6.275668089999999477e-01
8.365000000000000000e+02,6.264509879999999864e-01
8.367500000000000000e+02,6.253352629999999746e-01
8.370000000000000000e+02,6.242196330000000515e-01
8.372500000000000000e+02,6.234796420000000561e-01
8.375000000000000000e+02,6.227401409999999693e-01
8.377500000000000000e+02,6.220011300000000132e-01
8.380000000000000000e+02,6.212626100000000484e-01
8.382500000000000000e+02,6.207895509999999950e-01
8.385000000000000000e+02,6.203163649999999807e-01
8.387500000000000000e+02,6.198430529999999772e-01
8.390000000000000000e+02,6.193696149999999845e-01
8.392500000000000000e+02,6.184262860000000472e-01
8.395000000000000000e+02,6.174838040000000250e-01
8.397500000000000000e+02,6.165421709999999722e-01
8.400000000000000000e+02,6.156013860000000282e-01
8.402500000000000000e+02,6.149248609999999893e-01
8.405000000000000000e+02,6.142484679999999919e-01
8.407500000000000000e+02,6.135722089999999795e-01
8.410000000000000000e+02,6.128960820000000087e-01
8.412500000000000000e+02,6.122031559999999706e-01
8.415000000000000000e+02,6.115100639999999643e-01
8.417500000000000000e+02,6.108168079999999334e-01
8.420000000000000000e+02,6.101233879999999887e-01
8.422500000000000000e+02,6.094446170000000773e-01
8.425000000000000000e+02,6.087662569999999773e-01
8.427500000000000000e+02,6.080883099999999652e-01
8.430000000000000000e+02,6.074107739999999866e-01
8.432500000000000000e+02,6.074061520000000325e-01
8.435000000000000000e+02,6.074012829999999585e-01
8.437500000000000000e+02,6.073961660000000151e-01
8.440000000000000000e+02,6.073908009999999802e-01
8.442500000000000000e+02,6.064321990000000051e-01
8.445000000000000000e+02,6.054735980000000017e-01
8.447500000000000000e+02,6.045149990000000528e-01
8.450000000000000000e+02,6.035564020000000474e-01
8.452500000000000000e+02,6.030079029999999563e-01
8.455000000000000000e+02,6.024589390000000266e-01
8.457500000000000000e+02,6.019095119999999799e-01
8.460000000000000000e+02,6.013596220000000381e-01
8.462500000000000000e+02,6.006058399999999464e-01
8.465000000000000000e+02,5.998519420000000268e-01
8.467500000000000000e+02,5.990979290000000290e-01
8.470000000000000000e+02,5.983437999999999812e-01
8.472500000000000000e+02,5.977623770000000114e-01
8.475000000000000000e+02,5.971804860000000659e-01
8.477500000000000000e+02,5.965981260000000619e-01
8.480000000000000000e+02,5.960153009999999973e-01
8.482500000000000000e+02,5.924942560000000524e-01
8.485000000000000000e+02,5.889791910000000685e-01
8.487500000000000000e+02,5.854701030000000195e-01
8.490000000000000000e+02,5.819669859999999639e-01
8.492500000000000000e+02,5.810494259999999800e-01
8.495000000000000000e+02,5.801311810000000513e-01
8.497500000000000000e+02,5.792122539999999820e-01
8.500000000000000000e+02,5.782926459999999658e-01
8.502500000000000000e+02,5.781851289999999643e-01
8.505000000000000000e+02,5.780771820000000227e-01
8.507500000000000000e+02,5.779688070000000844e-01
8.510000000000000000e+02,5.778600040000000382e-01
8.512500000000000000e+02,5.771843810000000241e-01
8.515000000000000000e+02,5.765088820000000558e-01
8.517500000000000000e+02,5.758335060000000505e-01
8.520000000000000000e+02,5.751582549999999516e-01
8.522500000000000000e+02,5.743358470000000660e-01
8.525000000000000000e+02,5.735131689999999338e-01
8.527500000000000000e+02,5.726902200000000276e-01
8.530000000000000000e+02,5.718670020000000687e-01
8.532500000000000000e+02,5.714870010000000500e-01
8.535000000000000000e+02,5.711069829999999570e-01
8.537500000000000000e+02,5.707269460000000683e-01
8.540000000000000000e+02,5.703468929999999659e-01
8.542500000000000000e+02,5.697357459999999874e-01
8.545000000000000000e+02,5.691239850000000544e-01
8.547500000000000000e+02,5.685116110000000278e-01
8.550000000000000000e+02,5.678986259999999620e-01
8.552500000000000000e+02,5.674487429999999222e-01
8.555000000000000000e+02,5.669987670000000701e-01
8.557500000000000000e+02,5.665486989999999334e-01
8.560000000000000000e+02,5.660985400000000389e-01
8.562500000000000000e+02,5.656014520000000045e-01
8.565000000000000000e+02,5.651041720000000712e-01
8.567500000000000000e+02,5.646067009999999886e-01
8.570000000000000000e+02,5.641090399999999505e-01
8.572500000000000000e+02,5.631481600000000087e-01
8.575000000000000000e+02,5.621871560000000212e-01
8.577500000000000000e+02,5.612260310000000141e-01
8.580000000000000000e+02,5.602647840000000157e-01
8.582500000000000000e+02,5.595475879999999291e-01
8.585000000000000000e+02,5.588305099999999470e-01
8.587500000000000000e+02,5.581135489999999866e-01
8.590000000000000000e+02,5.573967060000000195e-01
8.592500000000000000e+02,5.568682870000000174e-01
8.595000000000000000e+02,5.563396330000000001e-01
8.597500000000000000e+02,5.558107450000000505e-01
8.600000000000000000e+02,5.552816229999999464e-01
8.602500000000000000e+02,5.544367879999999582e-01
8.605000000000000000e+02,5.535920739999999896e-01
8.607500000000000000e+02,5.527474810000000405e-01
8.610000000000000000e+02,5.519030099999999717e-01
8.612500000000000000e+02,5.514287100000000441e-01
8.615000000000000000e+02,5.509545539999999297e-01
8.617500000000000000e+02,5.504805420000000726e-01
8.620000000000000000e+02,5.500066729999999460e-01
8.622500000000000000e+02,5.492869500000000516e-01
8.625000000000000000e+02,5.485671079999999700e-01
8.627500000000000000e+02,5.478471470000000343e-01
8.630000000000000000e+02,5.471270700000000486e-01
8.632500000000000000e+02,5.463302979999999920e-01
8.635000000000000000e+02,5.455337949999999880e-01
8.637500000000000000e+02,5.447375599999999540e-01
8.640000000000000000e+02,5.439415939999999727e-01
8.642500000000000000e+02,5.428435830000000184e-01
8.645000000000000000e+02,5.417462539999999827e-01
8.647500000000000000e+02,5.406496060000000048e-01
8.650000000000000000e+02,5.395536410000000282e-01
8.652500000000000000e+02,5.389341619999999944e-01
8.655000000000000000e+02,5.383149059999999819e-01
8.657500000000000000e+02,5.376958720000000191e-01
8.660000000000000000e+02,5.370770620000000495e-01
8.662500000000000000e+02,5.361625660000000071e-01
8.665000000000000000e+02,5.352483129999999756e-01
8.667500000000000000e+02,5.343343019999999832e-01
8.670000000000000000e+02,5.334205340000000017e-01
8.672500000000000000e+02,5.318372610000000611e-01
8.675000000000000000e+02,5.302552870000000196e-01
8.677500000000000000e+02,5.286746119999999882e-01
8.680000000000000000e+02,5.270952370000000498e-01
8.682500000000000000e+02,5.266360049999999626e-01
8.685000000000000000e+02,5.261768729999999339e-01
8.687500000000000000e+02,5.257178430000000180e-01
8.690000000000000000e+02,5.252589140000000212e-01
8.692500000000000000e+02,5.248319570000000711e-01
8.695000000000000000e+02,5.244051339999999950e-01
8.697500000000000000e+02,5.239784450000000149e-01
8.700000000000000000e+02,5.235518900000000198e-01
8.702500000000000000e+02,5.222680279999999398e-01
8.705000000000000000e+02,5.209853429999999896e-01
8.707500000000000000e+02,5.197038330000000039e-01
8.710000000000000000e+02,5.184234989999999543e-01
8.712500000000000000e+02,5.174326820000000327e-01
8.715000000000000000e+02,5.164426679999999381e-01
8.717500000000000000e+02,5.154534570000000038e-01
8.720000000000000000e+02,5.144650499999999793e-01
8.722500000000000000e+02,5.142439720000000491e-01
8.725000000000000000e+02,5.140229070000000844e-01
8.727500000000000000e+02,5.138018520000000589e-01
8.730000000000000000e+02,5.135808090000000270e-01
8.732500000000000000e+02,5.122562760000000104e-01
8.735000000000000000e+02,5.109329009999999949e-01
8.737500000000000000e+02,5.096106810000000653e-01
8.740000000000000000e+02,5.082896170000000824e-01
8.742500000000000000e+02,5.073925649999999621e-01
8.745000000000000000e+02,5.064960960000000068e-01
8.747500000000000000e+02,5.056002120000000488e-01
8.750000000000000000e+02,5.047049110000000338e-01
8.752500000000000000e+02,5.037827959999999772e-01
8.755000000000000000e+02,5.028613739999999721e-01
8.757500000000000000e+02,5.019406439999999359e-01
8.760000000000000000e+02,5.010206079999999229e-01
8.762500000000000000e+02,4.997012510000000129e-01
8.765000000000000000e+02,4.983831850000000063e-01
8.767500000000000000e+02,4.970664109999999858e-01
8.770000000000000000e+02,4.957509270000000079e-01
8.772500000000000000e+02,4.951703909999999875e-01
8.775000000000000000e+02,4.945901349999999863e-01
8.777500000000000000e+02,4.940101590000000042e-01
8.780000000000000000e+02,4.934304649999999848e-01
8.782500000000000000e+02,4.918425260000000021e-01
8.785000000000000000e+02,4.902560739999999861e-01
8.787500000000000000e+02,4.886711080000000207e-01
8.790000000000000000e+02,4.870876279999999947e-01
8.792500000000000000e+02,4.859858599999999917e-01
8.795000000000000000e+02,4.848851450000000174e-01
8.797500000000000000e+02,4.837854819999999889e-01
8.800000000000000000e+02,4.826868719999999890e-01
8.802500000000000000e+02,4.821015739999999772e-01
8.805000000000000000e+02,4.815165800000000274e-01
8.807500000000000000e+02,4.809318920000000275e-01
8.810000000000000000e+02,4.803475090000000058e-01
8.812500000000000000e+02,4.791095989999999971e-01
8.815000000000000000e+02,4.778725799999999913e-01
8.817500000000000000e+02,4.766364539999999872e-01
8.820000000000000000e+02,4.754012200000000132e-01
8.822500000000000000e+02,4.747844019999999943e-01
8.825000000000000000e+02,4.741678590000000248e-01
8.827500000000000000e+02,4.735515929999999929e-01
8.830000000000000000e+02,4.729356020000000105e-01
8.832500000000000000e+02,4.716546409999999856e-01
8.835000000000000000e+02,4.703750529999999874e-01
8.837500000000000000e+02,4.690968369999999887e-01
8.840000000000000000e+02,4.678199940000000168e-01
8.842500000000000000e+02,4.667359870000000188e-01
8.845000000000000000e+02,4.656524759999999818e-01
8.847500000000000000e+02,4.645694610000000169e-01
8.850000000000000000e+02,4.634869420000000129e-01
8.852500000000000000e+02,4.630116479999999979e-01
8.855000000000000000e+02,4.625364870000001072e-01
8.857500000000000000e+02,4.620614599999999794e-01
8.860000000000000000e+02,4.615865670000000032e-01
8.862500000000000000e+02,4.602880930000000093e-01
8.865000000000000000e+02,4.589908160000000237e-01
8.867500000000000000e+02,4.576947350000000192e-01
8.870000000000000000e+02,4.563998520000001058e-01
8.872500000000000000e+02,4.557951020000000075e-01
8.875000000000000000e+02,4.551905840000000092e-01
8.877500000000000000e+02,4.545862990000000270e-01
8.880000000000000000e+02,4.539822450000000065e-01
8.882500000000000000e+02,4.532454289999999775e-01
8.885000000000000000e+02,4.525089270000000052e-01
8.887500000000000000e+02,4.517727369999999798e-01
8.890000000000000000e+02,4.510368599999999839e-01
8.892500000000000000e+02,4.497206619999999933e-01
8.895000000000000000e+02,4.484054190000000273e-01
8.897500000000000000e+02,4.470911309999999750e-01
8.900000000000000000e+02,4.457777980000000029e-01
8.902500000000000000e+02,4.450902640000000132e-01
8.905000000000000000e+02,4.444030920000000551e-01
8.907500000000000000e+02,4.437162840000000164e-01
8.910000000000000000e+02,4.430298380000000091e-01
8.912500000000000000e+02,4.419347100000000084e-01
8.915000000000000000e+02,4.408401149999999769e-01
8.917500000000000000e+02,4.397460539999999973e-01
8.920000000000000000e+02,4.386525250000000153e-01
8.922500000000000000e+02,4.374532309999999979e-01
8.925000000000000000e+02,4.362545740000000061e-01
8.927500000000000000e+02,4.350565530000000125e-01
8.930000000000000000e+02,4.338591689999999890e-01
8.932500000000000000e+02,4.333410810000000168e-01
8.935000000000000000e+02,4.328232679999999832e-01
8.937500000000000000e+02,4.323057299999999992e-01
8.940000000000000000e+02,4.317884670000000091e-01
8.942500000000000000e+02,4.305936260000000071e-01
8.945000000000000000e+02,4.293991249999999926e-01
8.947500000000000000e+02,4.282049649999999930e-01
8.950000000000000000e+02,4.270111460000000081e-01
8.952500000000000000e+02,4.260649499999999978e-01
8.955000000000000000e+02,4.251193109999999997e-01
8.957500000000000000e+02,4.241742299999999855e-01
8.960000000000000000e+02,4.232297070000000105e-01
8.962500000000000000e+02,4.226800809999999853e-01
8.965000000000000000e+02,4.221306599999999909e-01
8.967500000000000000e+02,4.215814430000000002e-01
8.970000000000000000e+02,4.210324329999999837e-01
8.972500000000000000e+02,4.198790530000000021e-01
8.975000000000000000e+02,4.187262400000000273e-01
8.977500000000000000e+02,4.175739940000000039e-01
8.980000000000000000e+02,4.164223160000000146e-01
8.982500000000000000e+02,4.152569099999999791e-01
8.985000000000000000e+02,4.140922320000000045e-01
8.987500000000000000e+02,4.129282810000000081e-01
8.990000000000000000e+02,4.117650589999999888e-01
8.992500000000000000e+02,4.108725770000000166e-01
8.995000000000000000e+02,4.099806070000000524e-01
8.997500000000000000e+02,4.090891509999999842e-01
9.000000000000000000e+02,4.081982069999999796e-01
9.002500000000000000e+02,4.072171529999999984e-01
9.005000000000000000e+02,4.062364660000000183e-01
9.007500000000000000e+02,4.052561459999999838e-01
9.010000000000000000e+02,4.042761939999999776e-01
9.012500000000000000e+02,4.032072329999999982e-01
9.015000000000000000e+02,4.021389189999999836e-01
9.017500000000000000e+02,4.010712530000000164e-01
9.020000000000000000e+02,4.000042349999999858e-01
9.022500000000000000e+02,3.991093239999999875e-01
9.025000000000000000e+02,3.982148600000000038e-01
9.027500000000000000e+02,3.973208440000000063e-01
9.030000000000000000e+02,3.964272750000000234e-01
9.032500000000000000e+02,3.955636499999999889e-01
9.035000000000000000e+02,3.947004579999999763e-01
9.037500000000000000e+02,3.938376989999999855e-01
9.040000000000000000e+02,3.929753750000000156e-01
9.042500000000000000e+02,3.919200869999999726e-01
9.045000000000000000e+02,3.908654950000000072e-01
9.047500000000000000e+02,3.898115970000000097e-01
9.050000000000000000e+02,3.887583940000000071e-01
9.052500000000000000e+02,3.880074720000000199e-01
9.055000000000000000e+02,3.872570510000000188e-01
9.057500000000000000e+02,3.865071319999999755e-01
9.060000000000000000e+02,3.857577159999999727e-01
9.062500000000000000e+02,3.845466690000000076e-01
9.065000000000000000e+02,3.833364499999999953e-01
9.067500000000000000e+02,3.821270609999999901e-01
9.070000000000000000e+02,3.809184999999999932e-01
9.072500000000000000e+02,3.797695640000000039e-01
9.075000000000000000e+02,3.786213529999999938e-01
9.077500000000000000e+02,3.774738679999999902e-01
9.080000000000000000e+02,3.763271080000000213e-01
9.082500000000000000e+02,3.758113759999999748e-01
9.085000000000000000e+02,3.752958499999999864e-01
9.087500000000000000e+02,3.747805300000000006e-01
9.090000000000000000e+02,3.742654160000000174e-01
9.092500000000000000e+02,3.729935229999999935e-01
9.095000000000000000e+02,3.717229040000000206e-01
9.097500000000000000e+02,3.704535580000000161e-01
9.100000000000000000e+02,3.691854860000000071e-01
9.102500000000000000e+02,3.680667859999999791e-01
9.105000000000000000e+02,3.669487399999999955e-01
9.107500000000000000e+02,3.658313480000000006e-01
9.110000000000000000e+02,3.647146110000000219e-01
9.112500000000000000e+02,3.639149409999999918e-01
9.115000000000000000e+02,3.631159110000000134e-01
9.117500000000000000e+02,3.623175200000000040e-01
9.120000000000000000e+02,3.615197680000000191e-01
9.122500000000000000e+02,3.601641270000000561e-01
9.125000000000000000e+02,3.588094680000000203e-01
9.127500000000000000e+02,3.574557920000000499e-01
9.130000000000000000e+02,3.561030989999999785e-01
9.132500000000000000e+02,3.553379320000000230e-01
9.135000000000000000e+02,3.545732920000000399e-01
9.137500000000000000e+02,3.538091800000000009e-01
9.140000000000000000e+02,3.530455960000000171e-01
9.142500000000000000e+02,3.522862429999999434e-01
9.145000000000000000e+02,3.515274579999999593e-01
9.147500000000000000e+02,3.507692410000000094e-01
9.150000000000000000e+02,3.500115920000000380e-01
9.152500000000000000e+02,3.485249100000000211e-01
9.155000000000000000e+02,3.470397210000000232e-01
9.157500000000000000e+02,3.455560270000000433e-01
9.160000000000000000e+02,3.440738260000000270e-01
9.162500000000000000e+02,3.435172450000000266e-01
9.165000000000000000e+02,3.429610079999999561e-01
9.167500000000000000e+02,3.424051160000000094e-01
9.170000000000000000e+02,3.418495679999999926e-01
9.172500000000000000e+02,3.408436750000000126e-01
9.175000000000000000e+02,3.398386740000000072e-01
9.177500000000000000e+02,3.388345660000000037e-01
9.180000000000000000e+02,3.378313499999999747e-01
9.182500000000000000e+02,3.363122920000000127e-01
9.185000000000000000e+02,3.347944950000000253e-01
9.187500000000000000e+02,3.332779579999999853e-01
9.190000000000000000e+02,3.317626830000000027e-01
9.192500000000000000e+02,3.313095520000000072e-01
9.195000000000000000e+02,3.308566910000000361e-01
9.197500000000000000e+02,3.304040980000000349e-01
9.200000000000000000e+02,3.299517739999999755e-01
9.202500000000000000e+02,3.288206210000000351e-01
9.205000000000000000e+02,3.276905609999999913e-01
9.207500000000000000e+02,3.265615920000000116e-01
9.210000000000000000e+02,3.254337150000000123e-01
9.212500000000000000e+02,3.240136339999999948e-01
9.215000000000000000e+02,3.225946789999999953e-01
9.217500000000000000e+02,3.211768520000000127e-01
9.220000000000000000e+02,3.197601509999999925e-01
9.222500000000000000e+02,3.192287549999999752e-01
9.225000000000000000e+02,3.186977850000000112e-01
9.227500000000000000e+02,3.181672389999999906e-01
9.230000000000000000e+02,3.176371179999999961e-01
9.232500000000000000e+02,3.164135750000000025e-01
9.235000000000000000e+02,3.151911880000000110e-01
9.237500000000000000e+02,3.139699559999999945e-01
9.240000000000000000e+02,3.127498810000000073e-01
9.242500000000000000e+02,3.116378300000000046e-01
9.245000000000000000e+02,3.105265640000000049e-01
9.247500000000000000e+02,3.094160810000000095e-01
9.250000000000000000e+02,3.083063830000000172e-01
9.252500000000000000e+02,3.076868930000000169e-01
9.255000000000000000e+02,3.070678470000000049e-01
9.257500000000000000e+02,3.064492449999999812e-01
9.260000000000000000e+02,3.058310859999999742e-01
9.262500000000000000e+02,3.045441660000000050e-01
9.265000000000000000e+02,3.032583260000000225e-01
9.267500000000000000e+02,3.019735649999999993e-01
9.270000000000000000e+02,3.006898820000000194e-01
9.272500000000000000e+02,2.996675699999999942e-01
9.275000000000000000e+02,2.986459969999999964e-01
9.277500000000000000e+02,2.976251630000000259e-01
9.280000000000000000e+02,2.966050700000000262e-01
9.282500000000000000e+02,2.959489069999999833e-01
9.285000000000000000e+02,2.952932300000000176e-01
9.287500000000000000e+02,2.946380390000000182e-01
9.290000000000000000e+02,2.939833339999999851e-01
9.292500000000000000e+02,2.928308869999999842e-01
9.295000000000000000e+02,2.916793710000000206e-01
9.297500000000000000e+02,2.905287860000000388e-01
9.300000000000000000e+02,2.893791310000000117e-01
9.302500000000000000e+02,2.883929339999999897e-01
9.305000000000000000e+02,2.874075070000000065e-01
9.307500000000000000e+02,2.864228510000000338e-01
9.310000000000000000e+02,2.854389660000000162e-01
9.312500000000000000e+02,2.846936099999999858e-01
9.315000000000000000e+02,2.839487860000000086e-01
9.317500000000000000e+02,2.832044939999999733e-01
9.320000000000000000e+02,2.824607350000000183e-01
9.322500000000000000e+02,2.814224080000000128e-01
9.325000000000000000e+02,2.803848260000000314e-01
9.327500000000000000e+02,2.793479859999999926e-01
9.330000000000000000e+02,2.783118910000000334e-01
9.332500000000000000e+02,2.773646559999999872e-01
9.335000000000000000e+02,2.764181390000000071e-01
9.337500000000000000e+02,2.754723379999999833e-01
9.340000000000000000e+02,2.745272550000000256e-01
9.342500000000000000e+02,2.734921840000000270e-01
9.345000000000000000e+02,2.724579990000000063e-01
9.347500000000000000e+02,2.714247020000000177e-01
9.350000000000000000e+02,2.703922910000000068e-01
9.352500000000000000e+02,2.694780110000000173e-01
9.355000000000000000e+02,2.685643389999999853e-01
9.357500000000000000e+02,2.676512759999999935e-01
9.360000000000000000e+02,2.667388219999999865e-01
9.362500000000000000e+02,2.657850840000000048e-01
9.365000000000000000e+02,2.648322040000000155e-01
9.367500000000000000e+02,2.638801809999999914e-01
9.370000000000000000e+02,2.629290149999999882e-01
9.372500000000000000e+02,2.618154019999999749e-01
9.375000000000000000e+02,2.607027699999999726e-01
9.377500000000000000e+02,2.595911180000000096e-01
9.380000000000000000e+02,2.584804470000000021e-01
9.382500000000000000e+02,2.577638259999999737e-01
9.385000000000000000e+02,2.570477959999999951e-01
9.387500000000000000e+02,2.563323579999999824e-01
9.390000000000000000e+02,2.556175099999999922e-01
9.392500000000000000e+02,2.546426710000000426e-01
9.395000000000000000e+02,2.536685459999999948e-01
9.397500000000000000e+02,2.526951370000000141e-01
9.400000000000000000e+02,2.517224419999999907e-01
9.402500000000000000e+02,2.505728680000000042e-01
9.405000000000000000e+02,2.494244120000000120e-01
9.407500000000000000e+02,2.482770739999999865e-01
9.410000000000000000e+02,2.471308550000000104e-01
9.412500000000000000e+02,2.465746010000000044e-01
9.415000000000000000e+02,2.460187130000000000e-01
9.417500000000000000e+02,2.454631909999999972e-01
9.420000000000000000e+02,2.449080359999999956e-01
9.422500000000000000e+02,2.437687950000000103e-01
9.425000000000000000e+02,2.426305059999999958e-01
9.427500000000000000e+02,2.414931660000000091e-01
9.430000000000000000e+02,2.403567769999999937e-01
9.432500000000000000e+02,2.391479039999999945e-01
9.435000000000000000e+02,2.379396559999999994e-01
9.437500000000000000e+02,2.367320310000000094e-01
9.440000000000000000e+02,2.355250299999999963e-01
9.442500000000000000e+02,2.350914289999999907e-01
9.445000000000000000e+02,2.346580679999999974e-01
9.447500000000000000e+02,2.342249459999999894e-01
9.450000000000000000e+02,2.337920629999999944e-01
9.452500000000000000e+02,2.328190079999999940e-01
9.455000000000000000e+02,2.318464650000000016e-01
9.457500000000000000e+02,2.308744359999999884e-01
9.460000000000000000e+02,2.299029190000000111e-01
9.462500000000000000e+02,2.287115090000000073e-01
9.465000000000000000e+02,2.275207750000000084e-01
9.467500000000000000e+02,2.263307169999999868e-01
9.470000000000000000e+02,2.251413349999999980e-01
9.472500000000000000e+02,2.247265039999999936e-01
9.475000000000000000e+02,2.243118739999999944e-01
9.477500000000000000e+02,2.238974460000000000e-01
9.480000000000000000e+02,2.234832210000000097e-01
9.482500000000000000e+02,2.225440810000000047e-01
9.485000000000000000e+02,2.216054630000000025e-01
9.487500000000000000e+02,2.206673660000000037e-01
9.490000000000000000e+02,2.197297920000000071e-01
9.492500000000000000e+02,2.185181099999999876e-01
9.495000000000000000e+02,2.173070440000000048e-01
9.497500000000000000e+02,2.160965940000000030e-01
9.500000000000000000e+02,2.148867610000000095e-01
9.502500000000000000e+02,2.142776720000000024e-01
9.505000000000000000e+02,2.136689210000000116e-01
9.507500000000000000e+02,2.130605080000000096e-01
9.510000000000000000e+02,2.124524319999999966e-01
9.512500000000000000e+02,2.117207580000000089e-01
9.515000000000000000e+02,2.109895210000000132e-01
9.517500000000000000e+02,2.102587230000000085e-01
9.520000000000000000e+02,2.095283639999999947e-01
9.522500000000000000e+02,2.085016650000000027e-01
9.525000000000000000e+02,2.074755259999999935e-01
9.527500000000000000e+02,2.064499469999999948e-01
9.530000000000000000e+02,2.054249270000000072e-01
9.532500000000000000e+02,2.048353330000000083e-01
9.535000000000000000e+02,2.042461250000000006e-01
9.537500000000000000e+02,2.036573040000000112e-01
9.540000000000000000e+02,2.030688690000000129e-01
9.542500000000000000e+02,2.022607590000000122e-01
9.545000000000000000e+02,2.014531089999999913e-01
9.547500000000000000e+02,2.006459190000000059e-01
9.550000000000000000e+02,1.998391909999999994e-01
9.552500000000000000e+02,1.986895350000000005e-01
9.555000000000000000e+02,1.975407670000000060e-01
9.557500000000000000e+02,1.963928899999999866e-01
9.560000000000000000e+02,1.952459019999999990e-01
9.562500000000000000e+02,1.945306460000000015e-01
9.565000000000000000e+02,1.938158670000000028e-01
9.567500000000000000e+02,1.931015670000000017e-01
9.570000000000000000e+02,1.923877459999999984e-01
9.572500000000000000e+02,1.915588870000000110e-01
9.575000000000000000e+02,1.907305920000000043e-01
9.577500000000000000e+02,1.899028590000000072e-01
9.580000000000000000e+02,1.890756899999999907e-01
9.582500000000000000e+02,1.881994479999999914e-01
9.585000000000000000e+02,1.873238620000000076e-01
9.587500000000000000e+02,1.864489340000000106e-01
9.590000000000000000e+02,1.855746620000000013e-01
9.592500000000000000e+02,1.847843899999999928e-01
9.595000000000000000e+02,1.839947469999999863e-01
9.597500000000000000e+02,1.832057330000000095e-01
9.600000000000000000e+02,1.824173480000000069e-01
9.602500000000000000e+02,1.814815310000000015e-01
9.605000000000000000e+02,1.805465119999999923e-01
9.607500000000000000e+02,1.796122880000000088e-01
9.610000000000000000e+02,1.786788610000000221e-01
9.612500000000000000e+02,1.779448730000000034e-01
9.615000000000000000e+02,1.772114949999999967e-01
9.617500000000000000e+02,1.764787260000000024e-01
9.620000000000000000e+02,1.757465660000000207e-01
9.622500000000000000e+02,1.749914650000000127e-01
9.625000000000000000e+02,1.742369810000000130e-01
9.627500000000000000e+02,1.734831129999999944e-01
9.630000000000000000e+02,1.727298600000000128e-01
9.632500000000000000e+02,1.717068010000000200e-01
9.635000000000000000e+02,1.706846389999999714e-01
9.637500000000000000e+02,1.696633760000000046e-01
9.640000000000000000e+02,1.686430100000000099e-01
9.642500000000000000e+02,1.680221489999999818e-01
9.645000000000000000e+02,1.674018449999999936e-01
9.647500000000000000e+02,1.667820989999999892e-01
9.650000000000000000e+02,1.661629109999999965e-01
9.652500000000000000e+02,1.654509359999999929e-01
9.655000000000000000e+02,1.647394959999999853e-01
9.657500000000000000e+02,1.640285900000000019e-01
9.660000000000000000e+02,1.633182199999999862e-01
9.662500000000000000e+02,1.622393779999999897e-01
9.665000000000000000e+02,1.611615630000000077e-01
9.667500000000000000e+02,1.600847730000000135e-01
9.670000000000000000e+02,1.590090080000000072e-01
9.672500000000000000e+02,1.584329730000000047e-01
9.675000000000000000e+02,1.578574329999999915e-01
9.677500000000000000e+02,1.572823879999999952e-01
9.680000000000000000e+02,1.567078389999999877e-01
9.682500000000000000e+02,1.560327579999999936e-01
9.685000000000000000e+02,1.553583179999999953e-01
9.687500000000000000e+02,1.546845159999999941e-01
9.690000000000000000e+02,1.540113539999999892e-01
9.692500000000000000e+02,1.529265549999999918e-01
9.695000000000000000e+02,1.518427330000000075e-01
9.697500000000000000e+02,1.507598869999999813e-01
9.700000000000000000e+02,1.496780169999999965e-01
9.702500000000000000e+02,1.490630510000000020e-01
9.705000000000000000e+02,1.484486640000000079e-01
9.707500000000000000e+02,1.478348580000000134e-01
9.710000000000000000e+02,1.472216309999999917e-01
9.712500000000000000e+02,1.466441380000000072e-01
9.715000000000000000e+02,1.460671109999999995e-01
9.717500000000000000e+02,1.454905499999999963e-01
9.720000000000000000e+02,1.449144549999999976e-01
9.722500000000000000e+02,1.438143329999999886e-01
9.725000000000000000e+02,1.427152240000000016e-01
9.727500000000000000e+02,1.416171280000000088e-01
9.730000000000000000e+02,1.405200450000000101e-01
9.732500000000000000e+02,1.398645689999999941e-01
9.735000000000000000e+02,1.392096609999999846e-01
9.737500000000000000e+02,1.385553230000000080e-01
9.740000000000000000e+02,1.379015530000000100e-01
9.742500000000000000e+02,1.374641900000000139e-01
9.745000000000000000e+02,1.370272280000000009e-01
9.747500000000000000e+02,1.365906689999999979e-01
9.750000000000000000e+02,1.361545100000000064e-01
9.752500000000000000e+02,1.351129990000000114e-01
9.755000000000000000e+02,1.340724160000000276e-01
9.757500000000000000e+02,1.330327610000000271e-01
9.760000000000000000e+02,1.319940340000000101e-01
9.762500000000000000e+02,1.312149269999999812e-01
9.765000000000000000e+02,1.304364929999999867e-01
9.767500000000000000e+02,1.296587310000000270e-01
9.770000000000000000e+02,1.288816409999999912e-01
9.772500000000000000e+02,1.285272070000000044e-01
9.775000000000000000e+02,1.281730580000000064e-01
9.777500000000000000e+02,1.278191939999999971e-01
9.780000000000000000e+02,1.274656160000000038e-01
9.782500000000000000e+02,1.265909640000000003e-01
9.785000000000000000e+02,1.257171109999999925e-01
9.787500000000000000e+02,1.248440579999999939e-01
9.790000000000000000e+02,1.239718050000000044e-01
9.792500000000000000e+02,1.230766209999999972e-01
9.795000000000000000e+02,1.221822560000000030e-01
9.797500000000000000e+02,1.212887109999999935e-01
9.800000000000000000e+02,1.203959849999999970e-01
9.802500000000000000e+02,1.200027840000000012e-01
9.805000000000000000e+02,1.196098819999999729e-01
9.807500000000000000e+02,1.192172799999999949e-01
9.810000000000000000e+02,1.188249779999999978e-01
9.812500000000000000e+02,1.181486290000000050e-01
9.815000000000000000e+02,1.174728379999999961e-01
9.817500000000000000e+02,1.167976059999999983e-01
9.820000000000000000e+02,1.161229329999999976e-01
9.822500000000000000e+02,1.151475470000000029e-01
9.825000000000000000e+02,1.141730789999999968e-01
9.827500000000000000e+02,1.131995279999999937e-01
9.830000000000000000e+02,1.122268939999999937e-01
9.832500000000000000e+02,1.117339710000000014e-01
9.835000000000000000e+02,1.112414419999999959e-01
9.837500000000000000e+02,1.107493060000000057e-01
9.840000000000000000e+02,1.102575650000000018e-01
9.842500000000000000e+02,1.098517630000000050e-01
9.845000000000000000e+02,1.094463140000000029e-01
9.847500000000000000e+02,1.090412169999999958e-01
9.850000000000000000e+02,1.086364709999999983e-01
9.852500000000000000e+02,1.076972719999999967e-01
9.855000000000000000e+02,1.067589030000000022e-01
9.857500000000000000e+02,1.058213650000000006e-01
9.860000000000000000e+02,1.048846560000000067e-01
9.862500000000000000e+02,1.042648610000000003e-01
9.865000000000000000e+02,1.036455819999999861e-01
9.867500000000000000e+02,1.030268180000000061e-01
9.870000000000000000e+02,1.024085710000000038e-01
9.872500000000000000e+02,1.020086629999999994e-01
9.875000000000000000e+02,1.016090749999999931e-01
9.877500000000000000e+02,1.012098050000000138e-01
9.880000000000000000e+02,1.008108540000000053e-01
9.882500000000000000e+02,1.000665480000000052e-01
9.885000000000000000e+02,9.932289519999999705e-02
9.887500000000000000e+02,9.857989740000000500e-02
9.890000000000000000e+02,9.783755419999999592e-02
9.892500000000000000e+02,9.709537640000000247e-02
9.895000000000000000e+02,9.635376619999999614e-02
9.897500000000000000e+02,9.561272390000001564e-02
9.900000000000000000e+02,9.487224950000001933e-02
9.902500000000000000e+02,9.442568209999999129e-02
9.905000000000000000e+02,9.397948640000000631e-02
9.907500000000000000e+02,9.353366230000001447e-02
9.910000000000000000e+02,9.308820980000000189e-02
9.912500000000000000e+02,9.257685879999999479e-02
9.915000000000000000e+02,9.206593609999999539e-02
9.917500000000000000e+02,9.155544190000000637e-02
9.920000000000000000e+02,9.104537599999999731e-02
9.922500000000000000e+02,9.026508360000000397e-02
9.925000000000000000e+02,8.948545530000000248e-02
9.927500000000000000e+02,8.870649119999998722e-02
9.930000000000000000e+02,8.792819139999999423e-02
9.932500000000000000e+02,8.743984639999999309e-02
9.935000000000000000e+02,8.695190669999998401e-02
9.937500000000000000e+02,8.646437220000000035e-02
9.940000000000000000e+02,8.597724319999998366e-02
9.942500000000000000e+02,8.554028739999998410e-02
9.945000000000000000e+02,8.510368060000000900e-02
9.947500000000000000e+02,8.466742289999998339e-02
9.950000000000000000e+02,8.423151429999999051e-02
9.952500000000000000e+02,8.347462120000000152e-02
9.955000000000000000e+02,8.271842640000000302e-02
9.957500000000000000e+02,8.196293009999998380e-02
9.960000000000000000e+02,8.120813209999998283e-02
9.962500000000000000e+02,8.067503780000000180e-02
9.965000000000000000e+02,8.014240720000000151e-02
9.967500000000000000e+02,7.961024029999998197e-02
9.970000000000000000e+02,7.907853709999999869e-02
9.972500000000000000e+02,7.864225719999998199e-02
9.975000000000000000e+02,7.820636639999999085e-02
9.977500000000000000e+02,7.777086490000000019e-02
9.980000000000000000e+02,7.733575260000000173e-02
9.982500000000000000e+02,7.672310370000000324e-02
9.985000000000000000e+02,7.611099990000000370e-02
9.987500000000000000e+02,7.549944109999999486e-02
9.990000000000000000e+02,7.488842760000000154e-02
9.992500000000000000e+02,7.436794539999998233e-02
9.995000000000000000e+02,7.384790049999999384e-02
9.997500000000000000e+02,7.332829289999998057e-02
1.000000000000000000e+03,7.280912269999999242e-02
1.000250000000000000e+03,7.237401709999999322e-02
1.000500000000000000e+03,7.193931239999999672e-02
1.000750000000000000e+03,7.150500869999999731e-02
1.001000000000000000e+03,7.107110599999999501e-02
1.001250000000000000e+03,7.048394030000000587e-02
1.001500000000000000e+03,6.989732290000000292e-02
1.001750000000000000e+03,6.931125370000000563e-02
1.002000000000000000e+03,6.872573270000000012e-02
1.002250000000000000e+03,6.822799679999999589e-02
1.002500000000000000e+03,6.773071099999999900e-02
1.002750000000000000e+03,6.723387549999999824e-02
1.003000000000000000e+03,6.673749030000000748e-02
1.003250000000000000e+03,6.633757490000000145e-02
1.003500000000000000e+03,6.593802619999999948e-02
1.003750000000000000e+03,6.553884429999999595e-02
1.004000000000000000e+03,6.514002909999999646e-02
1.004250000000000000e+03,6.459799189999999858e-02
1.004500000000000000e+03,6.405647949999999924e-02
1.004750000000000000e+03,6.351549179999999017e-02
1.005000000000000000e+03,6.297502889999999354e-02
1.005250000000000000e+03,6.242890680000000303e-02
1.005500000000000000e+03,6.188329809999999764e-02
1.005750000000000000e+03,6.133820260000000246e-02
1.006000000000000000e+03,6.079362059999998680e-02
1.006250000000000000e+03,6.044984540000000045e-02
1.006500000000000000e+03,6.010640750000000032e-02
1.006750000000000000e+03,5.976330690000001417e-02
1.007000000000000000e+03,5.942054349999999902e-02
1.007250000000000000e+03,5.897739739999999925e-02
1.007500000000000000e+03,5.853465199999999952e-02
1.007750000000000000e+03,5.809230709999999714e-02
1.008000000000000000e+03,5.765036280000000041e-02
1.008250000000000000e+03,5.704649570000001196e-02
1.008500000000000000e+03,5.644322709999999993e-02
1.008750000000000000e+03,5.584055710000000033e-02
1.009000000000000000e+03,5.523848559999999797e-02
1.009250000000000000e+03,5.491369670000000036e-02
1.009500000000000000e+03,5.458921950000000106e-02
1.009750000000000000e+03,5.426505400000001395e-02
1.010000000000000000e+03,5.394120030000001259e-02
1.010250000000000000e+03,5.359034010000000153e-02
1.010500000000000000e+03,5.323982919999999813e-02
1.010750000000000000e+03,5.288966750000000105e-02
1.011000000000000000e+03,5.253985509999999776e-02
1.011250000000000000e+03,5.195345180000000146e-02
1.011500000000000000e+03,5.136763149999999667e-02
1.011750000000000000e+03,5.078239410000000287e-02
1.012000000000000000e+03,5.019773970000000057e-02
1.012250000000000000e+03,4.980391580000000096e-02
1.012500000000000000e+03,4.941047760000000233e-02
1.012750000000000000e+03,4.901742509999999775e-02
1.013000000000000000e+03,4.862475840000000243e-02
1.013250000000000000e+03,4.835524990000000106e-02
1.013500000000000000e+03,4.808599909999999866e-02
1.013750000000000000e+03,4.781700600000000217e-02
1.014000000000000000e+03,4.754827070000001293e-02
1.014250000000000000e+03,4.708159640000000173e-02
1.014500000000000000e+03,4.661539259999999962e-02
1.014750000000000000e+03,4.614965919999999833e-02
1.015000000000000000e+03,4.568439619999999785e-02
1.015250000000000000e+03,4.519863519999999663e-02
1.015500000000000000e+03,4.471338810000000108e-02
1.015750000000000000e+03,4.422865470000000160e-02
1.016000000000000000e+03,4.374443509999999952e-02
1.016250000000000000e+03,4.351569029999999977e-02
1.016500000000000000e+03,4.328716970000000275e-02
1.016750000000000000e+03,4.305887320000000018e-02
1.017000000000000000e+03,4.283080079999999901e-02
1.017250000000000000e+03,4.248421749999999747e-02
1.017500000000000000e+03,4.213799459999999913e-02
1.017750000000000000e+03,4.179213200000000267e-02
1.018000000000000000e+03,4.144662959999999979e-02
1.018250000000000000e+03,4.093244099999999996e-02
1.018500000000000000e+03,4.041875660000000120e-02
1.018750000000000000e+03,3.990557630000000217e-02
1.019000000000000000e+03,3.939290010000000286e-02
1.019250000000000000e+03,3.907874100000000017e-02
1.019500000000000000e+03,3.876489930000000250e-02
1.019750000000000000e+03,3.845137509999999731e-02
1.020000000000000000e+03,3.813816829999999714e-02
1.020250000000000000e+03,3.791670529999999900e-02
1.020500000000000000e+03,3.769545469999999870e-02
1.020750000000000000e+03,3.747441640000000185e-02
1.021000000000000000e+03,3.725359050000000283e-02
1.021250000000000000e+03,3.681940229999999814e-02
1.021500000000000000e+03,3.638568889999999750e-02
1.021750000000000000e+03,3.595245030000000092e-02
1.022000000000000000e+03,3.551968640000000010e-02
1.022250000000000000e+03,3.513979200000000302e-02
1.022500000000000000e+03,3.476026620000000067e-02
1.022750000000000000e+03,3.438110889999999864e-02
1.023000000000000000e+03,3.400232029999999961e-02
1.023250000000000000e+03,3.378470390000000434e-02
1.023500000000000000e+03,3.356730720000000029e-02
1.023750000000000000e+03,3.335013039999999707e-02
1.024000000000000000e+03,3.313317329999999894e-02
1.024250000000000000e+03,3.286613370000000117e-02
1.024500000000000000e+03,3.259935619999999867e-02
1.024750000000000000e+03,3.233284050000000132e-02
1.025000000000000000e+03,3.206658689999999923e-02
1.025250000000000000e+03,3.164357310000000256e-02
1.025500000000000000e+03,3.122101210000000071e-02
1.025750000000000000e+03,3.079890379999999928e-02
1.026000000000000000e+03,3.037724810000000039e-02
1.026250000000000000e+03,3.011454510000000084e-02
1.026500000000000000e+03,2.985210120000000161e-02
1.026750000000000000e+03,2.958991659999999843e-02
1.027000000000000000e+03,2.932799130000000171e-02
1.027250000000000000e+03,2.912400639999999929e-02
1.027500000000000000e+03,2.892021960000000155e-02
1.027750000000000000e+03,2.871663090000000154e-02
1.028000000000000000e+03,2.851324029999999926e-02
1.028250000000000000e+03,2.816793490000000719e-02
1.028500000000000000e+03,2.782297980000000143e-02
1.028750000000000000e+03,2.747837499999999933e-02
1.029000000000000000e+03,2.713412050000000089e-02
1.029250000000000000e+03,2.681892619999999908e-02
1.029500000000000000e+03,2.650405200000000017e-02
1.029750000000000000e+03,2.618949799999999856e-02
1.030000000000000000e+03,2.587526409999999985e-02
1.030250000000000000e+03,2.568207609999999946e-02
1.030500000000000000e+03,2.548907120000000123e-02
1.030750000000000000e+03,2.529624919999999902e-02
1.031000000000000000e+03,2.510361029999999896e-02
1.031250000000000000e+03,2.486957000000000056e-02
1.031500000000000000e+03,2.463576740000000126e-02
1.031750000000000000e+03,2.440220250000000105e-02
1.032000000000000000e+03,2.416887529999999992e-02
1.032250000000000000e+03,2.382959139999999906e-02
1.032500000000000000e+03,2.349065259999999836e-02
1.032750000000000000e+03,2.315205910000000047e-02
1.033000000000000000e+03,2.281381080000000061e-02
1.033250000000000000e+03,2.259559079999999900e-02
1.033500000000000000e+03,2.237760219999999911e-02
1.033750000000000000e+03,2.215984480000000173e-02
1.034000000000000000e+03,2.194231870000000126e-02
1.034250000000000000e+03,2.176243339999999957e-02
1.034500000000000000e+03,2.158271650000000152e-02
1.034750000000000000e+03,2.140316810000000153e-02
1.035000000000000000e+03,2.122378819999999958e-02
1.035250000000000000e+03,2.096360129999999891e-02
1.035500000000000000e+03,2.070365719999999951e-02
1.035750000000000000e+03,2.044395610000000058e-02
1.036000000000000000e+03,2.018449790000000077e-02
1.036250000000000000e+03,1.993293830000000127e-02
1.036500000000000000e+03,1.968164000000000025e-02
1.036750000000000000e+03,1.943060300000000115e-02
1.037000000000000000e+03,1.917982730000000052e-02
1.037250000000000000e+03,1.901747930000000086e-02
1.037500000000000000e+03,1.885529049999999998e-02
1.037750000000000000e+03,1.869326090000000135e-02
1.038000000000000000e+03,1.853139040000000015e-02
1.038250000000000000e+03,1.834141800000000169e-02
1.038500000000000000e+03,1.815163020000000113e-02
1.038750000000000000e+03,1.796202690000000060e-02
1.039000000000000000e+03,1.777260829999999930e-02
1.039250000000000000e+03,1.750839140000000002e-02
1.039500000000000000e+03,1.724441009999999955e-02
1.039750000000000000e+03,1.698066460000000055e-02
1.040000000000000000e+03,1.671715470000000037e-02
1.040250000000000000e+03,1.653990990000000008e-02
1.040500000000000000e+03,1.636285179999999798e-02
1.040750000000000000e+03,1.618598019999999832e-02
1.041000000000000000e+03,1.600929519999999551e-02
1.041250000000000000e+03,1.586376700000000084e-02
1.041500000000000000e+03,1.571837159999999942e-02
1.041750000000000000e+03,1.557310909999999951e-02
1.042000000000000000e+03,1.542797939999999979e-02
1.042250000000000000e+03,1.522512879999999950e-02
1.042500000000000000e+03,1.502249389999999948e-02
1.042750000000000000e+03,1.482007469999999973e-02
1.043000000000000000e+03,1.461787110000000063e-02
1.043250000000000000e+03,1.441026570000000263e-02
1.043500000000000000e+03,1.420287110000000019e-02
1.043750000000000000e+03,1.399568730000000025e-02
1.044000000000000000e+03,1.378871440000000066e-02
1.044250000000000000e+03,1.365994759999999975e-02
1.044500000000000000e+03,1.353130980000000032e-02
1.044750000000000000e+03,1.340280100000000064e-02
1.045000000000000000e+03,1.327442139999999646e-02
1.045250000000000000e+03,1.313504549999999944e-02
1.045500000000000000e+03,1.299581349999999989e-02
1.045750000000000000e+03,1.285672510000000074e-02
1.046000000000000000e+03,1.271778049999999945e-02
1.046250000000000000e+03,1.250622960000000346e-02
1.046500000000000000e+03,1.229487089999999928e-02
1.046750000000000000e+03,1.208370440000000080e-02
1.047000000000000000e+03,1.187273030000000028e-02
1.047250000000000000e+03,1.172877639999999645e-02
1.047500000000000000e+03,1.158497200000000067e-02
1.047750000000000000e+03,1.144131699999999946e-02
1.048000000000000000e+03,1.129781149999999935e-02
1.048250000000000000e+03,1.119167130000000079e-02
1.048500000000000000e+03,1.108564740000000069e-02
1.048750000000000000e+03,1.097973990000000039e-02
1.049000000000000000e+03,1.087394870000000027e-02
1.049250000000000000e+03,1.073014819999999932e-02
1.049500000000000000e+03,1.058649560000000066e-02
1.049750000000000000e+03,1.044299100000000043e-02
1.050000000000000000e+03,1.029963419999999942e-02
1.050250000000000000e+03,1.012484689999999972e-02
1.050500000000000000e+03,9.950222899999999759e-03
1.050750000000000000e+03,9.775762159999999701e-03
1.051000000000000000e+03,9.601464779999999144e-03
1.051250000000000000e+03,9.498459499999997030e-03
1.051500000000000000e+03,9.395567279999999383e-03
1.051750000000000000e+03,9.292788110000001905e-03
1.052000000000000000e+03,9.190121989999999394e-03
1.052250000000000000e+03,9.094107000000000579e-03
1.052500000000000000e+03,8.998193179999999097e-03
1.052750000000000000e+03,8.902380500000001140e-03
1.053000000000000000e+03,8.806668990000000516e-03
1.053250000000000000e+03,8.662665369999997603e-03
1.053500000000000000e+03,8.518814479999997635e-03
1.053750000000000000e+03,8.375116320000000614e-03
1.054000000000000000e+03,8.231570880000000506e-03
1.054250000000000000e+03,8.100343739999999945e-03
1.054500000000000000e+03,7.969259670000001031e-03
1.054750000000000000e+03,7.838318659999997731e-03
1.055000000000000000e+03,7.707520729999998640e-03
1.055250000000000000e+03,7.632064790000000348e-03
1.055500000000000000e+03,7.556685090000001860e-03
1.055750000000000000e+03,7.481381629999998839e-03
1.056000000000000000e+03,7.406154409999999959e-03
1.056250000000000000e+03,7.320123869999998686e-03
1.056500000000000000e+03,7.234184250000000142e-03
1.056750000000000000e+03,7.148335550000001724e-03
1.057000000000000000e+03,7.062577790000001618e-03
1.057250000000000000e+03,6.924067469999999752e-03
1.057500000000000000e+03,6.785698259999998691e-03
1.057750000000000000e+03,6.647470179999998355e-03
1.058000000000000000e+03,6.509383250000000398e-03
1.058250000000000000e+03,6.414015000000000341e-03
1.058500000000000000e+03,6.318761820000000189e-03
1.058750000000000000e+03,6.223623680000000061e-03
1.059000000000000000e+03,6.128600560000000037e-03
1.059250000000000000e+03,6.068783000000000337e-03
1.059500000000000000e+03,6.009031629999999832e-03
1.059750000000000000e+03,5.949346420000000378e-03
1.060000000000000000e+03,5.889727389999998425e-03
1.060250000000000000e+03,5.805605600000000345e-03
1.060500000000000000e+03,5.721570569999999932e-03
1.060750000000000000e+03,5.637622310000001483e-03
1.061000000000000000e+03,5.553760820000001527e-03
1.061250000000000000e+03,5.437701569999999970e-03
1.061500000000000000e+03,5.321773939999999842e-03
1.061750000000000000e+03,5.205977930000000274e-03
1.062000000000000000e+03,5.090313519999999613e-03
1.062250000000000000e+03,5.026053540000000389e-03
1.062500000000000000e+03,4.961861500000000307e-03
1.062750000000000000e+03,4.897737429999998379e-03
1.063000000000000000e+03,4.833681329999999811e-03
1.063250000000000000e+03,4.781894860000000108e-03
1.063500000000000000e+03,4.730167349999999868e-03
1.063750000000000000e+03,4.678498789999999997e-03
1.064000000000000000e+03,4.626889189999999590e-03
1.064250000000000000e+03,4.546808260000000101e-03
1.064500000000000000e+03,4.466809690000000249e-03
1.064750000000000000e+03,4.386893489999999993e-03
1.065000000000000000e+03,4.307059690000000080e-03
1.065250000000000000e+03,4.219288110000000286e-03
1.065500000000000000e+03,4.131616999999999755e-03
1.065750000000000000e+03,4.044046360000000222e-03
1.066000000000000000e+03,3.956576189999999951e-03
1.066250000000000000e+03,3.908357329999999873e-03
1.066500000000000000e+03,3.860194129999999866e-03
1.066750000000000000e+03,3.812086570000000011e-03
1.067000000000000000e+03,3.764034669999999794e-03
1.067250000000000000e+03,3.719623520000000117e-03
1.067500000000000000e+03,3.675262280000000069e-03
1.067750000000000000e+03,3.630950920000000203e-03
1.068000000000000000e+03,3.586689460000000006e-03
1.068250000000000000e+03,3.514192939999999897e-03
1.068500000000000000e+03,3.441775599999999987e-03
1.068750000000000000e+03,3.369437449999999803e-03
1.069000000000000000e+03,3.297178500000000172e-03
1.069250000000000000e+03,3.233753400000000805e-03
1.069500000000000000e+03,3.170401020000000129e-03
1.069750000000000000e+03,3.107121359999999877e-03
1.070000000000000000e+03,3.043914430000000879e-03
1.070250000000000000e+03,3.006583279999999921e-03
1.070500000000000000e+03,2.969292249999999980e-03
1.070750000000000000e+03,2.932041319999999836e-03
1.071000000000000000e+03,2.894830499999999883e-03
1.071250000000000000e+03,2.855976840000000200e-03
1.071500000000000000e+03,2.817165859999999980e-03
1.071750000000000000e+03,2.778397560000000089e-03
1.072000000000000000e+03,2.739671950000000054e-03
1.072250000000000000e+03,2.678300160000000006e-03
1.072500000000000000e+03,2.616998240000000062e-03
1.072750000000000000e+03,2.555766210000000142e-03
1.073000000000000000e+03,2.494604049999999892e-03
1.073250000000000000e+03,2.449067480000000768e-03
1.073500000000000000e+03,2.403583380000000151e-03
1.073750000000000000e+03,2.358151729999999856e-03
1.074000000000000000e+03,2.312772529999999882e-03
1.074250000000000000e+03,2.285026400000000034e-03
1.074500000000000000e+03,2.257309939999999591e-03
1.074750000000000000e+03,2.229623149999999856e-03
1.075000000000000000e+03,2.201966029999999960e-03
1.075250000000000000e+03,2.168806760000000118e-03
1.075500000000000000e+03,2.135685210000000042e-03
1.075750000000000000e+03,2.102601380000000166e-03
1.076000000000000000e+03,2.069555270000000054e-03
1.076250000000000000e+03,2.019937089999999935e-03
1.076500000000000000e+03,1.970373420000000146e-03
1.076750000000000000e+03,1.920864269999999997e-03
1.077000000000000000e+03,1.871409650000000098e-03
1.077250000000000000e+03,1.839676419999999998e-03
1.077500000000000000e+03,1.807979160000000368e-03
1.077750000000000000e+03,1.776317889999999610e-03
1.078000000000000000e+03,1.744692610000000326e-03
1.078250000000000000e+03,1.722711179999999965e-03
1.078500000000000000e+03,1.700754459999999964e-03
1.078750000000000000e+03,1.678822429999999970e-03
1.079000000000000000e+03,1.656915109999999901e-03
1.079250000000000000e+03,1.628958469999999652e-03
1.079500000000000000e+03,1.601032319999999651e-03
1.079750000000000000e+03,1.573136680000000037e-03
1.080000000000000000e+03,1.545271530000000455e-03
