# NAME           	NGTS_I
# WAVELENGTH_UNIT	nanometer
# DETECTOR       	energy
# COMPNAME       	NGTS_I
#
## WAVELENGTH	None	nanometer
## THROUGHPUT	None	filter throughput definition
#
WAVELENGTH,THROUGHPUT
3.000000000000000000e+02,0.000000000000000000e+00
3.007007007007006791e+02,0.000000000000000000e+00
3.014014014014014151e+02,0.000000000000000000e+00
3.021021021021020942e+02,0.000000000000000000e+00
3.028028028028028302e+02,0.000000000000000000e+00
3.035035035035035094e+02,0.000000000000000000e+00
3.042042042042041885e+02,0.000000000000000000e+00
3.049049049049049245e+02,0.000000000000000000e+00
3.056056056056056036e+02,0.000000000000000000e+00
3.063063063063062827e+02,0.000000000000000000e+00
3.070070070070070187e+02,0.000000000000000000e+00
3.077077077077076979e+02,0.000000000000000000e+00
3.084084084084084338e+02,0.000000000000000000e+00
3.091091091091091130e+02,0.000000000000000000e+00
3.098098098098097921e+02,0.000000000000000000e+00
3.105105105105105281e+02,0.000000000000000000e+00
3.112112112112112072e+02,0.000000000000000000e+00
3.119119119119118864e+02,0.000000000000000000e+00
3.126126126126126223e+02,0.000000000000000000e+00
3.133133133133133015e+02,0.000000000000000000e+00
3.140140140140140375e+02,0.000000000000000000e+00
3.147147147147147166e+02,0.000000000000000000e+00
3.154154154154153957e+02,0.000000000000000000e+00
3.161161161161161317e+02,0.000000000000000000e+00
3.168168168168168108e+02,0.000000000000000000e+00
3.175175175175174900e+02,0.000000000000000000e+00
3.182182182182182260e+02,0.000000000000000000e+00
3.189189189189189051e+02,0.000000000000000000e+00
3.196196196196196411e+02,0.000000000000000000e+00
3.203203203203203202e+02,0.000000000000000000e+00
3.210210210210209993e+02,0.000000000000000000e+00
3.217217217217217353e+02,0.000000000000000000e+00
3.224224224224224145e+02,0.000000000000000000e+00
3.231231231231231504e+02,0.000000000000000000e+00
3.238238238238238296e+02,0.000000000000000000e+00
3.245245245245245087e+02,0.000000000000000000e+00
3.252252252252252447e+02,0.000000000000000000e+00
3.259259259259259238e+02,0.000000000000000000e+00
3.266266266266266030e+02,0.000000000000000000e+00
3.273273273273273389e+02,0.000000000000000000e+00
3.280280280280280181e+02,0.000000000000000000e+00
3.287287287287287540e+02,0.000000000000000000e+00
3.294294294294294332e+02,0.000000000000000000e+00
3.301301301301301123e+02,0.000000000000000000e+00
3.308308308308308483e+02,0.000000000000000000e+00
3.315315315315315274e+02,0.000000000000000000e+00
3.322322322322322066e+02,0.000000000000000000e+00
3.329329329329329425e+02,0.000000000000000000e+00
3.336336336336336217e+02,0.000000000000000000e+00
3.343343343343343577e+02,0.000000000000000000e+00
3.350350350350350368e+02,0.000000000000000000e+00
3.357357357357357159e+02,0.000000000000000000e+00
3.364364364364364519e+02,0.000000000000000000e+00
3.371371371371371310e+02,0.000000000000000000e+00
3.378378378378378102e+02,0.000000000000000000e+00
3.385385385385385462e+02,0.000000000000000000e+00
3.392392392392392253e+02,0.000000000000000000e+00
3.399399399399399613e+02,0.000000000000000000e+00
3.406406406406406404e+02,0.000000000000000000e+00
3.413413413413413195e+02,0.000000000000000000e+00
3.420420420420420555e+02,0.000000000000000000e+00
3.427427427427427347e+02,0.000000000000000000e+00
3.434434434434434706e+02,0.000000000000000000e+00
3.441441441441441498e+02,0.000000000000000000e+00
3.448448448448448289e+02,0.000000000000000000e+00
3.455455455455455649e+02,0.000000000000000000e+00
3.462462462462462440e+02,0.000000000000000000e+00
3.469469469469469232e+02,0.000000000000000000e+00
3.476476476476476591e+02,0.000000000000000000e+00
3.483483483483483383e+02,0.000000000000000000e+00
3.490490490490490174e+02,0.000000000000000000e+00
3.497497497497497534e+02,0.000000000000000000e+00
3.504504504504504325e+02,0.000000000000000000e+00
3.511511511511511685e+02,0.000000000000000000e+00
3.518518518518518476e+02,0.000000000000000000e+00
3.525525525525525268e+02,0.000000000000000000e+00
3.532532532532532628e+02,0.000000000000000000e+00
3.539539539539539419e+02,0.000000000000000000e+00
3.546546546546546779e+02,0.000000000000000000e+00
3.553553553553553570e+02,0.000000000000000000e+00
3.560560560560560361e+02,0.000000000000000000e+00
3.567567567567567721e+02,0.000000000000000000e+00
3.574574574574574513e+02,0.000000000000000000e+00
3.581581581581581304e+02,0.000000000000000000e+00
3.588588588588588664e+02,0.000000000000000000e+00
3.595595595595595455e+02,0.000000000000000000e+00
3.602602602602602815e+02,0.000000000000000000e+00
3.609609609609609606e+02,0.000000000000000000e+00
3.616616616616616398e+02,0.000000000000000000e+00
3.623623623623623757e+02,0.000000000000000000e+00
3.630630630630630549e+02,0.000000000000000000e+00
3.637637637637637908e+02,0.000000000000000000e+00
3.644644644644644700e+02,0.000000000000000000e+00
3.651651651651651491e+02,0.000000000000000000e+00
3.658658658658658851e+02,0.000000000000000000e+00
3.665665665665665642e+02,0.000000000000000000e+00
3.672672672672672434e+02,0.000000000000000000e+00
3.679679679679679793e+02,0.000000000000000000e+00
3.686686686686686585e+02,0.000000000000000000e+00
3.693693693693693376e+02,0.000000000000000000e+00
3.700700700700700736e+02,0.000000000000000000e+00
3.707707707707707527e+02,0.000000000000000000e+00
3.714714714714714887e+02,0.000000000000000000e+00
3.721721721721721678e+02,0.000000000000000000e+00
3.728728728728729038e+02,0.000000000000000000e+00
3.735735735735735830e+02,0.000000000000000000e+00
3.742742742742742621e+02,0.000000000000000000e+00
3.749749749749749981e+02,0.000000000000000000e+00
3.756756756756756772e+02,0.000000000000000000e+00
3.763763763763763563e+02,0.000000000000000000e+00
3.770770770770770923e+02,0.000000000000000000e+00
3.777777777777777715e+02,0.000000000000000000e+00
3.784784784784784506e+02,0.000000000000000000e+00
3.791791791791791866e+02,0.000000000000000000e+00
3.798798798798798657e+02,0.000000000000000000e+00
3.805805805805805448e+02,0.000000000000000000e+00
3.812812812812812808e+02,0.000000000000000000e+00
3.819819819819819600e+02,0.000000000000000000e+00
3.826826826826826959e+02,0.000000000000000000e+00
3.833833833833833751e+02,0.000000000000000000e+00
3.840840840840841111e+02,0.000000000000000000e+00
3.847847847847847902e+02,0.000000000000000000e+00
3.854854854854854693e+02,0.000000000000000000e+00
3.861861861861862053e+02,0.000000000000000000e+00
3.868868868868868844e+02,0.000000000000000000e+00
3.875875875875875636e+02,0.000000000000000000e+00
3.882882882882882996e+02,0.000000000000000000e+00
3.889889889889889787e+02,0.000000000000000000e+00
3.896896896896896578e+02,0.000000000000000000e+00
3.903903903903903938e+02,0.000000000000000000e+00
3.910910910910910729e+02,0.000000000000000000e+00
3.917917917917918089e+02,0.000000000000000000e+00
3.924924924924924881e+02,0.000000000000000000e+00
3.931931931931932240e+02,0.000000000000000000e+00
3.938938938938939032e+02,0.000000000000000000e+00
3.945945945945945823e+02,0.000000000000000000e+00
3.952952952952953183e+02,0.000000000000000000e+00
3.959959959959959974e+02,0.000000000000000000e+00
3.966966966966966766e+02,0.000000000000000000e+00
3.973973973973974125e+02,0.000000000000000000e+00
3.980980980980980917e+02,0.000000000000000000e+00
3.987987987987987708e+02,0.000000000000000000e+00
3.994994994994995068e+02,0.000000000000000000e+00
4.002002002002001859e+02,0.000000000000000000e+00
4.009009009009008651e+02,0.000000000000000000e+00
4.016016016016016010e+02,0.000000000000000000e+00
4.023023023023022802e+02,0.000000000000000000e+00
4.030030030030030161e+02,0.000000000000000000e+00
4.037037037037036953e+02,0.000000000000000000e+00
4.044044044044044313e+02,0.000000000000000000e+00
4.051051051051051104e+02,0.000000000000000000e+00
4.058058058058057895e+02,0.000000000000000000e+00
4.065065065065065255e+02,0.000000000000000000e+00
4.072072072072072046e+02,0.000000000000000000e+00
4.079079079079078838e+02,0.000000000000000000e+00
4.086086086086086198e+02,0.000000000000000000e+00
4.093093093093092989e+02,0.000000000000000000e+00
4.100100100100099780e+02,0.000000000000000000e+00
4.107107107107107140e+02,0.000000000000000000e+00
4.114114114114113931e+02,0.000000000000000000e+00
4.121121121121120723e+02,0.000000000000000000e+00
4.128128128128128083e+02,0.000000000000000000e+00
4.135135135135135442e+02,0.000000000000000000e+00
4.142142142142142234e+02,0.000000000000000000e+00
4.149149149149149025e+02,0.000000000000000000e+00
4.156156156156156385e+02,0.000000000000000000e+00
4.163163163163163176e+02,0.000000000000000000e+00
4.170170170170169968e+02,0.000000000000000000e+00
4.177177177177177327e+02,0.000000000000000000e+00
4.184184184184184119e+02,0.000000000000000000e+00
4.191191191191190910e+02,0.000000000000000000e+00
4.198198198198198270e+02,0.000000000000000000e+00
4.205205205205205061e+02,0.000000000000000000e+00
4.212212212212211853e+02,0.000000000000000000e+00
4.219219219219219212e+02,0.000000000000000000e+00
4.226226226226226004e+02,0.000000000000000000e+00
4.233233233233233364e+02,2.148037131584893582e-05
4.240240240240240155e+02,4.714020299218538916e-04
4.247247247247247515e+02,9.246061285544632073e-04
4.254254254254254306e+02,1.381092322665305712e-03
4.261261261261261097e+02,1.840524128400621798e-03
4.268268268268268457e+02,2.302445695853910703e-03
4.275275275275275249e+02,2.767234482115875360e-03
4.282282282282282040e+02,3.234890185827212807e-03
4.289289289289289400e+02,3.705412505639123395e-03
4.296296296296296191e+02,4.178801140213190234e-03
4.303303303303302982e+02,4.655055788221606865e-03
4.310310310310310342e+02,5.134176148347076654e-03
4.317317317317317134e+02,5.616161919282671409e-03
4.324324324324323925e+02,6.101012799732093324e-03
4.331331331331331285e+02,6.588728488409539667e-03
4.338338338338338644e+02,7.079308684039625592e-03
4.345345345345345436e+02,7.572753085357465663e-03
4.352352352352352227e+02,8.069061391108755393e-03
4.359359359359359587e+02,8.567815223236721969e-03
4.366366366366366378e+02,9.069263044290809886e-03
4.373373373373373170e+02,9.573514664678345332e-03
4.380380380380380529e+02,1.008056978936227623e-02
4.387387387387387321e+02,1.059042812331570729e-02
4.394394394394394112e+02,1.110308937152215333e-02
4.401401401401401472e+02,1.161855323897541432e-02
4.408408408408408263e+02,1.213681943067945572e-02
4.415415415415415055e+02,1.265788765164864264e-02
4.422422422422422414e+02,1.318175760690763407e-02
4.429429429429429774e+02,1.370842900149127699e-02
4.436436436436435997e+02,1.423790154044467238e-02
4.443443443443443357e+02,1.477017492882347002e-02
4.450450450450450717e+02,1.530524887169332736e-02
4.457457457457457508e+02,1.584312307413023382e-02
4.464464464464464299e+02,1.638379724122056291e-02
4.471471471471471659e+02,1.695209221392810980e-02
4.478478478478478451e+02,1.752768487356246713e-02
4.485485485485485242e+02,1.810770607427687404e-02
4.492492492492492602e+02,1.869215535111224888e-02
4.499499499499499393e+02,1.928103223912554925e-02
4.506506506506506184e+02,1.987433627339006345e-02
4.513513513513513544e+02,2.047206698899530289e-02
4.520520520520520336e+02,2.107422392104683212e-02
4.527527527527527127e+02,2.168080660466653944e-02
4.534534534534534487e+02,2.229181457499252936e-02
4.541541541541541847e+02,2.290724736717900112e-02
4.548548548548548069e+02,2.351288696239096226e-02
4.555555555555555429e+02,2.411018558427113767e-02
4.562562562562562789e+02,2.471075130832463967e-02
4.569569569569569580e+02,2.531458379052682964e-02
4.576576576576576372e+02,2.592168268686520852e-02
4.583583583583583732e+02,2.653204765333922258e-02
4.590590590590590523e+02,2.714386022221085271e-02
4.597597597597597314e+02,2.775739179044365776e-02
4.604604604604604674e+02,2.814357003566874196e-02
4.611611611611611465e+02,2.789402960812083221e-02
4.618618618618618257e+02,2.764251816030680042e-02
4.625625625625625617e+02,2.738903663242591574e-02
4.632632632632632976e+02,2.713358596453085275e-02
4.639639639639639199e+02,2.687616709652764987e-02
4.646646646646646559e+02,2.663173922865200854e-02
4.653653653653653919e+02,2.638614623003555926e-02
4.660660660660660710e+02,2.613817389276468228e-02
4.667667667667667502e+02,2.588782334644986957e-02
4.674674674674674861e+02,2.563509572052570171e-02
4.681681681681681653e+02,2.537999214425078892e-02
4.688688688688688444e+02,2.512251374670774334e-02
4.695695695695695804e+02,2.486266165680313736e-02
4.702702702702702595e+02,2.460043700326770486e-02
4.709709709709709387e+02,2.433584091465602894e-02
4.716716716716716746e+02,2.406887451934680566e-02
4.723723723723723538e+02,2.380555113439520448e-02
4.730730730730730329e+02,2.354402127196385600e-02
4.737737737737737689e+02,2.327981489833250497e-02
4.744744744744745049e+02,2.301293328378379091e-02
4.751751751751751272e+02,2.274337769840234849e-02
4.758758758758758631e+02,1.014056910073130480e+00
4.765765765765765991e+02,1.668157751491790644e-02
4.772772772772772782e+02,1.684268608131225808e-02
4.779779779779779574e+02,1.697436414354060175e-02
4.786786786786786934e+02,1.698302158531984907e-02
4.793793793793793725e+02,1.708940379572473911e-02
4.800800800800800516e+02,1.718414285993272173e-02
4.807807807807807876e+02,1.722968560125498136e-02
4.814814814814814667e+02,1.726592055780841115e-02
4.821821821821821459e+02,1.723502143441767859e-02
4.828828828828828819e+02,1.717418332724840804e-02
4.835835835835836178e+02,1.709205727825603705e-02
4.842842842842842401e+02,1.699084018927218137e-02
4.849849849849849761e+02,1.685405282776362632e-02
4.856856856856857121e+02,1.667150041837461502e-02
4.863863863863863912e+02,1.651465004471546968e-02
4.870870870870870704e+02,1.635185701418125429e-02
4.877877877877878063e+02,1.618291932944421890e-02
4.884884884884884855e+02,1.596702888628226749e-02
4.891891891891891646e+02,1.570036908982103477e-02
4.898898898898899006e+02,1.542575305842839098e-02
4.905905905905905797e+02,1.518305085844240745e-02
4.912912912912912589e+02,1.494846186629857424e-02
4.919919919919919948e+02,1.467272352456097315e-02
4.926926926926926740e+02,1.436444686785115325e-02
4.933933933933933531e+02,1.405330247988800275e-02
4.940940940940940891e+02,1.374429002278356772e-02
4.947947947947948251e+02,1.709885195046235290e-02
4.954954954954954474e+02,2.621046405895762280e-02
4.961961961961961833e+02,3.533393678459335885e-02
4.968968968968969193e+02,4.450813220271149229e-02
4.975975975975975985e+02,5.373311486929110287e-02
4.982982982982982776e+02,6.300894937866044487e-02
4.989989989989990136e+02,7.233570036349812327e-02
4.996996996996996927e+02,8.171343249483385696e-02
5.004004004004003718e+02,9.114221048205568831e-02
5.011011011011011078e+02,1.005720315264840986e-01
5.018018018018017870e+02,1.099848647637510501e-01
5.025025025025024661e+02,1.194293000328684740e-01
5.032032032032032021e+02,1.289052753296688336e-01
5.039039039039039380e+02,1.384127287129297557e-01
5.046046046046045603e+02,1.479515983043294403e-01
5.053053053053052963e+02,1.575218222884080532e-01
5.060060060060060323e+02,1.671233389125142410e-01
5.067067067067067114e+02,1.767560864867658010e-01
5.074074074074073906e+02,1.864086561699812572e-01
5.081081081081081265e+02,1.960875252412078718e-01
5.088088088088088057e+02,2.057958937016019507e-01
5.095095095095094848e+02,3.013166254474395900e-01
5.102102102102102208e+02,4.111181159131929164e-01
5.109109109109108999e+02,5.209938169217386283e-01
5.116116116116115791e+02,6.310933805765904792e-01
5.123123123123123150e+02,7.414162346264512315e-01
5.130130130130130510e+02,1.401154284874971401e+00
5.137137137137136733e+02,2.193480883202326481e+00
5.144144144144144093e+02,2.991032238847880276e+00
5.151151151151151453e+02,3.790611168033430012e+00
5.158158158158157676e+02,1.029039087648864736e+01
5.165165165165165035e+02,1.683849446701372088e+01
5.172172172172172395e+02,2.298762970478014722e+01
5.179179179179179755e+02,2.902157853106652752e+01
5.186186186186185978e+02,3.507067801448467037e+01
5.193193193193193338e+02,3.956732959198096466e+01
5.200200200200199561e+02,4.217008381884936341e+01
5.207207207207206920e+02,4.478661871647916826e+01
5.214214214214214280e+02,4.671675797947999342e+01
5.221221221221221640e+02,4.747756381267323889e+01
5.228228228228227863e+02,4.824038051867144361e+01
5.235235235235235223e+02,4.882178445642556852e+01
5.242242242242241446e+02,4.911440091694217358e+01
5.249249249249248805e+02,4.940769730398832849e+01
5.256256256256256165e+02,4.951881914437733911e+01
5.263263263263263525e+02,4.941163431011884910e+01
5.270270270270270885e+02,4.930378665281799044e+01
5.277277277277277108e+02,4.918613474070233593e+01
5.284284284284284468e+02,4.906326516920275793e+01
5.291291291291290690e+02,4.893959881951663249e+01
5.298298298298298050e+02,4.909300975254684829e+01
5.305305305305305410e+02,4.942209898148799141e+01
5.312312312312312770e+02,4.975208222490635990e+01
5.319319319319318993e+02,5.016213250772396748e+01
5.326326326326326353e+02,5.061282805408842478e+01
5.333333333333332575e+02,5.103994277220778031e+01
5.340340340340339935e+02,5.145687651850089139e+01
5.347347347347347295e+02,5.170026822145366197e+01
5.354354354354354655e+02,5.188561453104004784e+01
5.361361361361360878e+02,5.207130479939247181e+01
5.368368368368368237e+02,5.225733911015898769e+01
5.375375375375375597e+02,5.244371754695807653e+01
5.382382382382381820e+02,5.248381852346477672e+01
5.389389389389389180e+02,5.249511482240869498e+01
5.396396396396396540e+02,5.250618776914078722e+01
5.403403403403403900e+02,5.251703729713934621e+01
5.410410410410410122e+02,5.252766333990030745e+01
5.417417417417417482e+02,5.253806583093727767e+01
5.424424424424423705e+02,5.261674150614412326e+01
5.431431431431431065e+02,5.269485499450855315e+01
5.438438438438438425e+02,5.277296409704283064e+01
5.445445445445445785e+02,5.285106881013593494e+01
5.452452452452452007e+02,5.294976833354238011e+01
5.459459459459459367e+02,5.325156722202102344e+01
5.466466466466466727e+02,5.355403307569396532e+01
5.473473473473472950e+02,5.384186953362767269e+01
5.480480480480480310e+02,5.404177992665003671e+01
5.487487487487487670e+02,5.424204450249899878e+01
5.494494494494495029e+02,5.443614712691113766e+01
5.501501501501501252e+02,5.462938796638054129e+01
5.508508508508508612e+02,5.478599335845033380e+01
5.515515515515514835e+02,5.483157062468079346e+01
5.522522522522522195e+02,5.487704529034007805e+01
5.529529529529529555e+02,5.492241739784869026e+01
5.536536536536536914e+02,5.496768698962078048e+01
5.543543543543543137e+02,5.501285410806411136e+01
5.550550550550550497e+02,5.505672910412489074e+01
5.557557557557557857e+02,5.509954025480625717e+01
5.564564564564564080e+02,5.511610265673137121e+01
5.571571571571571440e+02,5.509508693187319750e+01
5.578578578578578799e+02,5.507363748380531376e+01
5.585585585585586159e+02,5.505027202201687686e+01
5.592592592592592382e+02,5.502665365342011938e+01
5.599599599599599742e+02,5.500278257840027862e+01
5.606606606606605965e+02,5.508163647397223883e+01
5.613613613613613325e+02,5.523590876091544999e+01
5.620620620620620684e+02,5.539035314112026498e+01
5.627627627627628044e+02,5.554496943881800064e+01
5.634634634634634267e+02,5.569975747830871882e+01
5.641641641641641627e+02,5.585445627976470462e+01
5.648648648648647850e+02,5.596527991564855853e+01
5.655655655655655210e+02,5.605940862148634096e+01
5.662662662662662569e+02,5.615355980936058700e+01
5.669669669669669929e+02,5.624773341465163412e+01
5.676676676676677289e+02,5.634192937278218238e+01
5.683683683683683512e+02,5.643614761921714518e+01
5.690690690690690872e+02,5.653058683780892579e+01
5.697697697697697095e+02,5.657308838104889759e+01
5.704704704704704454e+02,5.660659495290523324e+01
5.711711711711711814e+02,5.664018999829328749e+01
5.718718718718719174e+02,5.667426496435458461e+01
5.725725725725725397e+02,5.670822510164915542e+01
5.732732732732732757e+02,5.674207050512689676e+01
5.739739739739738980e+02,5.677580126969219521e+01
5.746746746746746339e+02,5.681160542643765154e+01
5.753753753753753699e+02,5.689683041024953525e+01
5.760760760760761059e+02,5.698205611190412156e+01
5.767767767767768419e+02,5.706728249516822871e+01
5.774774774774774642e+02,5.715250952383310334e+01
5.781781781781780865e+02,5.723773716171436376e+01
5.788788788788788224e+02,5.732267321938371651e+01
5.795795795795795584e+02,5.739579369524337693e+01
5.802802802802802944e+02,5.742259784778981668e+01
5.809809809809810304e+02,5.744927518078905138e+01
5.816816816816816527e+02,5.747582580778624362e+01
5.823823823823823886e+02,5.750066226827795646e+01
5.830830830830830109e+02,5.752530848814384257e+01
5.837837837837837469e+02,5.754983150510879852e+01
5.844844844844844829e+02,5.757423142995998688e+01
5.851851851851852189e+02,5.759850837342737151e+01
5.858858858858859548e+02,5.762739331864221981e+01
5.865865865865865771e+02,5.766144251595427761e+01
5.872872872872871994e+02,5.769538562143555538e+01
5.879879879879879354e+02,5.772922270666413169e+01
5.886886886886886714e+02,5.776295384319306692e+01
5.893893893893894074e+02,5.779657910255073716e+01
5.900900900900901433e+02,5.783009855624050743e+01
5.907907907907907656e+02,5.786351227574105849e+01
5.914914914914915016e+02,5.793814801825510585e+01
5.921921921921921239e+02,5.804167687106216533e+01
5.928928928928928599e+02,5.814537150845961833e+01
5.935935935935935959e+02,5.825553629925243371e+01
5.942942942942943318e+02,5.836827965577804633e+01
5.949949949949950678e+02,5.848110101787097648e+01
5.956956956956956901e+02,5.859400034096615428e+01
5.963963963963963124e+02,5.870697758049775672e+01
5.970970970970970484e+02,5.878911571912842504e+01
5.977977977977977844e+02,5.886167470905044041e+01
5.984984984984985203e+02,5.893421094794932458e+01
5.991991991991992563e+02,5.900672443588292992e+01
5.998998998998998786e+02,5.907921517290976965e+01
6.006006006006006146e+02,5.915168315908898933e+01
6.013013013013012369e+02,5.922123745319456134e+01
6.020020020020019729e+02,5.928988894236418616e+01
6.027027027027027088e+02,5.935803326085916609e+01
6.034034034034034448e+02,5.939748424835520524e+01
6.041041041041040671e+02,5.943615976135716750e+01
6.048048048048048031e+02,5.947473991227369083e+01
6.055055055055054254e+02,5.951322477265625821e+01
6.062062062062061614e+02,5.956210224851476909e+01
6.069069069069068973e+02,5.961187801235547568e+01
6.076076076076076333e+02,5.966154245631778252e+01
6.083083083083083693e+02,5.971474700156709048e+01
6.090090090090089916e+02,5.976798966701822735e+01
6.097097097097096139e+02,5.982112772336258644e+01
6.104104104104103499e+02,5.987416123212126706e+01
6.111111111111110858e+02,5.992709025480953500e+01
6.118118118118118218e+02,5.997991485293682246e+01
6.125125125125125578e+02,6.003263508800703363e+01
6.132132132132131801e+02,6.008525102151816100e+01
6.139139139139139161e+02,6.013545636103417991e+01
6.146146146146145384e+02,6.018088412389395359e+01
6.153153153153152743e+02,6.022619065784446946e+01
6.160160160160160103e+02,6.027137560988060727e+01
6.167167167167167463e+02,6.031612932330702392e+01
6.174174174174174823e+02,6.034807993245463820e+01
6.181181181181181046e+02,6.040621837962866181e+01
6.188188188188187269e+02,6.049401874797781886e+01
6.195195195195194628e+02,6.058182980564302511e+01
6.202202202202201988e+02,6.066965149786906153e+01
6.209209209209209348e+02,6.075748376991336386e+01
6.216216216216216708e+02,6.084532656704624287e+01
6.223223223223222931e+02,6.093317983455066411e+01
6.230230230230230291e+02,6.102186869446726547e+01
6.237237237237236513e+02,6.111448933770417824e+01
6.244244244244243873e+02,6.122361816963487513e+01
6.251251251251251233e+02,6.134098862280519171e+01
6.258258258258258593e+02,6.145843538860778921e+01
6.265265265265265953e+02,6.157595837365921199e+01
6.272272272272272176e+02,6.169355748456539601e+01
6.279279279279278398e+02,6.181145346500247229e+01
6.286286286286285758e+02,6.193083581296600926e+01
6.293293293293293118e+02,6.205029608266144692e+01
6.300300300300300478e+02,6.212168455108241005e+01
6.307307307307307838e+02,6.217908346891098859e+01
6.314314314314314061e+02,6.223642843338109998e+01
6.321321321321321420e+02,6.229371946096058110e+01
6.328328328328327643e+02,6.235095656811675724e+01
6.335335335335335003e+02,6.240813977131649892e+01
6.342342342342342363e+02,6.246526908702618641e+01
6.349349349349349723e+02,6.252096893948378664e+01
6.356356356356355946e+02,6.251339139035108872e+01
6.363363363363363305e+02,6.250564138440388717e+01
6.370370370370369528e+02,6.249771910200415448e+01
6.377377377377376888e+02,6.248962472345056796e+01
6.384384384384384248e+02,6.248135842897841741e+01
6.391391391391391608e+02,6.247292039875969039e+01
6.398398398398398967e+02,6.246431081290298692e+01
6.405405405405405190e+02,6.246685995370495448e+01
6.412412412412412550e+02,6.251057688052278394e+01
6.419419419419418773e+02,6.255418492861237922e+01
6.426426426426426133e+02,6.259772184313898435e+01
6.433433433433433493e+02,6.264118766675331784e+01
6.440440440440440852e+02,6.268458244209548269e+01
6.447447447447447075e+02,6.272790621179478165e+01
6.454454454454454435e+02,6.277115901846985935e+01
6.461461461461460658e+02,6.283565821485350966e+01
6.468468468468468018e+02,6.293332076079043702e+01
6.475475475475475378e+02,6.303100696135857106e+01
6.482482482482482737e+02,6.312871672633411180e+01
6.489489489489490097e+02,6.322644996553376018e+01
6.496496496496496320e+02,6.332420658881476072e+01
6.503503503503502543e+02,6.342198650607484467e+01
6.510510510510509903e+02,6.351978962725234368e+01
6.517517517517517263e+02,6.354771185696142055e+01
6.524524524524524622e+02,6.349906512708076889e+01
6.531531531531531982e+02,6.345032171877355864e+01
6.538538538538538205e+02,6.340148175525725094e+01
6.545545545545545565e+02,6.335254535970344136e+01
6.552552552552551788e+02,6.330351265523776760e+01
6.559559559559559148e+02,6.325438376494000181e+01
6.566566566566566507e+02,6.329724294794214501e+01
6.573573573573573867e+02,6.337387531197187229e+01
6.580580580580581227e+02,6.345051838000595978e+01
6.587587587587587450e+02,6.352717208742132726e+01
6.594594594594593673e+02,6.360383636962485809e+01
6.601601601601601033e+02,6.368051116205353424e+01
6.608608608608608392e+02,6.375398454124698588e+01
6.615615615615615752e+02,6.386002569901362591e+01
6.622622622622623112e+02,6.397046746822555718e+01
6.629629629629629335e+02,6.408093676937150462e+01
6.636636636636636695e+02,6.419143347524151011e+01
6.643643643643642918e+02,6.430195745870946666e+01
6.650650650650650277e+02,6.441250859273367269e+01
6.657657657657657637e+02,6.452085365814195939e+01
6.664664664664664997e+02,6.456682159005356425e+01
6.671671671671672357e+02,6.461488884414478662e+01
6.678678678678678580e+02,6.466293301928168091e+01
6.685685685685684803e+02,6.471095377652692093e+01
6.692692692692692162e+02,6.475895138269711993e+01
6.699699699699699522e+02,6.480692585643616610e+01
6.706706706706706882e+02,6.485487718013396830e+01
6.713713713713714242e+02,6.490280533619844050e+01
6.720720720720720465e+02,6.492837004731691763e+01
6.727727727727727824e+02,6.488020627801697060e+01
6.734734734734734047e+02,6.483193476268104405e+01
6.741741741741741407e+02,6.478355566175667946e+01
6.748748748748748767e+02,6.473506913560190412e+01
6.755755755755756127e+02,6.468645688386014569e+01
6.762762762762762350e+02,6.463273756929945080e+01
6.769769769769769709e+02,6.457892550605089355e+01
6.776776776776775932e+02,6.452502580745562000e+01
6.783783783783783292e+02,6.447102903904566062e+01
6.790790790790790652e+02,6.441386178977170118e+01
6.797797797797798012e+02,6.435355261523393722e+01
6.804804804804805372e+02,6.429316601041874435e+01
6.811811811811811594e+02,6.423270213352620317e+01
6.818818818818818954e+02,6.424031413581703021e+01
6.825825825825825177e+02,6.430198123369103769e+01
6.832832832832832537e+02,6.436763850565215250e+01
6.839839839839839897e+02,6.443329118284830770e+01
6.846846846846847257e+02,6.449893921085826776e+01
6.853853853853853479e+02,6.456458253530090019e+01
6.860860860860860839e+02,6.463022110183496238e+01
6.867867867867867062e+02,6.469585485615935738e+01
6.874874874874874422e+02,6.479442360956834079e+01
6.881881881881881782e+02,6.490476158032436160e+01
6.888888888888889142e+02,6.501512401826641963e+01
6.895895895895896501e+02,6.512551079863683867e+01
6.902902902902902724e+02,6.523718965838206429e+01
6.909909909909908947e+02,6.535177985374238574e+01
6.916916916916916307e+02,6.546640836667585006e+01
6.923923923923923667e+02,6.542187700801424910e+01
6.930930930930931027e+02,6.535621801266866271e+01
6.937937937937938386e+02,6.528137990877922903e+01
6.944944944944944609e+02,6.520647460486223679e+01
6.951951951951951969e+02,6.513150220871619922e+01
6.958958958958958192e+02,6.505646282809695435e+01
6.965965965965965552e+02,6.498781741628526731e+01
6.972972972972972912e+02,6.503637844844874394e+01
6.979979979979980271e+02,6.508323132716799364e+01
6.986986986986987631e+02,6.512763575884723366e+01
6.993993993993993854e+02,6.517202593173472280e+01
7.001001001001000077e+02,6.521640181895566002e+01
7.008008008008007437e+02,6.526076339365815215e+01
7.015015015015014797e+02,6.530511062901297237e+01
7.022022022022022156e+02,6.536570529350808556e+01
7.029029029029029516e+02,6.548116526755578093e+01
7.036036036036035739e+02,6.559663487450092134e+01
7.043043043043043099e+02,6.571211400385863044e+01
7.050050050050049322e+02,6.582760254522052890e+01
7.057057057057056682e+02,6.594526381240342516e+01
7.064064064064064041e+02,6.603174411599665916e+01
7.071071071071071401e+02,6.605771620960992152e+01
7.078078078078078761e+02,6.607545248376550262e+01
7.085085085085084984e+02,6.608864738185089038e+01
7.092092092092091207e+02,6.610182821501591377e+01
7.099099099099098567e+02,6.611499498124980789e+01
7.106106106106105926e+02,6.612814767854528952e+01
7.113113113113113286e+02,6.614128630489835814e+01
7.120120120120120646e+02,6.615374490931118601e+01
7.127127127127126869e+02,6.616560768332956854e+01
7.134134134134134229e+02,6.618007582567526015e+01
7.141141141141140452e+02,6.619611756446451523e+01
7.148148148148147811e+02,6.621142020936940753e+01
7.155155155155155171e+02,6.622399073085678367e+01
7.162162162162162531e+02,6.623654597164065194e+01
7.169169169169168754e+02,6.624908592852067102e+01
7.176176176176176114e+02,6.626161059829995281e+01
7.183183183183182337e+02,6.625015696820713629e+01
7.190190190190189696e+02,6.623006496203352356e+01
7.197197197197197056e+02,6.620995474538874248e+01
7.204204204204204416e+02,6.618982633890176714e+01
7.211211211211211776e+02,6.616661865173824708e+01
7.218218218218217999e+02,6.614225167822155527e+01
7.225225225225224222e+02,6.611786945392867665e+01
7.232232232232231581e+02,6.609347200261221644e+01
7.239239239239238941e+02,6.599577341677964171e+01
7.246246246246246301e+02,6.589137051064791706e+01
7.253253253253253661e+02,6.578694414440025184e+01
7.260260260260259884e+02,6.568249441478943140e+01
7.267267267267267243e+02,6.557802141851954048e+01
7.274274274274273466e+02,6.547866252263195008e+01
7.281281281281280826e+02,6.545703499467315112e+01
7.288288288288288186e+02,6.543924383726358940e+01
7.295295295295295546e+02,6.542219473533950236e+01
7.302302302302302905e+02,6.540512354989412813e+01
7.309309309309309128e+02,6.538803030347970946e+01
7.316316316316315351e+02,6.537091501864482268e+01
7.323323323323322711e+02,6.535377771793463353e+01
7.330330330330330071e+02,6.536414684873889769e+01
7.337337337337337431e+02,6.545975876264687088e+01
7.344344344344344790e+02,6.555536908318711653e+01
7.351351351351351013e+02,6.565096444677195109e+01
7.358358358358358373e+02,6.574610805349905718e+01
7.365365365365364596e+02,6.584124852461773969e+01
7.372372372372371956e+02,6.593638579077922657e+01
7.379379379379379316e+02,6.597686695480051355e+01
7.386386386386386675e+02,6.594004255627325506e+01
7.393393393393394035e+02,6.590322566981360808e+01
7.400400400400400258e+02,6.586641629953111021e+01
7.407407407407406481e+02,6.582961444953355112e+01
7.414414414414413841e+02,6.579282012392714307e+01
7.421421421421421201e+02,6.575603332681644986e+01
7.428428428428428560e+02,6.571981912878642618e+01
7.435435435435435920e+02,6.568721954591350709e+01
7.442442442442442143e+02,6.565462096960568772e+01
7.449449449449449503e+02,6.562202406210725769e+01
7.456456456456455726e+02,6.558943016888197519e+01
7.463463463463463086e+02,6.555683929524145981e+01
7.470470470470470445e+02,6.552425144649667743e+01
7.477477477477477805e+02,6.549166662795832394e+01
7.484484484484484028e+02,6.545908484493646995e+01
7.491491491491491388e+02,6.542650610274077394e+01
7.498498498498497611e+02,6.539393040668041124e+01
7.505505505505504971e+02,6.543853934527439264e+01
7.512512512512512330e+02,6.549930889687435354e+01
7.519519519519519690e+02,6.556003875951820703e+01
7.526526526526527050e+02,6.562019196033975277e+01
7.533533533533533273e+02,6.568026466336441160e+01
7.540540540540540633e+02,6.574029634690828061e+01
7.547547547547546856e+02,6.580028700294033683e+01
7.554554554554554215e+02,6.579637208941495885e+01
7.561561561561561575e+02,6.578936814828296065e+01
7.568568568568568935e+02,6.578034298024411441e+01
7.575575575575575158e+02,6.576595602600082202e+01
7.582582582582582518e+02,6.575130318084467262e+01
7.589589589589588741e+02,6.573664611394541168e+01
7.596596596596596100e+02,6.572198482735677771e+01
7.603603603603603460e+02,6.570731932313319135e+01
7.610610610610610820e+02,6.569111571631964352e+01
7.617617617617618180e+02,6.566649980792452368e+01
7.624624624624624403e+02,6.564188698842042413e+01
7.631631631631630626e+02,6.561727725862905913e+01
7.638638638638637985e+02,6.559267061937234189e+01
7.645645645645645345e+02,6.556806707147211455e+01
7.652652652652652705e+02,6.554120778120110913e+01
7.659659659659660065e+02,6.551245079533626381e+01
7.666666666666666288e+02,6.548370033479152141e+01
7.673673673673673647e+02,6.545849828622364441e+01
7.680680680680679870e+02,6.543966771611596300e+01
7.687687687687687230e+02,6.542083512131844714e+01
7.694694694694694590e+02,6.540200050445784541e+01
7.701701701701701950e+02,6.538316386816097747e+01
7.708708708708709310e+02,6.536432521505453508e+01
7.715715715715715532e+02,6.534548454776529525e+01
7.722722722722721755e+02,6.532664186892004921e+01
7.729729729729729115e+02,6.529391249153040633e+01
7.736736736736736475e+02,6.520378792087119280e+01
7.743743743743743835e+02,6.507671734822666565e+01
7.750750750750751195e+02,6.494979057783957899e+01
7.757757757757757417e+02,6.482300752561791057e+01
7.764764764764764777e+02,6.469636810748031053e+01
7.771771771771771000e+02,6.456987223935649922e+01
7.778778778778778360e+02,6.439586705701579206e+01
7.785785785785785720e+02,6.420172963548208145e+01
7.792792792792793080e+02,6.400784514525203406e+01
7.799799799799800439e+02,6.381421342783192330e+01
7.806806806806806662e+02,6.361779253938604484e+01
7.813813813813812885e+02,6.355493809518604564e+01
7.820820820820820245e+02,6.352106632794860275e+01
7.827827827827827605e+02,6.348718717741574835e+01
7.834834834834834965e+02,6.345330066630049259e+01
7.841841841841842324e+02,6.342198894275574617e+01
7.848848848848848547e+02,6.339790761982173706e+01
7.855855855855855907e+02,6.337381351562913068e+01
7.862862862862862130e+02,6.334972834214016757e+01
7.869869869869869490e+02,6.337581181898151073e+01
7.876876876876876850e+02,6.338607161588286942e+01
7.883883883883884209e+02,6.339620923269426811e+01
7.890890890890890432e+02,6.340622476394879214e+01
7.897897897897897792e+02,6.341611830415406814e+01
7.904904904904904015e+02,6.342588994779224976e+01
7.911911911911911375e+02,6.342290526452251243e+01
7.918918918918918735e+02,6.334837041827946535e+01
7.925925925925926094e+02,6.327388473418146475e+01
7.932932932932933454e+02,6.319944819305320749e+01
7.939939939939939677e+02,6.312506077572282948e+01
7.946946946946947037e+02,6.305072246302195538e+01
7.953953953953953260e+02,6.297643323578581942e+01
7.960960960960960620e+02,6.289833926621199112e+01
7.967967967967967979e+02,6.282016355901311044e+01
7.974974974974975339e+02,6.272249536898737432e+01
7.981981981981981562e+02,6.258938856920352123e+01
7.988988988988988922e+02,6.245645977835576446e+01
7.995995995995995145e+02,6.232370887032657691e+01
8.003003003003002505e+02,6.219113571904808424e+01
8.010010010010009864e+02,6.205874019850254797e+01
8.017017017017017224e+02,6.191481268393066273e+01
8.024024024024024584e+02,6.176668170313426032e+01
8.031031031031030807e+02,6.168688170204143262e+01
8.038038038038037030e+02,6.166788928636947276e+01
8.045045045045044390e+02,6.164877857876248868e+01
8.052052052052051749e+02,6.162954968117468013e+01
8.059059059059059109e+02,6.161020269553154804e+01
8.066066066066066469e+02,6.159073772373003663e+01
8.073073073073072692e+02,6.157115486763855472e+01
8.080080080080080052e+02,6.153889448006484031e+01
8.087087087087086275e+02,6.150100786006650111e+01
8.094094094094093634e+02,6.146305049334288384e+01
8.101101101101100994e+02,6.142502244867056049e+01
8.108108108108108354e+02,6.138539314607768205e+01
8.115115115115115714e+02,6.133856826360173642e+01
8.122122122122121937e+02,6.129168472012048596e+01
8.129129129129129296e+02,6.124474261212896664e+01
8.136136136136135519e+02,6.117757690776255686e+01
8.143143143143142879e+02,6.107977136043024302e+01
8.150150150150150239e+02,6.096091426013218495e+01
8.157157157157156462e+02,6.084207809562546032e+01
8.164164164164163822e+02,6.072326291045301616e+01
8.171171171171171181e+02,6.060446874811697882e+01
8.178178178178178541e+02,6.048744351570137923e+01
8.185185185185184764e+02,6.037337496494825473e+01
8.192192192192192124e+02,6.025734388666850094e+01
8.199199199199199484e+02,6.011478297818116090e+01
8.206206206206205707e+02,5.997235030954308854e+01
8.213213213213213066e+02,5.983004581051341120e+01
8.220220220220220426e+02,5.968786941087515174e+01
8.227227227227226649e+02,5.954582104043502255e+01
8.234234234234234009e+02,5.940390062902359603e+01
8.241241241241241369e+02,5.927525693940231122e+01
8.248248248248247592e+02,5.914995382534535651e+01
8.255255255255254951e+02,5.903232979848034034e+01
8.262262262262262311e+02,5.891477884516754671e+01
8.269269269269268534e+02,5.880927410160708035e+01
8.276276276276275894e+02,5.872406984758558224e+01
8.283283283283283254e+02,5.863882770049882964e+01
8.290290290290290613e+02,5.855354765950519891e+01
8.297297297297296836e+02,5.846822972376484273e+01
8.304304304304304196e+02,5.834275678563639644e+01
8.311311311311311556e+02,5.816430147139980278e+01
8.318318318318317779e+02,5.798607976741472214e+01
8.325325325325325139e+02,5.780809186078007400e+01
8.332332332332332498e+02,5.762580115940896519e+01
8.339339339339338721e+02,5.743455917787220244e+01
8.346346346346346081e+02,5.724360342472058250e+01
8.353353353353353441e+02,5.705293067722077183e+01
8.360360360360359664e+02,5.686253151027133157e+01
8.367367367367367024e+02,5.667240613798576732e+01
8.374374374374374383e+02,5.648255477449208684e+01
8.381381381381381743e+02,5.629297763393257270e+01
8.388388388388387966e+02,5.618798528745912080e+01
8.395395395395395326e+02,5.611609277379830729e+01
8.402402402402402686e+02,5.604406725548919610e+01
8.409409409409408909e+02,5.597163610308787440e+01
8.416416416416416268e+02,5.589894977785285590e+01
8.423423423423423628e+02,5.582613127947707454e+01
8.430430430430429851e+02,5.574346088846147040e+01
8.437437437437437211e+02,5.565668796388285955e+01
8.444444444444444571e+02,5.556976487076639160e+01
8.451451451451450794e+02,5.552961733963394408e+01
8.458458458458458153e+02,5.549339979881572305e+01
8.465465465465465513e+02,5.545682434297264507e+01
8.472472472472471736e+02,5.541989077176726397e+01
8.479479479479479096e+02,5.537983138662372085e+01
8.486486486486486456e+02,5.533517499194974221e+01
8.493493493493493816e+02,5.520548788888590508e+01
8.500500500500500038e+02,5.507582041410212526e+01
8.507507507507507398e+02,5.494617259980743285e+01
8.514514514514514758e+02,5.481654447820628917e+01
8.521521521521520981e+02,5.468616835264230502e+01
8.528528528528528341e+02,5.453469119336675419e+01
8.535535535535535701e+02,5.432176884881791779e+01
8.542542542542541923e+02,5.410921288137922858e+01
8.549549549549549283e+02,5.389702348238737528e+01
8.556556556556556643e+02,5.369195700825893880e+01
8.563563563563562866e+02,5.348727361386762880e+01
8.570570570570570226e+02,5.331785244399998902e+01
8.577577577577577586e+02,5.322133344889654438e+01
8.584584584584583808e+02,5.312465500551500952e+01
8.591591591591591168e+02,5.302781702032801547e+01
8.598598598598598528e+02,5.293081939978644357e+01
8.605605605605605888e+02,5.284997590261133382e+01
8.612612612612612111e+02,5.277464305892297602e+01
8.619619619619619471e+02,5.268039968964718156e+01
8.626626626626626830e+02,5.256542015225801379e+01
8.633633633633633053e+02,5.244744201295618780e+01
8.640640640640640413e+02,5.233355998105569995e+01
8.647647647647647773e+02,5.232831711682833742e+01
8.654654654654653996e+02,5.237410516707419106e+01
8.661661661661661356e+02,5.241947247506896446e+01
8.668668668668668715e+02,5.246441767655343114e+01
8.675675675675674938e+02,5.250893940603781118e+01
8.682682682682682298e+02,5.250584358779450156e+01
8.689689689689689658e+02,5.247962145529713496e+01
8.696696696696697018e+02,5.245312233515663536e+01
8.703703703703703241e+02,5.242700916362150565e+01
8.710710710710710600e+02,5.240327750018732900e+01
8.717717717717717960e+02,5.237926543344012487e+01
8.724724724724724183e+02,5.235497237675138393e+01
8.731731731731731543e+02,5.229308806081296268e+01
8.738738738738738903e+02,5.222325750240774056e+01
8.745745745745745126e+02,5.215323967696478036e+01
8.752752752752752485e+02,5.208303456137387855e+01
8.759759759759759845e+02,5.201264213275962334e+01
8.766766766766766068e+02,5.161723073462950140e+01
8.773773773773773428e+02,5.120195936650634394e+01
8.780780780780780788e+02,5.042465832025548877e+01
8.787787787787787011e+02,4.958333054767103221e+01
8.794794794794794370e+02,4.787010538155194439e+01
8.801801801801801730e+02,4.614063054720951129e+01
8.808808808808809090e+02,4.440819869987994650e+01
8.815815815815815313e+02,4.268263449623586325e+01
8.822822822822822673e+02,4.043221244606726117e+01
8.829829829829830032e+02,3.710715406426852780e+01
8.836836836836836255e+02,3.379612398285225794e+01
8.843843843843843615e+02,3.049916719806925869e+01
8.850850850850850975e+02,2.721632874612361519e+01
8.857857857857857198e+02,2.394765370317102793e+01
8.864864864864864558e+02,2.069318718531728152e+01
8.871871871871871917e+02,1.836141388504231742e+01
8.878878878878878140e+02,1.615610862937903391e+01
8.885885885885885500e+02,1.396376249462263353e+01
8.892892892892892860e+02,1.178441422754624490e+01
8.899899899899900220e+02,9.618102608651019736e+00
8.906906906906906443e+02,7.464866452166848632e+00
8.913913913913913802e+02,5.324744606050964890e+00
8.920920920920921162e+02,3.719755625849586966e+00
8.927927927927927385e+02,3.022533908407921022e+00
8.934934934934934745e+02,2.329607523444092276e+00
8.941941941941942105e+02,1.640989935249146159e+00
8.948948948948948328e+02,1.198905240165306640e+00
8.955955955955955687e+02,9.935199043022137078e-01
8.962962962962963047e+02,7.894226582807812864e-01
8.969969969969969270e+02,6.180823466176851300e-01
8.976976976976976630e+02,4.698106328212361404e-01
8.983983983983983990e+02,3.224899386522470102e-01
8.990990990990990213e+02,1.761230463753570008e-01
8.997997997997997572e+02,3.071274065290724095e-02
9.005005005005004932e+02,0.000000000000000000e+00
9.012012012012012292e+02,0.000000000000000000e+00
9.019019019019018515e+02,0.000000000000000000e+00
9.026026026026025875e+02,0.000000000000000000e+00
9.033033033033033234e+02,0.000000000000000000e+00
9.040040040040039457e+02,0.000000000000000000e+00
9.047047047047046817e+02,0.000000000000000000e+00
9.054054054054054177e+02,0.000000000000000000e+00
9.061061061061060400e+02,0.000000000000000000e+00
9.068068068068067760e+02,0.000000000000000000e+00
9.075075075075075119e+02,0.000000000000000000e+00
9.082082082082081342e+02,0.000000000000000000e+00
9.089089089089088702e+02,0.000000000000000000e+00
9.096096096096096062e+02,0.000000000000000000e+00
9.103103103103103422e+02,0.000000000000000000e+00
9.110110110110109645e+02,0.000000000000000000e+00
9.117117117117117004e+02,0.000000000000000000e+00
9.124124124124124364e+02,0.000000000000000000e+00
9.131131131131130587e+02,0.000000000000000000e+00
9.138138138138137947e+02,0.000000000000000000e+00
9.145145145145145307e+02,0.000000000000000000e+00
9.152152152152151530e+02,0.000000000000000000e+00
9.159159159159158889e+02,0.000000000000000000e+00
9.166166166166166249e+02,0.000000000000000000e+00
9.173173173173172472e+02,0.000000000000000000e+00
9.180180180180179832e+02,0.000000000000000000e+00
9.187187187187187192e+02,0.000000000000000000e+00
9.194194194194193415e+02,0.000000000000000000e+00
9.201201201201200774e+02,0.000000000000000000e+00
9.208208208208208134e+02,0.000000000000000000e+00
9.215215215215215494e+02,0.000000000000000000e+00
9.222222222222221717e+02,0.000000000000000000e+00
9.229229229229229077e+02,0.000000000000000000e+00
9.236236236236236437e+02,0.000000000000000000e+00
9.243243243243242659e+02,0.000000000000000000e+00
9.250250250250250019e+02,0.000000000000000000e+00
9.257257257257257379e+02,0.000000000000000000e+00
9.264264264264263602e+02,0.000000000000000000e+00
9.271271271271270962e+02,0.000000000000000000e+00
9.278278278278278322e+02,0.000000000000000000e+00
9.285285285285284544e+02,0.000000000000000000e+00
9.292292292292291904e+02,0.000000000000000000e+00
9.299299299299299264e+02,0.000000000000000000e+00
9.306306306306306624e+02,0.000000000000000000e+00
9.313313313313312847e+02,0.000000000000000000e+00
9.320320320320320207e+02,0.000000000000000000e+00
9.327327327327327566e+02,0.000000000000000000e+00
9.334334334334333789e+02,0.000000000000000000e+00
9.341341341341341149e+02,0.000000000000000000e+00
9.348348348348348509e+02,0.000000000000000000e+00
9.355355355355354732e+02,0.000000000000000000e+00
9.362362362362362092e+02,0.000000000000000000e+00
9.369369369369369451e+02,0.000000000000000000e+00
9.376376376376375674e+02,0.000000000000000000e+00
9.383383383383383034e+02,0.000000000000000000e+00
9.390390390390390394e+02,0.000000000000000000e+00
9.397397397397396617e+02,0.000000000000000000e+00
9.404404404404403977e+02,0.000000000000000000e+00
9.411411411411411336e+02,0.000000000000000000e+00
9.418418418418418696e+02,0.000000000000000000e+00
9.425425425425424919e+02,0.000000000000000000e+00
9.432432432432432279e+02,0.000000000000000000e+00
9.439439439439439639e+02,0.000000000000000000e+00
9.446446446446445862e+02,0.000000000000000000e+00
9.453453453453453221e+02,0.000000000000000000e+00
9.460460460460460581e+02,0.000000000000000000e+00
9.467467467467466804e+02,0.000000000000000000e+00
9.474474474474474164e+02,0.000000000000000000e+00
9.481481481481481524e+02,0.000000000000000000e+00
9.488488488488487747e+02,0.000000000000000000e+00
9.495495495495495106e+02,0.000000000000000000e+00
9.502502502502502466e+02,0.000000000000000000e+00
9.509509509509509826e+02,0.000000000000000000e+00
9.516516516516516049e+02,0.000000000000000000e+00
9.523523523523523409e+02,0.000000000000000000e+00
9.530530530530530768e+02,0.000000000000000000e+00
9.537537537537536991e+02,0.000000000000000000e+00
9.544544544544544351e+02,0.000000000000000000e+00
9.551551551551551711e+02,0.000000000000000000e+00
9.558558558558557934e+02,0.000000000000000000e+00
9.565565565565565294e+02,0.000000000000000000e+00
9.572572572572572653e+02,0.000000000000000000e+00
9.579579579579578876e+02,0.000000000000000000e+00
9.586586586586586236e+02,0.000000000000000000e+00
9.593593593593593596e+02,0.000000000000000000e+00
9.600600600600599819e+02,0.000000000000000000e+00
9.607607607607607179e+02,0.000000000000000000e+00
9.614614614614614538e+02,0.000000000000000000e+00
9.621621621621621898e+02,0.000000000000000000e+00
9.628628628628628121e+02,0.000000000000000000e+00
9.635635635635635481e+02,0.000000000000000000e+00
9.642642642642642841e+02,0.000000000000000000e+00
9.649649649649649064e+02,0.000000000000000000e+00
9.656656656656656423e+02,0.000000000000000000e+00
9.663663663663663783e+02,0.000000000000000000e+00
9.670670670670670006e+02,0.000000000000000000e+00
9.677677677677677366e+02,0.000000000000000000e+00
9.684684684684684726e+02,0.000000000000000000e+00
9.691691691691690949e+02,0.000000000000000000e+00
9.698698698698698308e+02,0.000000000000000000e+00
9.705705705705705668e+02,0.000000000000000000e+00
9.712712712712711891e+02,0.000000000000000000e+00
9.719719719719719251e+02,0.000000000000000000e+00
9.726726726726726611e+02,0.000000000000000000e+00
9.733733733733733970e+02,0.000000000000000000e+00
9.740740740740740193e+02,0.000000000000000000e+00
9.747747747747747553e+02,0.000000000000000000e+00
9.754754754754754913e+02,0.000000000000000000e+00
9.761761761761761136e+02,0.000000000000000000e+00
9.768768768768768496e+02,0.000000000000000000e+00
9.775775775775775855e+02,0.000000000000000000e+00
9.782782782782782078e+02,0.000000000000000000e+00
9.789789789789789438e+02,0.000000000000000000e+00
9.796796796796796798e+02,0.000000000000000000e+00
9.803803803803803021e+02,0.000000000000000000e+00
9.810810810810810381e+02,0.000000000000000000e+00
9.817817817817817740e+02,0.000000000000000000e+00
9.824824824824825100e+02,0.000000000000000000e+00
9.831831831831831323e+02,0.000000000000000000e+00
9.838838838838838683e+02,0.000000000000000000e+00
9.845845845845846043e+02,0.000000000000000000e+00
9.852852852852852266e+02,0.000000000000000000e+00
9.859859859859859625e+02,0.000000000000000000e+00
9.866866866866866985e+02,0.000000000000000000e+00
9.873873873873873208e+02,0.000000000000000000e+00
9.880880880880880568e+02,0.000000000000000000e+00
9.887887887887887928e+02,0.000000000000000000e+00
9.894894894894894151e+02,0.000000000000000000e+00
9.901901901901901510e+02,0.000000000000000000e+00
9.908908908908908870e+02,0.000000000000000000e+00
9.915915915915915093e+02,0.000000000000000000e+00
9.922922922922922453e+02,0.000000000000000000e+00
9.929929929929929813e+02,0.000000000000000000e+00
9.936936936936937173e+02,0.000000000000000000e+00
9.943943943943943395e+02,0.000000000000000000e+00
9.950950950950950755e+02,0.000000000000000000e+00
9.957957957957958115e+02,0.000000000000000000e+00
9.964964964964964338e+02,0.000000000000000000e+00
9.971971971971971698e+02,0.000000000000000000e+00
9.978978978978979058e+02,0.000000000000000000e+00
9.985985985985985280e+02,0.000000000000000000e+00
9.992992992992992640e+02,0.000000000000000000e+00
1.000000000000000000e+03,0.000000000000000000e+00
